run_id,edge_id,seed,policy,sim_time_s,slowdown_now,slowdown_mean_30,slowdown_mean_60,slowdown_mean_120,slowdown_slope_60,distinct_probes_60s,sample_age_sim_s,fixed_queue_ratio,history_span_s,fresh_fraction_60,data_source,label_step_s,forecast_eligible,fresh_probes,target_120,target_180,target_300
run.fixture.fixed.100,edge.market,100,fixed,0.0,0.1133826233944106,0.1133826233944106,0.1133826233944106,0.1133826233944106,0.0,2,0.0,,0.0,1.0,fixture,5,False,2,0.09999999999999999,0.09999999999999999,0.45524999999999993
run.fixture.fixed.100,edge.market,100,fixed,5.0,0.0947823875432891,0.10408250546884985,0.10408250546884985,0.10408250546884985,-0.003720047170224298,2,0.0,,5.0,1.0,fixture,5,False,2,0.09999999999999999,0.09999999999999999,0.47274999999999995
run.fixture.fixed.100,edge.market,100,fixed,10.0,0.1221558040714004,0.1101069383363667,0.1101069383363667,0.1101069383363667,0.0008773180676989858,2,0.0,,10.0,1.0,fixture,5,False,2,0.09999999999999999,0.10233333333333333,0.49025
run.fixture.fixed.100,edge.market,100,fixed,15.0,0.1181254507220082,0.11211156643277707,0.11211156643277707,0.11211156643277707,0.0008320379702180879,2,0.0,,15.0,1.0,fixture,5,False,2,0.09999999999999999,0.10758333333333332,0.50775
run.fixture.fixed.100,edge.market,100,fixed,20.0,0.1418414954263374,0.11805755223148914,0.11805755223148914,0.11805755223148914,0.0016052161448514583,2,0.0,,20.0,1.0,fixture,5,False,2,0.09999999999999999,0.11574999999999998,0.5252500000000001
run.fixture.fixed.100,edge.market,100,fixed,25.0,0.0929464757545958,0.11387237281867359,0.11387237281867359,0.11387237281867359,0.0001998070405753078,2,0.0,,25.0,1.0,fixture,5,False,2,0.09999999999999999,0.12683333333333333,0.54275
run.fixture.fixed.100,edge.market,100,fixed,30.0,0.105203185201803,0.11263391744483495,0.11263391744483495,0.11263391744483495,-6.0888905716232255e-05,2,0.0,,30.0,1.0,fixture,5,False,2,0.09999999999999999,0.14083333333333334,0.5602499999999999
run.fixture.fixed.100,edge.market,100,fixed,35.0,0.0954557094112432,0.11007292973295388,0.11048664144063597,0.11048664144063597,-0.000326896071037345,2,0.0,,35.0,1.0,fixture,5,False,2,0.09999999999999999,0.15775,0.57775
run.fixture.fixed.100,edge.market,100,fixed,40.0,0.1056866429500704,0.11163068050535119,0.10995330827501756,0.10995330827501756,-0.0002928272296003529,2,0.0,,40.0,1.0,fixture,5,False,2,0.09999999999999999,0.17525000000000002,0.59525
run.fixture.fixed.100,edge.market,100,fixed,45.0,0.0634552538222038,0.10324488761260883,0.10530350282973619,0.10530350282973619,-0.0007202167610127727,2,0.0,,45.0,1.0,fixture,5,False,2,0.09999999999999999,0.19275,0.61275
run.fixture.fixed.100,edge.market,100,fixed,50.0,0.0795429176114496,0.09773309716824331,0.1029616314462556,0.1029616314462556,-0.0007743497091076369,2,0.0,,50.0,1.0,fixture,5,False,2,0.09999999999999999,0.21025000000000002,0.6302500000000001
run.fixture.fixed.100,edge.market,100,fixed,55.0,0.1103282336862363,0.09323120263394316,0.103575514966254,0.103575514966254,-0.0005389874513137162,2,0.0,,55.0,1.0,fixture,5,False,2,0.09999999999999999,0.22775,0.6477499999999999
run.fixture.fixed.100,edge.market,100,fixed,60.0,0.1138814117625667,0.09622190777793901,0.10436827625827805,0.10436827625827805,-0.00035553917243014437,2,0.0,,60.0,1.0,fixture,5,True,2,0.09999999999999999,0.24525,0.66525
run.fixture.fixed.100,edge.market,100,fixed,65.0,0.0983145041250347,0.09523781048125782,0.10320919016063372,0.10393586396304637,-0.0003261130217120468,2,0.0,,65.0,1.0,fixture,5,True,2,0.09999999999999999,0.26275,0.68275
run.fixture.fixed.100,edge.market,100,fixed,70.0,0.1006419814792363,0.09597870649097111,0.10365992815570658,0.10371627179745904,-0.0004078612309535819,2,0.0,,70.0,1.0,fixture,5,True,2,0.10233333333333333,0.28025,0.70025
run.fixture.fixed.100,edge.market,100,fixed,75.0,0.0900941870880747,0.09375121279640031,0.10119364992622001,0.10286489150312252,-0.0003550297089710923,2,0.0,,75.0,1.0,fixture,5,True,2,0.10758333333333332,0.29775,0.7177500000000001
run.fixture.fixed.100,edge.market,100,fixed,80.0,0.107771588281898,0.10008211771921376,0.10039719896928845,0.10315352072540342,-0.00018141406533968044,2,0.0,,80.0,1.0,fixture,5,True,2,0.11574999999999998,0.31525,0.7352500000000001
run.fixture.fixed.100,edge.market,100,fixed,85.0,0.0975270765980031,0.1026512832887214,0.09698839752095505,0.10284094049610341,0.00011846433133244122,2,0.0,,85.0,1.0,fixture,5,True,2,0.12683333333333333,0.33275,0.7527499999999999
run.fixture.fixed.100,edge.market,100,fixed,90.0,0.0880107261220539,0.09946306792240962,0.09660872447229799,0.10206040289746923,2.8179187642416967e-05,2,0.0,,90.0,1.0,fixture,5,True,2,0.14083333333333334,0.35025,0.7702499999999999
run.fixture.fixed.100,edge.market,100,fixed,95.0,0.0832920749448534,0.09509316266273629,0.09492325445253262,0.10112198649983843,6.4883392268874915e-06,2,0.0,,95.0,1.0,fixture,5,True,2,0.15775,0.36774999999999997,0.78775
run.fixture.fixed.100,edge.market,100,fixed,100.0,0.0910848837467614,0.0940603597515544,0.09458703709372634,0.10064402922588239,-1.4723792117786266e-05,2,0.0,,100.0,1.0,fixture,5,True,2,0.17525000000000002,0.38525000000000004,0.80525
run.fixture.fixed.100,edge.market,100,fixed,105.0,0.1310009795866158,0.09839735948118004,0.09653429375807598,0.10202389060591571,0.00031074971991709797,2,0.0,,105.0,1.0,fixture,5,True,2,0.19275,0.40275,0.8227500000000001
run.fixture.fixed.100,edge.market,100,fixed,110.0,0.1147670210297198,0.10192205004427221,0.10048135277403876,0.10257793975477676,0.00017651135077287572,2,0.0,,110.0,1.0,fixture,5,True,2,0.21025000000000002,0.42025,0.84025
run.fixture.fixed.100,edge.market,100,fixed,115.0,0.1382405826299951,0.10627476352257179,0.10499655777546531,0.10406388320791086,0.0002644084200010231,2,0.0,,115.0,1.0,fixture,5,True,2,0.22775,0.43775000000000003,0.8575
run.fixture.fixed.100,edge.market,100,fixed,120.0,0.1159306371083654,0.10890384359548069,0.10542751188485987,0.10453855336392903,0.000377514142388712,2,0.0,,120.0,1.0,fixture,5,True,2,0.24525,0.45524999999999993,0.8718333333333335
run.fixture.fixed.100,edge.market,100,fixed,125.0,0.0838801926106379,0.10831376737956412,0.10311972579624995,0.10335845613257813,0.0003004739044751036,2,0.0,,120.0,1.0,fixture,5,True,2,0.26275,0.47274999999999995,0.88325
run.fixture.fixed.100,edge.market,100,fixed,130.0,0.102236944520887,0.1110201773189975,0.10342145198054631,0.10365663841168204,0.0002576901249688564,2,0.0,,120.0,1.0,fixture,5,True,2,0.28025,0.49025,0.89175
run.fixture.fixed.100,edge.market,100,fixed,135.0,0.1255633176481077,0.11594566787633268,0.10533847783969025,0.10379293895475034,0.0003822999057339111,2,0.0,,120.0,1.0,fixture,5,True,2,0.29775,0.50775,0.8973333333333334
run.fixture.fixed.100,edge.market,100,fixed,140.0,0.0842298197993564,0.1092640736210099,0.104887372663635,0.10243711371784428,0.0001258581656203795,2,0.0,,120.0,1.0,fixture,5,True,2,0.31525,0.5252500000000001,0.9
run.fixture.fixed.100,edge.market,100,fixed,145.0,0.0603337143241649,0.10148788694878777,0.10123830543611707,0.09917680247375739,-0.000145715945048828,2,0.0,,120.0,1.0,fixture,5,True,2,0.33275,0.54275,0.9
run.fixture.fixed.100,edge.market,100,fixed,150.0,0.1195578893594309,0.09881893076727859,0.10293298334084226,0.10024125901795078,-5.3475393759723055e-05,2,0.0,,120.0,1.0,fixture,5,True,2,0.35025,0.5602499999999999,0.9
run.fixture.fixed.100,edge.market,100,fixed,155.0,0.1041862731548537,0.0971411644882055,0.10417725618951919,0.10020058253607282,-0.00015999853842725057,2,0.0,,120.0,1.0,fixture,5,True,2,0.36774999999999997,0.57775,0.9
run.fixture.fixed.100,edge.market,100,fixed,160.0,0.1073836442461813,0.10049880043614026,0.10603045382808288,0.10067769992947033,-0.00029951275861701777,2,0.0,,120.0,1.0,fixture,5,True,2,0.38525000000000004,0.59525,0.9
run.fixture.fixed.100,edge.market,100,fixed,165.0,0.1142387625075977,0.1022133458628132,0.10781152142507028,0.10101978471177142,-0.00036035796575126147,2,0.0,,120.0,1.0,fixture,5,True,2,0.40275,0.61275,0.9
run.fixture.fixed.100,edge.market,100,fixed,170.0,0.0838472117497394,0.09625390216304633,0.10418430851454132,0.10183546302887285,-0.00033998395577452157,2,0.0,,120.0,1.0,fixture,5,True,2,0.42025,0.6302500000000001,0.9
run.fixture.fixed.100,edge.market,100,fixed,175.0,0.1059051196688034,0.09935037357296735,0.10350262379447085,0.102889951111167,-0.00024723246727801306,2,0.0,,120.0,1.0,fixture,5,True,2,0.43775000000000003,0.6477499999999999,0.896
run.fixture.fixed.100,edge.market,100,fixed,180.0,0.1010307528790452,0.10516423622366448,0.10064032919824392,0.10251805187887936,3.6845506957408606e-06,2,0.0,,120.0,1.0,fixture,5,True,2,0.45524999999999993,0.66525,0.8853333333333334
run.fixture.fixed.100,edge.market,100,fixed,185.0,0.10209868904813,0.10267006475062153,0.09957633319361042,0.10204674297030188,0.0001309178633003204,2,0.0,,120.0,1.0,fixture,5,True,2,0.47274999999999995,0.68275,0.868
run.fixture.fixed.100,edge.market,100,fixed,190.0,0.1109802295024374,0.10364062994313349,0.10166095141605654,0.102553371985398,8.53688454675219e-05,2,0.0,,120.0,1.0,fixture,5,True,2,0.49025,0.70025,0.844
run.fixture.fixed.100,edge.market,100,fixed,195.0,0.1148460324414749,0.104706685399604,0.10263088125610174,0.10312153402388753,0.00017673416182611978,2,0.0,,120.0,1.0,fixture,5,True,2,0.50775,0.7177500000000001,0.8133333333333334
run.fixture.fixed.100,edge.market,100,fixed,200.0,0.1400917567828049,0.10839997029606217,0.1037484534972323,0.10512143681167674,0.0006001323023802523,2,0.0,,120.0,1.0,fixture,5,True,2,0.5252500000000001,0.7352500000000001,0.7760000000000001
run.fixture.fixed.100,edge.market,100,fixed,205.0,0.1734550255362033,0.12120108655127128,0.11061193086160515,0.10774877430184894,0.0009095927379282692,2,0.0,,120.0,1.0,fixture,5,True,2,0.54275,0.7527499999999999,0.7360000000000001
run.fixture.fixed.100,edge.market,100,fixed,210.0,0.1646375153802951,0.12959142879577012,0.11863530017361515,0.11043319185314066,0.0008790498712799799,2,0.0,,120.0,1.0,fixture,5,True,2,0.5602499999999999,0.7702499999999999,0.6960000000000002
run.fixture.fixed.100,edge.market,100,fixed,215.0,0.2115331364615088,0.1453774835932649,0.1257103191814673,0.11537408826671883,0.0014986599174646742,2,0.0,,120.0,1.0,fixture,5,True,2,0.57775,0.78775,0.6560000000000001
run.fixture.fixed.100,edge.market,100,fixed,220.0,0.2037794541246385,0.1599033071756233,0.13337133310221996,0.12019358343391023,0.0018478318817204242,2,0.0,,120.0,1.0,fixture,5,True,2,0.59525,0.80525,0.6160000000000001
run.fixture.fixed.100,edge.market,100,fixed,225.0,0.2347907151117944,0.1775905194055314,0.14317187701495945,0.12594181668851154,0.002316625804868968,2,0.0,,120.0,1.0,fixture,5,True,2,0.61275,0.8227500000000001,0.5760000000000001
run.fixture.fixed.100,edge.market,100,fixed,230.0,0.2418097473860857,0.19572819296904723,0.15298502969792005,0.13037416740049035,0.0027444229704461386,2,0.0,,120.0,1.0,fixture,5,True,2,0.6302500000000001,0.84025,0.536
run.fixture.fixed.100,edge.market,100,fixed,235.0,0.2762041343143202,0.2151728183306923,0.16778171604904168,0.13683165193187438,0.0030250272584254074,2,0.0,,120.0,1.0,fixture,5,True,2,0.6477499999999999,0.8575,0.496
run.fixture.fixed.100,edge.market,100,fixed,240.0,0.3075638943374632,0.23433122815944368,0.1832939294850924,0.1436045844001731,0.003470694176083497,2,0.0,,120.0,1.0,fixture,5,True,2,0.66525,0.8718333333333335,0.45599999999999996
run.fixture.fixed.100,edge.market,100,fixed,245.0,0.3050782813504282,0.25439419472660557,0.19898989321366034,0.1511704901698556,0.0036408742584457866,2,0.0,,120.0,1.0,fixture,5,True,2,0.68275,0.88325,0.416
run.fixture.fixed.100,edge.market,100,fixed,250.0,0.3375340514229611,0.2723943254353845,0.217100305704032,0.1613166445223485,0.0038090352695414943,2,0.0,,120.0,1.0,fixture,5,True,2,0.70025,0.89175,0.37600000000000006
run.fixture.fixed.100,edge.market,100,fixed,255.0,0.3506466990549359,0.293375360425427,0.23553618797730108,0.17125303470371048,0.003873252661513211,2,0.0,,120.0,1.0,fixture,5,True,2,0.7177500000000001,0.8973333333333334,0.336
run.fixture.fixed.100,edge.market,100,fixed,260.0,0.3641445667278551,0.31185448208486427,0.25471299830702265,0.1807962846669004,0.0037928341821203983,2,0.0,,120.0,1.0,fixture,5,True,2,0.7352500000000001,0.9,0.296
run.fixture.fixed.100,edge.market,100,fixed,265.0,0.3824255379686301,0.3319424521680848,0.27335405839824,0.19272411339367132,0.0037531930253073427,2,0.0,,120.0,1.0,fixture,5,True,2,0.7527499999999999,0.9,0.256
run.fixture.fixed.100,edge.market,100,fixed,270.0,0.393965056227344,0.3487654410128025,0.2903163684514046,0.2060693670697985,0.0037799762746923643,2,0.0,,120.0,1.0,fixture,5,True,2,0.7702499999999999,0.9,0.216
run.fixture.fixed.100,edge.market,100,fixed,275.0,0.4110385023825065,0.36354752787638017,0.30927029052849786,0.21772859159072153,0.0036091859802845003,2,0.0,,120.0,1.0,fixture,5,True,2,0.78775,0.9,0.17999999999999997
run.fixture.fixed.100,edge.market,100,fixed,280.0,0.4200921414219309,0.37997807931516625,0.3253132909100688,0.2303648263214046,0.0035880552406050204,2,0.0,,120.0,1.0,fixture,5,True,2,0.80525,0.9,0.15066666666666664
run.fixture.fixed.100,edge.market,100,fixed,285.0,0.4817922364479459,0.4005863914615926,0.3466988895503232,0.24534117000947517,0.003684908884263537,2,0.0,,120.0,1.0,fixture,5,True,2,0.8227500000000001,0.9,0.128
run.fixture.fixed.100,edge.market,100,fixed,290.0,0.465687721526932,0.41702082324330636,0.364460197736103,0.2593991283702486,0.0036086185224942532,2,0.0,,120.0,1.0,fixture,5,True,2,0.84025,0.9,0.11199999999999999
run.fixture.fixed.100,edge.market,100,fixed,295.0,0.5058073974108173,0.43725837048372956,0.384767709276467,0.2762775357966917,0.0035971130780966367,2,0.0,,120.0,1.0,fixture,5,True,2,0.8575,0.896,0.10266666666666664
run.fixture.fixed.100,edge.market,100,fixed,300.0,0.5058073974108173,0.454884350404042,0.40242949874542827,0.2922736269063722,0.0035600725331197923,2,5.0,,120.0,1.0,fixture,5,True,2,0.8718333333333335,0.8853333333333334,0.09999999999999999
run.fixture.fixed.100,edge.market,100,fixed,305.0,0.5058073974108173,0.4708618277159667,0.41767899898184013,0.3084646926876431,0.0035119496332698783,2,10.0,,120.0,1.0,fixture,5,True,2,0.88325,0.868,0.09999999999999999
run.fixture.fixed.100,edge.market,100,fixed,310.0,0.5058073974108173,0.4844002412914396,0.43311970021725466,0.3246130410221506,0.003226856630142382,2,15.0,,120.0,1.0,fixture,5,True,2,0.89175,0.844,0.09999999999999999
run.fixture.fixed.100,edge.market,100,fixed,315.0,,0.4951182579363578,0.4410851709501124,0.33351440816880534,0.003237947994778543,2,20.0,,120.0,0.9230769230769231,fixture,5,False,0,0.8973333333333334,0.8133333333333334,0.09999999999999999
run.fixture.fixed.100,edge.market,100,fixed,320.0,,0.4977834622340402,0.44930685021331024,0.3430217288526023,0.003222730881628368,2,25.0,,120.0,0.8461538461538461,fixture,5,False,0,0.9,0.7760000000000001,0.09999999999999999
run.fixture.fixed.100,edge.market,100,fixed,325.0,,0.5058073974108173,0.45782307856185583,0.35224581849213854,0.0031614773956984126,2,30.0,,120.0,0.7692307692307693,fixture,5,False,0,0.9,0.7360000000000001,0.09999999999999999
run.fixture.fixed.100,edge.market,100,fixed,330.0,,0.5058073974108173,0.46620058307221424,0.36075966577575447,0.0030904057425315645,2,35.0,,120.0,0.6923076923076923,fixture,5,False,0,0.9,0.6960000000000002,0.09999999999999999
run.fixture.fixed.100,edge.market,100,fixed,335.0,,0.5058073974108173,0.47523002392782304,0.3705657732955274,0.0028669611997978743,2,40.0,,120.0,0.6153846153846154,fixture,5,False,0,0.9,0.6560000000000001,0.09999999999999999
run.fixture.fixed.100,edge.market,100,fixed,340.0,,0.5058073974108173,0.4844002412914396,0.37893591207626526,0.0024663983269734868,2,45.0,,120.0,0.5384615384615384,fixture,5,False,0,0.9,0.6160000000000001,0.09999999999999999
run.fixture.fixed.100,edge.market,100,fixed,345.0,,,0.4951182579363578,0.38866682640691125,0.0013739133283772087,2,50.0,,120.0,0.46153846153846156,fixture,5,False,0,0.9,0.5760000000000001,0.09999999999999999
run.fixture.fixed.100,edge.market,100,fixed,350.0,,,0.4977834622340402,0.3977183623654475,0.0016047870353554125,2,55.0,,120.0,0.38461538461538464,fixture,5,False,0,0.9,0.536,0.09999999999999999
run.fixture.fixed.100,edge.market,100,fixed,355.0,0.6845488983637613,0.6845488983637613,0.5415556976014061,0.4237618418347226,0.0032219498025852656,2,0.0,,120.0,0.38461538461538464,fixture,5,False,2,0.896,0.496,0.09999999999999999
run.fixture.fixed.100,edge.market,100,fixed,360.0,0.6948938835582934,0.6897213909610274,0.5793729948309012,0.44839065061377986,0.003445829096928657,2,0.0,,120.0,0.38461538461538464,fixture,5,False,2,0.8853333333333334,0.45599999999999996,0.09999999999999999
run.fixture.fixed.100,edge.market,100,fixed,365.0,0.7046293410695277,0.6946907076638608,0.6191373835626435,0.47174744159801885,0.00356084592269156,2,0.0,,120.0,0.38461538461538464,fixture,5,False,2,0.868,0.416,0.09999999999999999
run.fixture.fixed.100,edge.market,100,fixed,370.0,0.743722784172246,0.7069487267909571,0.6667204609149291,0.497550059411067,0.003826643185110555,2,0.0,,120.0,0.38461538461538464,fixture,5,False,2,0.844,0.37600000000000006,0.09999999999999999
run.fixture.fixed.100,edge.market,100,fixed,375.0,0.7445237657706334,0.7144637345868924,0.7144637345868924,0.5214906308432831,0.003375572708553961,2,0.0,,120.0,0.38461538461538464,fixture,5,False,2,0.8133333333333334,0.336,0.09999999999999999
run.fixture.fixed.100,edge.market,100,fixed,380.0,0.7902189561612829,0.7270896048492909,0.7270896048492909,0.547347822437774,0.004093333592727707,2,0.0,,120.0,0.46153846153846156,fixture,5,False,2,0.7760000000000001,0.296,0.09999999999999999
run.fixture.fixed.100,edge.market,100,fixed,385.0,0.8059472886282136,0.7383549882462798,0.7383549882462798,0.5733362178436775,0.004248141005003145,2,0.0,,120.0,0.5384615384615384,fixture,5,False,2,0.7360000000000001,0.256,0.09999999999999999
run.fixture.fixed.100,edge.market,100,fixed,390.0,0.8393805067298673,0.7604737894414377,0.7509831780567282,0.6002159218884562,0.004515852644728587,2,0.0,,120.0,0.6153846153846154,fixture,5,False,2,0.6960000000000002,0.216,0.09999999999999999
run.fixture.fixed.100,edge.market,100,fixed,395.0,0.8625046120274809,0.7844181792227501,0.7633744484979229,0.6277770722296406,0.004648049304253352,2,0.0,,120.0,0.6923076923076923,fixture,5,False,2,0.6560000000000001,0.17999999999999997,0.09999999999999999
run.fixture.fixed.100,edge.market,100,fixed,400.0,0.8420049080784544,0.8040432602240255,0.7712374944559761,0.6531280372705789,0.004238186325790053,2,0.0,,120.0,0.7692307692307693,fixture,5,False,2,0.6160000000000001,0.15066666666666664,0.09999999999999999
run.fixture.fixed.100,edge.market,100,fixed,405.0,0.8636451707114875,0.8211750297296314,0.7796381922973862,0.6792193919346703,0.004018709528483563,2,0.0,,120.0,0.8461538461538461,fixture,5,True,2,0.5760000000000001,0.128,0.09999999999999999
run.fixture.fixed.100,edge.market,100,fixed,410.0,0.8898534276895337,0.8419364100037601,0.7888227952467318,0.7032229914194696,0.003939124524926967,2,0.0,,120.0,0.9230769230769231,fixture,5,True,2,0.536,0.11199999999999999,0.09999999999999999
run.fixture.fixed.100,edge.market,100,fixed,415.0,0.9209552381271262,0.8606130217131662,0.7989868293144545,0.7300034335724221,0.0039662293325331156,2,0.0,,120.0,1.0,fixture,5,True,2,0.496,0.10266666666666664,0.09999999999999999
run.fixture.fixed.100,edge.market,100,fixed,420.0,0.919208118145664,0.8767931402156591,0.817037538528447,0.7543211230274132,0.0038786053944368537,2,0.0,,120.0,1.0,fixture,5,True,2,0.45599999999999996,0.09999999999999999,0.09999999999999999
run.fixture.fixed.100,edge.market,100,fixed,425.0,0.8919036401833426,0.8842964449947271,0.8321921351919122,0.7770326667199147,0.0034326614660174135,2,0.0,,120.0,1.0,fixture,5,True,2,0.416,0.09999999999999999,0.09999999999999999
run.fixture.fixed.100,edge.market,100,fixed,430.0,0.9118433550239212,0.8913448368513615,0.8481316747268656,0.8009171348148031,0.0029765820815507724,2,0.0,,120.0,1.0,fixture,5,True,2,0.37600000000000006,0.09999999999999999,0.09999999999999999
run.fixture.fixed.100,edge.market,100,fixed,435.0,0.8932275740999813,0.8986623605687224,0.8596320431828453,0.8237065569729893,0.002470772369854451,2,0.0,,120.0,1.0,fixture,5,True,2,0.336,0.09999999999999999,0.09999999999999999
run.fixture.fixed.100,edge.market,100,fixed,440.0,0.8624876431426197,0.8984969994874555,0.868706187596075,0.825861061760191,0.0016041522136711148,2,0.0,,120.0,1.0,fixture,5,True,2,0.296,0.09999999999999999,0.09999999999999999
run.fixture.fixed.100,edge.market,100,fixed,445.0,0.9112298593028906,0.9015507754322208,0.878014718606968,0.8303541563677016,0.001280780136964906,2,0.0,,120.0,1.0,fixture,5,True,2,0.256,0.09999999999999999,0.09999999999999999
run.fixture.fixed.100,edge.market,100,fixed,450.0,0.9120970479790916,0.9002853196967874,0.8861800847108818,0.8344413009482711,0.000951133946175294,2,0.0,,120.0,1.0,fixture,5,True,2,0.216,0.09999999999999999,0.09999999999999999
run.fixture.fixed.100,edge.market,100,fixed,455.0,0.9224278000440568,0.9007452742537005,0.8925683380427424,0.8386311342385466,0.0008301331177488901,2,0.0,,120.0,1.0,fixture,5,True,2,0.17999999999999997,0.09999999999999999,0.09999999999999999
run.fixture.fixed.100,edge.market,100,fixed,460.0,0.9003189958271596,0.901947467917103,0.8954771367965638,0.84143512794712,0.0006499769250012626,2,0.0,,120.0,1.0,fixture,5,True,2,0.15066666666666664,0.09999999999999999,0.09999999999999999
run.fixture.fixed.100,edge.market,100,fixed,465.0,0.8715957906253622,0.896197815860166,0.8977533585309414,0.8427464611070437,8.119266340349703e-05,2,0.0,,120.0,1.0,fixture,5,True,2,0.128,0.09999999999999999,0.09999999999999999
run.fixture.fixed.100,edge.market,100,fixed,470.0,0.916848382538181,0.8995722170656231,0.9018459132868407,0.8458340411666742,-5.527675494018237e-05,2,0.0,,120.0,1.0,fixture,5,True,2,0.11199999999999999,0.09999999999999999,0.09999999999999999
run.fixture.fixed.100,edge.market,100,fixed,475.0,0.8993321219396044,0.9048357140366209,0.9025750436137693,0.8479739643975914,-0.00016410109259355158,2,0.0,,120.0,1.0,fixture,5,True,2,0.10266666666666664,0.09999999999999999,0.09999999999999999
run.fixture.fixed.100,edge.market,100,fixed,480.0,0.8382177289369221,0.8944054096986253,0.8962106198299075,0.8541207176205178,-0.00044704892387660995,2,0.0,,120.0,1.0,fixture,5,True,2,0.09999999999999999,0.09999999999999999,0.09999999999999999
run.fixture.fixed.100,edge.market,100,fixed,485.0,0.7936838240799069,0.8774892348558848,0.8865549049017721,0.8580723152413823,-0.0009461459417773925,2,0.0,,120.0,1.0,fixture,5,True,2,0.09999999999999999,0.09999999999999999,0.09999999999999999
run.fixture.fixed.100,edge.market,100,fixed,490.0,0.7296821056579843,0.8499541356578745,0.8740763253228985,0.8590744258249207,-0.0019393279730869908,2,0.0,,120.0,1.0,fixture,5,True,2,0.09999999999999999,0.09999999999999999,0.09999999999999999
run.fixture.fixed.100,edge.market,100,fixed,495.0,0.711366868101984,0.8229609745542777,0.8586550570981342,0.8577801891821101,-0.002721621968052191,2,0.0,,120.0,1.0,fixture,5,True,2,0.09999999999999999,0.09999999999999999,0.09999999999999999
run.fixture.fixed.100,edge.market,100,fixed,500.0,0.6987858173963352,0.7982738355215597,0.8436979988901613,0.8559506712471381,-0.0035097624287091836,2,0.0,,120.0,1.0,fixture,5,True,2,0.09999999999999999,0.09999999999999999,0.09999999999999999
run.fixture.fixed.100,edge.market,100,fixed,505.0,0.6350684834112468,0.7580195642177119,0.8262042173723636,0.8497446523371366,-0.004740805926628167,2,0.0,,120.0,1.0,fixture,5,True,2,0.09999999999999999,0.09999999999999999,0.09999999999999999
run.fixture.fixed.100,edge.market,100,fixed,510.0,0.6109694080362138,0.7168248908029418,0.8031072595826191,0.8419455371134568,-0.005505893138170161,2,0.0,,120.0,1.0,fixture,5,True,2,0.09999999999999999,0.09999999999999999,0.09999999999999999
run.fixture.fixed.100,edge.market,100,fixed,515.0,0.578659147986923,0.6797450935243706,0.7774581903524523,0.8315166827637388,-0.006147387809377707,2,0.0,,120.0,1.0,fixture,5,True,2,0.09999999999999999,0.09999999999999999,0.09999999999999999
run.fixture.fixed.100,edge.market,100,fixed,520.0,0.5476408443388167,0.6445960964185006,0.7486284245289723,0.8189221320561922,-0.006547516170081642,2,0.0,,120.0,1.0,fixture,5,True,2,0.09999999999999999,0.09999999999999999,0.09999999999999999
run.fixture.fixed.100,edge.market,100,fixed,525.0,0.5099022561516652,0.613198975060455,0.7185963676308573,0.8056380259791207,-0.006954684314231678,2,0.0,,120.0,1.0,fixture,5,True,2,0.09999999999999999,0.09999999999999999,0.09999999999999999
run.fixture.fixed.100,edge.market,100,fixed,530.0,0.4505702086910812,0.575942309430326,0.6862097844051435,0.7891150274983044,-0.007544971119371372,2,0.0,,120.0,1.0,fixture,5,True,2,0.09999999999999999,0.09999999999999999,0.09999999999999999
run.fixture.fixed.100,edge.market,100,fixed,535.0,0.3806042414561007,0.530487798581721,0.6449602350911372,0.7687450600489673,-0.007785809658671362,2,0.0,,120.0,1.0,fixture,5,True,2,0.09999999999999999,0.09999999999999999,0.09999999999999999
run.fixture.fixed.100,edge.market,100,fixed,540.0,0.350115577985048,0.48978024066369263,0.6027128086330945,0.745911473643284,-0.007773133542954076,2,0.0,,120.0,1.0,fixture,5,True,2,0.09999999999999999,0.09999999999999999,0.09999999999999999
run.fixture.fixed.100,edge.market,100,fixed,545.0,0.3246200694541942,0.44887319229483275,0.5632052963651922,0.7221279516956254,-0.0077951357330052935,2,0.0,,120.0,1.0,fixture,5,True,2,0.09999999999999999,0.09999999999999999,0.09999999999999999
run.fixture.fixed.100,edge.market,100,fixed,550.0,0.250200032321762,0.401950461485524,0.5213988508453349,0.696459807381162,-0.008085994953068564,2,0.0,,120.0,1.0,fixture,5,True,2,0.09999999999999999,0.09999999999999999,0.09999999999999999
run.fixture.fixed.100,edge.market,100,fixed,555.0,0.2135241697231343,0.354219507968998,0.48169439423496185,0.6685270399691307,-0.008513759022348414,2,0.0,,120.0,1.0,fixture,5,True,2,0.09999999999999999,0.09999999999999999,0.09999999999999999
run.fixture.fixed.100,edge.market,100,fixed,560.0,0.2130650293585757,0.31181418985569953,0.443363483562392,0.6413205381794743,-0.008518230310468375,2,0.0,,120.0,1.0,fixture,5,True,2,0.09999999999999999,0.09999999999999999,0.09999999999999999
run.fixture.fixed.100,edge.market,100,fixed,565.0,0.1519683188157625,0.2691567770163682,0.4013005990561941,0.6128997652064001,-0.008474729927657574,2,0.0,,120.0,1.0,fixture,5,True,2,0.09999999999999999,0.09999999999999999,0.09999999999999999
run.fixture.fixed.100,edge.market,100,fixed,570.0,0.1142373183415295,0.2311043594285723,0.3612366632816005,0.5810200635679457,-0.008569240360407702,2,0.0,,120.0,1.0,fixture,5,True,2,0.09999999999999999,0.09999999999999999,0.09999999999999999
run.fixture.fixed.100,edge.market,100,fixed,575.0,0.0842500756098324,0.19312357337497008,0.3207197915564942,0.5479061846731752,-0.008474504440350911,2,0.0,,120.0,1.0,fixture,5,True,2,0.09999999999999999,0.09999999999999999,0.09999999999999999
run.fixture.fixed.100,edge.market,100,fixed,580.0,0.095826658839571,0.16043880043002393,0.28357883085285185,0.5148421390249958,-0.007973167408799855,2,0.0,,120.0,1.0,fixture,5,True,2,0.09999999999999999,0.09999999999999999,0.09999999999999999
run.fixture.fixed.100,edge.market,100,fixed,585.0,0.091853424559738,0.13781785646402048,0.248518260100615,0.482503516174299,-0.007206044709192084,2,0.0,,120.0,1.0,fixture,5,True,2,0.09999999999999999,0.09999999999999999,0.09999999999999999
run.fixture.fixed.100,edge.market,100,fixed,590.0,0.0817135917312796,0.11898777389375552,0.21558067052981608,0.45090822821853566,-0.00629520958595984,2,0.0,,120.0,1.0,fixture,5,True,2,0.09999999999999999,0.09999999999999999,0.09999999999999999
run.fixture.fixed.100,edge.market,100,fixed,595.0,0.1318147743575541,0.10738059460789529,0.19106102173492936,0.4195068838913106,-0.0050399003660749125,2,0.0,,120.0,1.0,fixture,5,True,2,0.09999999999999999,0.09999999999999999,0.09999999999999999
run.fixture.fixed.100,edge.market,100,fixed,600.0,0.1214103478780297,0.10301517018821918,0.1711230299212316,0.3883900129288476,-0.0040411108112322755,2,0.0,,120.0,1.0,fixture,5,True,2,0.09999999999999999,0.09999999999999999,0.09999999999999999
run.fixture.fixed.100,edge.market,100,fixed,605.0,0.0782173748676072,0.09786946397765885,0.15020778352758232,0.357989998766075,-0.003276809815490552,2,0.0,,120.0,1.0,fixture,5,True,2,0.09999999999999999,0.09999999999999999,
run.fixture.fixed.100,edge.market,100,fixed,610.0,0.0958606942405879,0.09952812378205249,0.1326109085111511,0.33007707357250227,-0.0022935093036616314,2,0.0,,120.0,1.0,fixture,5,True,2,0.09999999999999999,0.09999999999999999,
run.fixture.fixed.100,edge.market,100,fixed,615.0,0.0931243003413001,0.09914207256801379,0.1205281598972694,0.3046147613598349,-0.0016493288446999058,2,0.0,,120.0,1.0,fixture,5,True,2,0.09999999999999999,0.09999999999999999,
run.fixture.fixed.100,edge.market,100,fixed,620.0,0.0962925088852066,0.09977622747165217,0.11151033983281342,0.28001178699116386,-0.0010937704241409183,2,0.0,,120.0,1.0,fixture,5,True,2,0.09999999999999999,0.09999999999999999,
run.fixture.fixed.100,edge.market,100,fixed,625.0,0.0953749022613117,0.10172784326165676,0.10245725313302388,0.25587535038576287,-0.00041896800518341677,2,0.0,,120.0,1.0,fixture,5,True,2,0.09999999999999999,0.09999999999999999,
run.fixture.fixed.100,edge.market,100,fixed,630.0,0.0925942871173081,0.09612491651305019,0.09789001992545045,0.23417638253400533,-0.0001031441989363006,2,0.0,,120.0,1.0,fixture,5,True,2,0.09999999999999999,0.09999999999999999,
run.fixture.fixed.100,edge.market,100,fixed,635.0,0.1112642198583773,0.09467546965309985,0.09766132004213107,0.21418817500689186,0.00011078578843745191,2,0.0,,120.0,1.0,fixture,5,True,2,0.09999999999999999,0.09999999999999999,
run.fixture.fixed.100,edge.market,100,fixed,640.0,0.0761451723298316,0.09437944071913192,0.09703786594366946,0.1940876159806082,-0.00013424234046352415,2,0.0,,120.0,1.0,fixture,5,True,2,0.09999999999999999,0.09999999999999999,
run.fixture.fixed.100,edge.market,100,fixed,645.0,0.066709840306145,0.09021503301421151,0.09479811067186746,0.17485037581930132,-0.0003435243223908163,2,0.0,,120.0,1.0,fixture,5,True,2,0.09999999999999999,0.09999999999999999,
run.fixture.fixed.100,edge.market,100,fixed,650.0,0.0969616469435028,0.09076322538595473,0.09519105085523398,0.15833275145097483,-0.000351910679704107,2,0.0,,120.0,1.0,fixture,5,True,2,0.09999999999999999,0.09999999999999999,
run.fixture.fixed.100,edge.market,100,fixed,655.0,0.0706753147478502,0.08710362622347524,0.09434195262573943,0.1431369556932456,-0.0006172256582887038,2,0.0,,120.0,1.0,fixture,5,True,2,0.09999999999999999,0.09999999999999999,
run.fixture.fixed.100,edge.market,100,fixed,660.0,0.1097804907951506,0.08916156744259508,0.09264700773632376,0.13230400566680758,-0.00022718062406983555,2,0.0,,120.0,1.0,fixture,5,True,2,0.09999999999999999,0.09999999999999999,
run.fixture.fixed.100,edge.market,100,fixed,665.0,0.1010008080153369,0.09036249899945635,0.09107704313150124,0.12233941486801916,4.915584039831946e-05,2,0.0,,120.0,1.0,fixture,5,True,2,0.09999999999999999,0.09999999999999999,
run.fixture.fixed.100,edge.market,100,fixed,670.0,0.0925008612545342,0.08768201919890732,0.09217577285357254,0.11305464654003275,-4.037687290834022e-05,2,0.0,,120.0,1.0,fixture,5,True,2,0.09999999999999999,0.09999999999999999,
run.fixture.fixed.100,edge.market,100,fixed,675.0,0.1169580841764024,0.09351243517698889,0.09379864900248135,0.10772496861421837,0.00015136853109834795,2,0.0,,120.0,1.0,fixture,5,True,2,0.09999999999999999,0.09999999999999999,
run.fixture.fixed.100,edge.market,100,fixed,680.0,0.0906542825988871,0.09693306979023775,0.09360864763768036,0.10281017312924849,0.0001254491475271014,2,0.0,,120.0,1.0,fixture,5,True,2,0.09999999999999999,0.09999999999999999,
run.fixture.fixed.100,edge.market,100,fixed,685.0,0.0957883987371644,0.09676546290361798,0.09356986993398479,0.09811910790439204,0.00016046621931785796,2,0.0,,120.0,1.0,fixture,5,True,2,0.09999999999999999,0.09999999999999999,
run.fixture.fixed.100,edge.market,100,fixed,690.0,0.0821713540354048,0.09840775423041148,0.09255421237814579,0.09532722931317773,9.919603349347219e-05,2,0.0,,120.0,1.0,fixture,5,True,2,0.09999999999999999,0.09999999999999999,
run.fixture.fixed.100,edge.market,100,fixed,695.0,0.0759891095137315,0.09358041404735161,0.09127689102402453,0.09379730096006579,-9.716157728890885e-06,2,0.0,,120.0,1.0,fixture,5,True,2,0.09999999999999999,0.09999999999999999,
run.fixture.fixed.100,edge.market,100,fixed,700.0,0.0880405528095547,0.09172894901795416,0.08949045509719201,0.0939489200480547,0.0001226940318905049,2,0.0,,120.0,1.0,fixture,5,True,2,0.09999999999999999,0.09999999999999999,
run.fixture.fixed.100,edge.market,100,fixed,705.0,0.1302576602938646,0.09712277745214422,0.09365295417134839,0.09532616010622645,0.0002888327701416185,2,0.0,,120.0,1.0,fixture,5,True,2,0.09999999999999999,0.09999999999999999,
run.fixture.fixed.100,edge.market,100,fixed,710.0,0.118297175443055,0.09731407620452315,0.09762121072034148,0.09638391014155913,0.00024406741912383323,2,0.0,,120.0,1.0,fixture,5,True,2,0.09999999999999999,0.09999999999999999,
run.fixture.fixed.100,edge.market,100,fixed,715.0,0.0669304043739182,0.09392495074381331,0.09531111513806574,0.09579258264726467,3.663688668821687e-05,2,0.0,,120.0,1.0,fixture,5,True,2,0.09999999999999999,0.09999999999999999,
run.fixture.fixed.100,edge.market,100,fixed,720.0,0.0999992849522687,0.09452650591739965,0.09756680515379025,0.09451996307105327,-0.00012195826039561879,2,0.0,,120.0,1.0,fixture,5,True,2,0.09999999999999999,0.09999999999999999,
run.fixture.fixed.100,edge.market,100,fixed,725.0,0.0987065455049286,0.09688867612733162,0.09671496320838852,0.09361181097612922,-2.0492060839186587e-05,2,0.0,,120.0,1.0,fixture,5,True,2,0.09999999999999999,,
run.fixture.fixed.100,edge.market,100,fixed,730.0,0.0946467611636758,0.09955405493446652,0.09622619037364537,0.09426898642797196,-1.1605208607669058e-06,2,0.0,,120.0,1.0,fixture,5,True,2,0.09999999999999999,,
run.fixture.fixed.100,edge.market,100,fixed,735.0,0.0856512148002928,0.09921272093314339,0.0956992944925499,0.09386060725036013,-9.954201237054047e-05,2,0.0,,120.0,1.0,fixture,5,True,2,0.09999999999999999,,
run.fixture.fixed.100,edge.market,100,fixed,740.0,0.0970123140641714,0.09446338575747293,0.09416500448391675,0.094016127799275,7.26444109445108e-05,2,0.0,,120.0,1.0,fixture,5,True,2,0.09999999999999999,,
run.fixture.fixed.100,edge.market,100,fixed,745.0,0.0965019708278834,0.0913497850981627,0.09461482665537799,0.09402450627698206,6.10474272836228e-05,2,0.0,,120.0,1.0,fixture,5,True,2,0.09999999999999999,,
run.fixture.fixed.100,edge.market,100,fixed,750.0,0.1164241898294019,0.09842032587751752,0.09620219520093472,0.0948664777797057,0.00021387290378543399,2,0.0,,120.0,1.0,fixture,5,True,2,0.09999999999999999,,
run.fixture.fixed.100,edge.market,100,fixed,755.0,0.0957319560311009,0.09781070746020783,0.09724531843137288,0.0949919845362574,0.00010284287831542023,2,0.0,,120.0,1.0,fixture,5,True,2,0.09999999999999999,,
run.fixture.fixed.100,edge.market,100,fixed,760.0,0.0992999873370472,0.09789548486479618,0.09903846287932025,0.09451341523540417,-4.7119153541111256e-05,2,0.0,,120.0,1.0,fixture,5,True,2,0.09999999999999999,,
run.fixture.fixed.100,edge.market,100,fixed,765.0,0.1192287852082998,0.10140720258545678,0.10143755767922372,0.09623675975054292,1.4045425968215269e-06,2,0.0,,120.0,1.0,fixture,5,True,2,0.09999999999999999,,
run.fixture.fixed.100,edge.market,100,fixed,770.0,0.0888975675924108,0.10187096727004508,0.0982560120868042,0.09712426884199354,0.0001404163863128751,2,0.0,,120.0,1.0,fixture,5,True,2,0.09999999999999999,,
run.fixture.fixed.100,edge.market,100,fixed,775.0,0.0852061940746906,0.10018437870011924,0.0957105519815454,0.09665405072724105,0.00020853642523713307,2,0.0,,120.0,1.0,fixture,5,True,2,0.09999999999999999,,
run.fixture.fixed.100,edge.market,100,fixed,780.0,0.095742772694404,0.10007592182390788,0.09792688800619816,0.0976567490451032,-1.2636881330163386e-05,2,0.0,,120.0,1.0,fixture,5,True,2,0.09999999999999999,,
run.fixture.fixed.100,edge.market,100,fixed,785.0,0.10765364765917,0.09882298722816048,0.09851568513749827,0.09757167531966399,6.743711486799653e-05,2,0.0,,120.0,1.0,fixture,5,True,2,,,
run.fixture.fixed.100,edge.market,100,fixed,790.0,0.0879423433266627,0.09771018541324074,0.09768766958532395,0.097049336732117,-8.090700693674622e-07,2,0.0,,120.0,1.0,fixture,5,True,2,,,
run.fixture.fixed.100,edge.market,100,fixed,795.0,0.0777240723732791,0.09462791184698814,0.09638592429375496,0.09645826517686683,-0.000155828786798825,2,0.0,,120.0,1.0,fixture,5,True,2,,,
run.fixture.fixed.100,edge.market,100,fixed,800.0,0.0673977926216935,0.08722348433461581,0.09498181489540117,0.09447585351467845,-0.00042953401370718027,2,0.0,,120.0,1.0,fixture,5,True,2,,,
run.fixture.fixed.100,edge.market,100,fixed,805.0,0.1112316124474009,0.09041406217104297,0.09607560707872653,0.09529894670861902,-0.00030677326701114793,2,0.0,,120.0,1.0,fixture,5,True,2,,,
run.fixture.fixed.100,edge.market,100,fixed,810.0,0.0945478441057721,0.0917485836040546,0.09592528963856412,0.09524932452336334,-0.0003135667083228274,2,0.0,,120.0,1.0,fixture,5,True,2,,,
run.fixture.fixed.100,edge.market,100,fixed,815.0,0.0931635127332889,0.09138011789532388,0.09413600678501696,0.09568901087127868,-0.00017409237875775824,2,0.0,,120.0,1.0,fixture,5,True,2,,,
run.fixture.fixed.100,edge.market,100,fixed,820.0,0.1216136676300472,0.09337440646259207,0.09612690767724359,0.09751399319593132,1.9355544091439153e-05,2,0.0,,120.0,1.0,fixture,5,True,2,,,
run.fixture.fixed.100,edge.market,100,fixed,825.0,0.0774883095950201,0.0918809730723574,0.09444908631247229,0.09709190346734994,-7.912800632033727e-05,2,0.0,,120.0,1.0,fixture,5,True,2,,,
run.fixture.fixed.100,edge.market,100,fixed,830.0,0.1051966632664751,0.09580562891424256,0.0933696923169473,0.09608946358625435,0.00018234820686077236,2,0.0,,120.0,1.0,fixture,5,True,2,,,
run.fixture.fixed.100,edge.market,100,fixed,835.0,0.0842701509809733,0.0982159658227111,0.0930137371929906,0.09472838260777108,8.795027159967447e-05,2,0.0,,120.0,1.0,fixture,5,True,2,,,
run.fixture.fixed.100,edge.market,100,fixed,840.0,0.0958069116656143,0.09601243713959871,0.09382917700767703,0.09588344289943893,4.630878259708346e-05,2,0.0,,120.0,1.0,fixture,5,True,2,,,
run.fixture.fixed.100,edge.market,100,fixed,845.0,0.1092561980947305,0.09811363056659277,0.09486867126924059,0.09625371942513741,0.00016274537197006104,2,0.0,,120.0,1.0,fixture,5,True,2,,,
run.fixture.fixed.100,edge.market,100,fixed,850.0,0.1119431629228436,0.10079643773652915,0.09519863398183087,0.09678318412185401,0.0003736704100482198,2,0.0,,120.0,1.0,fixture,5,True,2,,,
run.fixture.fixed.100,edge.market,100,fixed,855.0,0.0731033154387933,0.09386638742349288,0.0940571702981486,0.0959214462928587,0.00017216937065876546,2,0.0,,120.0,1.0,fixture,5,True,2,,,
run.fixture.fixed.100,edge.market,100,fixed,860.0,0.0828050933030143,0.09462592795320635,0.09444801806197438,0.09580760143296756,-2.7659362797159774e-05,2,0.0,,120.0,1.0,fixture,5,True,2,,,
run.fixture.fixed.100,edge.market,100,fixed,865.0,0.0855525497854543,0.09181962602734624,0.09584453784380215,0.09534921086181888,-0.00029438945921593626,2,0.0,,120.0,1.0,fixture,5,True,2,,,
run.fixture.fixed.100,edge.market,100,fixed,870.0,0.0888510601797964,0.09247404162717811,0.09412295690014028,0.09504317443589538,-0.00022213818862125886,2,0.0,,120.0,1.0,fixture,5,True,2,,,
run.fixture.fixed.100,edge.market,100,fixed,875.0,0.1073325783111822,0.09412056543368778,0.09510639799286413,0.09467950997516661,-0.0001317734205930441,2,0.0,,120.0,1.0,fixture,5,True,2,,,
run.fixture.fixed.100,edge.market,100,fixed,880.0,0.1091592800597803,0.09410672000012348,0.09633684163336345,0.09521660293631379,-5.406232654417582e-05,2,0.0,,120.0,1.0,fixture,5,True,2,,,
run.fixture.fixed.100,edge.market,100,fixed,885.0,0.1055930893988688,0.09319956663955566,0.09510448946173435,0.09546832701878664,0.00020140500155452546,2,0.0,,120.0,1.0,fixture,5,True,2,,,
run.fixture.fixed.100,edge.market,100,fixed,890.0,0.1342736652626946,0.10193818804297014,0.09947259374386314,0.09607012222096242,0.000324154227641077,2,0.0,,120.0,1.0,fixture,5,True,2,,,
run.fixture.fixed.100,edge.market,100,fixed,895.0,0.1078150174022539,0.10551103434286149,0.09967400560046152,0.09682682021335616,0.000423190522815393,2,0.0,,120.0,1.0,fixture,5,True,2,,,
run.fixture.fixed.100,edge.market,100,fixed,900.0,0.1077682850295648,0.10868471080630585,0.10148155437343008,0.09772930385155114,0.0003580682087914391,2,0.0,,120.0,1.0,fixture,5,True,2,,,
run.fixture.fixed.101,edge.market,101,fixed,0.0,0.0821084533136611,0.0821084533136611,0.0821084533136611,0.0821084533136611,0.0,2,0.0,,0.0,1.0,fixture,5,False,2,0.09999999999999999,0.13499999999999998,0.55325
run.fixture.fixed.101,edge.market,101,fixed,5.0,0.1054325966251706,0.09377052496941585,0.09377052496941585,0.09377052496941585,0.004664828662301902,2,0.0,,5.0,1.0,fixture,5,False,2,0.09999999999999999,0.15075000000000002,0.57075
run.fixture.fixed.101,edge.market,101,fixed,10.0,0.1259714458052897,0.10450416524804047,0.10450416524804047,0.10450416524804047,0.004386299249162866,2,0.0,,10.0,1.0,fixture,5,False,2,0.09999999999999999,0.16824999999999998,0.58825
run.fixture.fixed.101,edge.market,101,fixed,15.0,0.1221054607608984,0.10890448912625496,0.10890448912625496,0.10890448912625496,0.0028105974304366236,2,0.0,,15.0,1.0,fixture,5,False,2,0.09999999999999999,0.18574999999999997,0.60575
run.fixture.fixed.101,edge.market,101,fixed,20.0,0.0978022741844135,0.10668404613788667,0.10668404613788667,0.10668404613788667,0.0009612101175446538,2,0.0,,20.0,1.0,fixture,5,False,2,0.09999999999999999,0.20325000000000001,0.62325
run.fixture.fixed.101,edge.market,101,fixed,25.0,0.0914444239499836,0.1041441091065695,0.1041441091065695,0.1041441091065695,0.00011384514751400046,2,0.0,,25.0,1.0,fixture,5,False,2,0.09999999999999999,0.22075,0.64075
run.fixture.fixed.101,edge.market,101,fixed,30.0,0.0903826793287152,0.10217819056687603,0.10217819056687603,0.10217819056687603,-0.00022373456375777151,2,0.0,,30.0,1.0,fixture,5,False,2,0.09999999999999999,0.23825,0.6582499999999999
run.fixture.fixed.101,edge.market,101,fixed,35.0,0.0770142800894067,0.10145045153483968,0.09903270175719234,0.09903270175719234,-0.0005685548837963336,2,0.0,,35.0,1.0,fixture,5,False,2,0.09999999999999999,0.25575,0.6757499999999999
run.fixture.fixed.101,edge.market,101,fixed,40.0,0.1162915967376161,0.10300173726518903,0.1009503567550172,0.1009503567550172,-0.00016786981891845216,2,0.0,,40.0,1.0,fixture,5,False,2,0.10116666666666667,0.27325000000000005,0.6932499999999999
run.fixture.fixed.101,edge.market,101,fixed,45.0,0.0837667867654279,0.09697250025949448,0.09923199975605827,0.09923199975605827,-0.00030954426819075924,2,0.0,,45.0,1.0,fixture,5,False,2,0.10525,0.29075,0.71075
run.fixture.fixed.101,edge.market,101,fixed,50.0,0.113089280401892,0.09568447449392214,0.10049175254204315,0.10049175254204315,-0.00010618292254458004,2,0.0,,50.0,1.0,fixture,5,False,2,0.11224999999999997,0.30824999999999997,0.7282500000000001
run.fixture.fixed.101,edge.market,101,fixed,55.0,0.0823514003141152,0.09347720679816526,0.09898005652304916,0.09898005652304916,-0.00022122034217219742,2,0.0,,55.0,1.0,fixture,5,False,2,0.12216666666666666,0.32575,0.74575
run.fixture.fixed.101,edge.market,101,fixed,60.0,0.1123343353654892,0.0964614798575232,0.1000073087416984,0.1000073087416984,-8.576579296536537e-05,2,0.0,,60.0,1.0,fixture,5,True,2,0.13499999999999998,0.34325,0.7632500000000001
run.fixture.fixed.101,edge.market,101,fixed,65.0,0.1353789934917276,0.10288952473795351,0.10410504260154967,0.10253385765241477,9.770603192781332e-06,2,0.0,,65.0,1.0,fixture,5,True,2,0.15075000000000002,0.36074999999999996,0.7807499999999999
run.fixture.fixed.101,edge.market,101,fixed,70.0,0.0880770762364366,0.1044699241875292,0.10277000257164706,0.1015700722246829,-8.569634189000059e-05,2,0.0,,70.0,1.0,fixture,5,True,2,0.16824999999999998,0.37825,0.79825
run.fixture.fixed.101,edge.market,101,fixed,75.0,0.0683328505342959,0.09761867472991206,0.09833626447387832,0.0994927458690337,-0.00013428184693242774,2,0.0,,75.0,1.0,fixture,5,True,2,0.18574999999999997,0.39575,0.81575
run.fixture.fixed.101,edge.market,101,fixed,80.0,0.0938459856965883,0.0990585602915064,0.09616245869970061,0.09916058350594868,1.8951890809770738e-05,2,0.0,,80.0,1.0,fixture,5,True,2,0.20325000000000001,0.4132499999999999,0.83325
run.fixture.fixed.101,edge.market,101,fixed,85.0,0.1194174115227305,0.09996257902305475,0.09782516157187882,0.10028596284021433,0.0001848952153495176,2,0.0,,85.0,1.0,fixture,5,True,2,0.22075,0.43074999999999997,0.85075
run.fixture.fixed.101,edge.market,101,fixed,90.0,0.1139409437551964,0.10447537094320922,0.09955566309535674,0.10100464604626602,0.00024207052276340715,2,0.0,,90.0,1.0,fixture,5,True,2,0.23825,0.44825,0.86625
run.fixture.fixed.101,edge.market,101,fixed,95.0,0.0866210111613577,0.10080203891404757,0.09926630400556,0.10028546430202061,8.622568982880844e-05,2,0.0,,95.0,1.0,fixture,5,True,2,0.25575,0.46574999999999994,0.8788333333333332
run.fixture.fixed.101,edge.market,101,fixed,100.0,0.1489364760696944,0.1027388221394714,0.10479878061942828,0.10260217914810031,0.0002425519150724709,2,0.0,,100.0,1.0,fixture,5,True,2,0.27325000000000005,0.48324999999999996,0.8885
run.fixture.fixed.101,edge.market,101,fixed,105.0,0.1096955754789406,0.10582717917411481,0.10429139436876092,0.1029246062540476,0.0003632447524179522,2,0.0,,105.0,1.0,fixture,5,True,2,0.29075,0.5007499999999999,0.89525
run.fixture.fixed.101,edge.market,101,fixed,110.0,0.0580733439003353,0.1043615353692633,0.10231497568683075,0.10097455136910359,-9.937124322367981e-05,2,0.0,,110.0,1.0,fixture,5,True,2,0.30824999999999997,0.51825,0.8990833333333333
run.fixture.fixed.101,edge.market,101,fixed,115.0,0.0978584531524699,0.10493474500581781,0.10114337359072137,0.1008447139434105,-4.587564124646596e-05,2,0.0,,115.0,1.0,fixture,5,True,2,0.32575,0.5357500000000001,0.9
run.fixture.fixed.101,edge.market,101,fixed,120.0,0.1294839040662534,0.10637281536917824,0.10476895080242432,0.10199028154832422,-3.5686413377311562e-06,2,0.0,,120.0,1.0,fixture,5,True,2,0.34325,0.55325,0.9
run.fixture.fixed.101,edge.market,101,fixed,125.0,0.1332919695576375,0.10913724762666985,0.10638107650951263,0.10403762219808328,0.00024269048445648087,2,0.0,,120.0,1.0,fixture,5,True,2,0.36074999999999996,0.57075,0.9
run.fixture.fixed.101,edge.market,101,fixed,130.0,0.0998944936577472,0.1110334594118683,0.10365149959920644,0.10381609807938635,0.00042298270617616564,2,0.0,,120.0,1.0,fixture,5,True,2,0.37825,0.58825,0.9
run.fixture.fixed.101,edge.market,101,fixed,135.0,0.0813219199563913,0.10137423710996787,0.10313187219304912,0.10203011704543043,0.00015595145189454,2,0.0,,120.0,1.0,fixture,5,True,2,0.39575,0.60575,0.9
run.fixture.fixed.101,edge.market,101,fixed,140.0,0.1103621395841824,0.10146946055357385,0.10636489442765576,0.10156038419836177,-6.406123740707853e-05,2,0.0,,120.0,1.0,fixture,5,True,2,0.4132499999999999,0.62325,0.9
run.fixture.fixed.101,edge.market,101,fixed,145.0,0.0848027024612129,0.10528794034798494,0.1056692572557038,0.10104040132943375,-0.00030252883401820984,2,0.0,,120.0,1.0,fixture,5,True,2,0.43074999999999997,0.64075,0.9
run.fixture.fixed.101,edge.market,101,fixed,150.0,0.1220388936644122,0.10874228899254813,0.10587090972814085,0.10226418011801089,-8.88421325660805e-05,2,0.0,,120.0,1.0,fixture,5,True,2,0.44825,0.6582499999999999,0.9
run.fixture.fixed.101,edge.market,101,fixed,155.0,0.1045658395452008,0.10518256548954062,0.10514974786583349,0.10283150652667032,-3.536980609163271e-05,2,0.0,,120.0,1.0,fixture,5,True,2,0.46574999999999994,0.6757499999999999,0.8973333333333334
run.fixture.fixed.101,edge.market,101,fixed,160.0,0.0970413463908258,0.10000390503713896,0.10595131211425411,0.10363258917872707,-0.0002313605377195201,2,0.0,,120.0,1.0,fixture,5,True,2,0.48324999999999996,0.6932499999999999,0.888
run.fixture.fixed.101,edge.market,101,fixed,165.0,0.1169802390921935,0.10244472581348842,0.10349314003906174,0.10366013487291018,0.00017201276948456667,2,0.0,,120.0,1.0,fixture,5,True,2,0.5007499999999999,0.71075,0.872
run.fixture.fixed.101,edge.market,101,fixed,170.0,0.139489232490152,0.11075434188973995,0.10578495980915494,0.10588903270189913,0.00045706068463368017,2,0.0,,120.0,1.0,fixture,5,True,2,0.51825,0.7282500000000001,0.8493333333333334
run.fixture.fixed.101,edge.market,101,fixed,175.0,0.1639069222150899,0.11840359655129815,0.11392600429490529,0.10792173837442708,0.0004732699847148582,2,0.0,,120.0,1.0,fixture,5,True,2,0.5357500000000001,0.74575,0.82
run.fixture.fixed.101,edge.market,101,fixed,180.0,0.1894525536374824,0.13335357529076522,0.12097170433221396,0.11220578450736174,0.000847650685877951,2,0.0,,120.0,1.0,fixture,5,True,2,0.55325,0.7632500000000001,0.7839999999999999
run.fixture.fixed.101,edge.market,101,fixed,185.0,0.1629555665720747,0.13919881427757416,0.12354644760189253,0.11423063375562517,0.0011899458194795348,2,0.0,,120.0,1.0,fixture,5,True,2,0.57075,0.7807499999999999,0.7440000000000001
run.fixture.fixed.101,edge.market,101,fixed,190.0,0.1909253417385061,0.1515358860194749,0.1279797839234978,0.11645248768549629,0.0017091678178420583,2,0.0,,120.0,1.0,fixture,5,True,2,0.58825,0.79825,0.7040000000000002
run.fixture.fixed.101,edge.market,101,fixed,195.0,0.2259278113521047,0.16994823815680046,0.13767465451537145,0.12196651709012302,0.002138938293349077,2,0.0,,120.0,1.0,fixture,5,True,2,0.60575,0.81575,0.6640000000000001
run.fixture.fixed.101,edge.market,101,fixed,200.0,0.2507637377418646,0.1890601665353249,0.1507086404988694,0.1292637525784258,0.0024510980268063302,2,0.0,,120.0,1.0,fixture,5,True,2,0.62325,0.83325,0.6240000000000001
run.fixture.fixed.101,edge.market,101,fixed,205.0,0.2802618710865341,0.2091705434776652,0.16377785061443492,0.1367203879940236,0.0029949374522164163,2,0.0,,120.0,1.0,fixture,5,True,2,0.64075,0.85075,0.5840000000000001
run.fixture.fixed.101,edge.market,101,fixed,210.0,0.2194408123932971,0.21710395636026628,0.17413462830151827,0.1407213240288463,0.002754444851777537,2,0.0,,120.0,1.0,fixture,5,True,2,0.6582499999999999,0.86625,0.544
run.fixture.fixed.101,edge.market,101,fixed,215.0,0.3366164039387559,0.23812736354616248,0.19064059063031397,0.14962834243618867,0.0034250168422870777,2,0.0,,120.0,1.0,fixture,5,True,2,0.6757499999999999,0.8788333333333332,0.504
run.fixture.fixed.101,edge.market,101,fixed,220.0,0.3070231241574197,0.2587084432012118,0.20621422790817695,0.15844442695603114,0.0035302607363165736,2,0.0,,120.0,1.0,fixture,5,True,2,0.6932499999999999,0.8885,0.46399999999999997
run.fixture.fixed.101,edge.market,101,fixed,225.0,0.3239229829801127,0.277708106235727,0.22366666149196832,0.16544388723244785,0.003466571021822241,2,0.0,,120.0,1.0,fixture,5,True,2,0.71075,0.89525,0.424
run.fixture.fixed.101,edge.market,101,fixed,230.0,0.313953773898986,0.29028324374242426,0.23881847186172156,0.1736142151692497,0.0032412058763757394,2,0.0,,120.0,1.0,fixture,5,True,2,0.7282500000000001,0.8990833333333333,0.38399999999999995
run.fixture.fixed.101,edge.market,101,fixed,235.0,0.3724733424053141,0.30767033012291706,0.2567403264705802,0.18619021510944883,0.0033583757089697677,2,0.0,,120.0,1.0,fixture,5,True,2,0.74575,0.9,0.3439999999999999
run.fixture.fixed.101,edge.market,101,fixed,240.0,0.3970571612503035,0.3243553715748841,0.27467496024251964,0.1981581634333622,0.0035694385429147243,2,0.0,,120.0,1.0,fixture,5,True,2,0.7632500000000001,0.9,0.304
run.fixture.fixed.101,edge.market,101,fixed,245.0,0.3740720022958532,0.34644554156096363,0.2888764562931636,0.20794168736254615,0.0035692466814693834,2,0.0,,120.0,1.0,fixture,5,True,2,0.7807499999999999,0.9,0.26399999999999996
run.fixture.fixed.101,edge.market,101,fixed,250.0,0.4175847880647265,0.3580124535789594,0.308463319484906,0.21931340010282974,0.0034492508161746093,2,0.0,,120.0,1.0,fixture,5,True,2,0.79825,0.9,0.22399999999999998
run.fixture.fixed.101,edge.market,101,fixed,255.0,0.4601865935496467,0.37989294920642036,0.3291757234703784,0.2337250840985057,0.0035454857614093814,2,0.0,,120.0,1.0,fixture,5,True,2,0.81575,0.9,0.18666666666666665
run.fixture.fixed.101,edge.market,101,fixed,260.0,0.4573933684272309,0.3989601471274372,0.3469807663223111,0.2487679420373393,0.003596662118456856,2,0.0,,120.0,1.0,fixture,5,True,2,0.83325,0.9,0.156
run.fixture.fixed.101,edge.market,101,fixed,265.0,0.4711787777041664,0.4214208619567488,0.36393576939633426,0.26320060756213864,0.0036754191165096124,2,0.0,,120.0,1.0,fixture,5,True,2,0.85075,0.9,0.132
run.fixture.fixed.101,edge.market,101,fixed,270.0,0.4815510462323965,0.43700339107490344,0.37941955209986217,0.279070541312986,0.0038072590866719937,2,0.0,,120.0,1.0,fixture,5,True,2,0.86625,0.9,0.11466666666666668
run.fixture.fixed.101,edge.market,101,fixed,275.0,0.5255828987771689,0.45536421072159844,0.4029689433601601,0.2952123015174963,0.0035403677703180255,2,0.0,,120.0,1.0,fixture,5,True,2,0.8788333333333332,0.8973333333333334,0.104
run.fixture.fixed.101,edge.market,101,fixed,280.0,0.5392201252082909,0.4789567997090896,0.4185538449962782,0.3125984729440199,0.003928323061679506,2,0.0,,120.0,1.0,fixture,5,True,2,0.8885,0.888,0.09999999999999999
run.fixture.fixed.101,edge.market,101,fixed,285.0,0.5525080995426525,0.49823155849165035,0.43743730464129615,0.3308171430700929,0.0039536093049830625,2,0.0,,120.0,1.0,fixture,5,True,2,0.89525,0.872,0.09999999999999999
run.fixture.fixed.101,edge.market,101,fixed,290.0,0.5100810301093265,0.5053593351430332,0.4517571544204664,0.3465411747107783,0.0035593918337521895,2,0.0,,120.0,1.0,fixture,5,True,2,0.8990833333333333,0.8493333333333334,0.09999999999999999
run.fixture.fixed.101,edge.market,101,fixed,295.0,0.5856859141096568,0.523686841669094,0.4726596267443641,0.36438904197555844,0.003382412596922276,2,0.0,,120.0,1.0,fixture,5,True,2,0.9,0.82,0.09999999999999999
run.fixture.fixed.101,edge.market,101,fixed,300.0,0.6000855341797129,0.5421020925941721,0.49016825688085636,0.3818361864541433,0.0034519196894923286,2,0.0,,120.0,1.0,fixture,5,True,2,0.9,0.7839999999999999,0.09999999999999999
run.fixture.fixed.101,edge.market,101,fixed,305.0,0.6068644021773515,0.5600040005863086,0.5063072754137061,0.3985326603957381,0.0035051056261572715,2,0.0,,120.0,1.0,fixture,5,True,2,0.9,0.7440000000000001,0.09999999999999999
run.fixture.fixed.101,edge.market,101,fixed,310.0,0.6233123723293731,0.5739653539509091,0.5254796115701308,0.41694693262603005,0.003259373395024337,2,0.0,,120.0,1.0,fixture,5,True,2,0.9,0.7040000000000002,0.09999999999999999
run.fixture.fixed.101,edge.market,101,fixed,315.0,0.6733425907959387,0.593125706177716,0.5451532887033009,0.4362436225883274,0.0034043339563617184,2,0.0,,120.0,1.0,fixture,5,True,2,0.9,0.6640000000000001,0.09999999999999999
run.fixture.fixed.101,edge.market,101,fixed,320.0,0.6535098409792502,0.6075545263829442,0.5600243077363474,0.4533469037734132,0.0034651827998563524,2,0.0,,120.0,1.0,fixture,5,True,2,0.9,0.6240000000000001,0.09999999999999999
run.fixture.fixed.101,edge.market,101,fixed,325.0,0.6744071223437857,0.6310296824164384,0.5767176734222362,0.47029263915749003,0.00342988643994516,2,0.0,,120.0,1.0,fixture,5,True,2,0.9,0.5840000000000001,0.09999999999999999
run.fixture.fixed.101,edge.market,101,fixed,330.0,0.7177184917141433,0.6498914792170795,0.5956822668076189,0.48779090398259434,0.0035477245055769756,2,0.0,,120.0,1.0,fixture,5,True,2,0.9,0.544,0.09999999999999999
run.fixture.fixed.101,edge.market,101,fixed,335.0,0.6993337416858052,0.6640697945750925,0.6124347818424967,0.5069866211542947,0.0033532083574918776,2,0.0,,120.0,1.0,fixture,5,True,2,0.8973333333333334,0.504,0.09999999999999999
run.fixture.fixed.101,edge.market,101,fixed,340.0,0.7592266384598678,0.6858358283297378,0.6304073772027041,0.5238910305351392,0.003652975344576417,2,0.0,,120.0,1.0,fixture,5,True,2,0.888,0.46399999999999997,0.09999999999999999
run.fixture.fixed.101,edge.market,101,fixed,345.0,0.7530849375287381,0.7043747662153612,0.6468585166119694,0.5417335030699919,0.003760397979736094,2,0.0,,120.0,1.0,fixture,5,True,2,0.872,0.424,0.09999999999999999
run.fixture.fixed.101,edge.market,101,fixed,350.0,0.772533832462023,0.7185449435962304,0.6637835729903827,0.5596779370492684,0.003863253996895551,2,0.0,,120.0,1.0,fixture,5,True,2,0.8493333333333334,0.38399999999999995,0.09999999999999999
run.fixture.fixed.101,edge.market,101,fixed,355.0,0.7814634521621461,0.7368240309080729,0.6846591439175225,0.5783783241797947,0.00345683803520675,2,0.0,,120.0,1.0,fixture,5,True,2,0.82,0.3439999999999999,0.09999999999999999
run.fixture.fixed.101,edge.market,101,fixed,360.0,0.7967341324587,0.7542993180673462,0.7008936222520643,0.5953487557819301,0.003434461466626531,2,0.0,,120.0,1.0,fixture,5,True,2,0.7839999999999999,0.304,0.09999999999999999
run.fixture.fixed.101,edge.market,101,fixed,365.0,0.8428558835059407,0.7721760883233173,0.719568264507928,0.6131807046721556,0.003595029544666969,2,0.0,,120.0,1.0,fixture,5,True,2,0.7440000000000001,0.26399999999999996,0.09999999999999999
run.fixture.fixed.101,edge.market,101,fixed,370.0,0.8334320072171577,0.7913329833992248,0.7369965418186823,0.6315551048690078,0.003478826709437675,2,0.0,,120.0,1.0,fixture,5,True,2,0.7040000000000002,0.22399999999999998,0.09999999999999999
run.fixture.fixed.101,edge.market,101,fixed,375.0,0.8425335813569121,0.8032339752416596,0.7538597117438777,0.6485530566006952,0.0033001817103214355,2,0.0,,120.0,1.0,fixture,5,True,2,0.6640000000000001,0.18666666666666665,0.09999999999999999
run.fixture.fixed.101,edge.market,101,fixed,380.0,0.849639201516807,0.8170274415256694,0.7674209894916366,0.6641311609193816,0.003312332360873086,2,0.0,,120.0,1.0,fixture,5,True,2,0.6240000000000001,0.156,0.09999999999999999
run.fixture.fixed.101,edge.market,101,fixed,385.0,0.8800779554420681,0.832390887665676,0.7848493059887764,0.6810385443999752,0.0031788859390224026,2,0.0,,120.0,1.0,fixture,5,True,2,0.5840000000000001,0.132,0.09999999999999999
run.fixture.fixed.101,edge.market,101,fixed,390.0,0.9332731086870264,0.8540779814549445,0.804762074169026,0.6995223176392895,0.0033079491595439064,2,0.0,,120.0,1.0,fixture,5,True,2,0.544,0.11466666666666668,0.09999999999999999
run.fixture.fixed.101,edge.market,101,fixed,395.0,0.8824573449630284,0.8663241546698487,0.8174342936497093,0.7155585695885148,0.003150659651389881,2,0.0,,120.0,1.0,fixture,5,True,2,0.504,0.104,0.09999999999999999
run.fixture.fixed.101,edge.market,101,fixed,400.0,0.901292716413546,0.8746722736566495,0.8329695993979971,0.73058696229397,0.002795106544615924,2,0.0,,120.0,1.0,fixture,5,True,2,0.46399999999999997,0.09999999999999999,0.09999999999999999
run.fixture.fixed.101,edge.market,101,fixed,405.0,0.8960957432707246,0.8836242359500162,0.8434979920757553,0.7448619870164673,0.002644069332164772,2,0.0,,120.0,1.0,fixture,5,True,2,0.424,0.09999999999999999,0.09999999999999999
run.fixture.fixed.101,edge.market,101,fixed,410.0,0.87563808529014,0.8883534507976201,0.8529251572881709,0.7577871864463668,0.0021604969997001447,2,0.0,,120.0,1.0,fixture,5,True,2,0.38399999999999995,0.09999999999999999,0.09999999999999999
run.fixture.fixed.101,edge.market,101,fixed,415.0,0.8779027144082368,0.8923910954963957,0.861030455899418,0.7725000538183232,0.0017067893831477947,2,0.0,,120.0,1.0,fixture,5,True,2,0.3439999999999999,0.09999999999999999,0.09999999999999999
run.fixture.fixed.101,edge.market,101,fixed,420.0,0.8984954667151657,0.8950221685354096,0.8700329185573425,0.7850124359225434,0.0013417575575803,2,0.0,,120.0,1.0,fixture,5,True,2,0.304,0.09999999999999999,0.09999999999999999
run.fixture.fixed.101,edge.market,101,fixed,425.0,0.8858814588937122,0.8882519328506505,0.8768904052061898,0.7964442729111036,0.0008824166117865909,2,0.0,,120.0,1.0,fixture,5,True,2,0.26399999999999996,0.09999999999999999,0.09999999999999999
run.fixture.fixed.101,edge.market,101,fixed,430.0,0.9164060515893456,0.8931017480829816,0.8825481104433748,0.8088259388875833,0.0008811553221131712,2,0.0,,120.0,1.0,fixture,5,True,2,0.22399999999999998,0.09999999999999999,0.09999999999999999
run.fixture.fixed.101,edge.market,101,fixed,435.0,0.9289273714944268,0.8970495559516788,0.8898939076954723,0.8210505388541854,0.0008091364690612987,2,0.0,,120.0,1.0,fixture,5,True,2,0.18666666666666665,0.09999999999999999,0.09999999999999999
run.fixture.fixed.101,edge.market,101,fixed,440.0,0.874323454254396,0.8939392289493463,0.8923392825337403,0.8290897733925235,0.0003421639360762676,2,0.0,,120.0,1.0,fixture,5,True,2,0.156,0.09999999999999999,0.09999999999999999
run.fixture.fixed.101,edge.market,101,fixed,445.0,0.8789148069365018,0.8944073320416835,0.8945912521814091,0.8381059720308137,-7.481125150830265e-05,2,0.0,,120.0,1.0,fixture,5,True,2,0.132,0.09999999999999999,0.09999999999999999
run.fixture.fixed.101,edge.market,101,fixed,450.0,0.909386999343116,0.8989050870323806,0.8968457940199512,0.847505167110787,-8.889761876670347e-05,2,0.0,,120.0,1.0,fixture,5,True,2,0.11466666666666668,0.09999999999999999,0.09999999999999999
run.fixture.fixed.101,edge.market,101,fixed,455.0,0.9039340371259352,0.8996820256624906,0.8945889423614057,0.8549537889272585,0.00023804816288760486,2,0.0,,120.0,1.0,fixture,5,True,2,0.104,0.09999999999999999,0.09999999999999999
run.fixture.fixed.101,edge.market,101,fixed,460.0,0.8562773809665118,0.8954528716728907,0.8925750989770584,0.8612315344984869,-0.00010787551860470046,2,0.0,,120.0,1.0,fixture,5,True,2,0.09999999999999999,0.09999999999999999,0.09999999999999999
run.fixture.fixed.101,edge.market,101,fixed,465.0,0.8133893451731087,0.8807361993277139,0.8858133011893324,0.8633980427670164,-0.0005629207941742507,2,0.0,,120.0,1.0,fixture,5,True,2,0.09999999999999999,0.09999999999999999,0.09999999999999999
run.fixture.fixed.101,edge.market,101,fixed,470.0,0.737968840527459,0.8534564091895754,0.8736496932860044,0.8627933988869654,-0.0014586237275824871,2,0.0,,120.0,1.0,fixture,5,True,2,0.09999999999999999,0.09999999999999999,0.09999999999999999
run.fixture.fixed.101,edge.market,101,fixed,475.0,0.7127282173913856,0.8303713753520024,0.8611181649861002,0.86040117428414,-0.0025043491246580503,2,0.0,,120.0,1.0,fixture,5,True,2,0.09999999999999999,0.09999999999999999,0.09999999999999999
run.fixture.fixed.101,edge.market,101,fixed,480.0,0.6847452122094926,0.8026328618195725,0.8462598955861966,0.8565324446860337,-0.003538135795762099,2,0.0,,120.0,1.0,fixture,5,True,2,0.09999999999999999,0.09999999999999999,0.09999999999999999
run.fixture.fixed.101,edge.market,101,fixed,485.0,0.6282823967415028,0.7624750614479137,0.8254742748189917,0.8497943752573459,-0.0045735379882515335,2,0.0,,120.0,1.0,fixture,5,True,2,0.09999999999999999,0.09999999999999999,0.09999999999999999
run.fixture.fixed.101,edge.market,101,fixed,490.0,0.6009107495127751,0.7191860203603193,0.803553451020458,0.8401165698976193,-0.00558950596991555,2,0.0,,120.0,1.0,fixture,5,True,2,0.09999999999999999,0.09999999999999999,0.09999999999999999
run.fixture.fixed.101,edge.market,101,fixed,495.0,0.5804042067417834,0.6797755668996439,0.7777071552629533,0.8299954578786043,-0.006192722741003282,2,0.0,,120.0,1.0,fixture,5,True,2,0.09999999999999999,0.09999999999999999,0.09999999999999999
run.fixture.fixed.101,edge.market,101,fixed,500.0,0.5175187808812984,0.6375083434293852,0.7460603406004052,0.8169948658595798,-0.0067450180516292375,2,0.0,,120.0,1.0,fixture,5,True,2,0.09999999999999999,0.09999999999999999,0.09999999999999999
run.fixture.fixed.101,edge.market,101,fixed,505.0,0.4853644050458235,0.6014219955034373,0.7161404137382072,0.8024238740007403,-0.007477253016189184,2,0.0,,120.0,1.0,fixture,5,True,2,0.09999999999999999,0.09999999999999999,0.09999999999999999
run.fixture.fixed.101,edge.market,101,fixed,510.0,0.4285047528156239,0.5608186434211857,0.6814934864981397,0.7843609458956827,-0.00812164116250505,2,0.0,,120.0,1.0,fixture,5,True,2,0.09999999999999999,0.09999999999999999,0.09999999999999999
run.fixture.fixed.101,edge.market,101,fixed,515.0,0.3882530808175769,0.5184626246509121,0.6414062619961752,0.7625601447809046,-0.00830206736488807,2,0.0,,120.0,1.0,fixture,5,True,2,0.09999999999999999,0.09999999999999999,0.09999999999999999
run.fixture.fixed.101,edge.market,101,fixed,520.0,0.3738719817158544,0.4821182796472479,0.6006322577338613,0.7422167302510176,-0.008046585228375543,2,0.0,,120.0,1.0,fixture,5,True,2,0.09999999999999999,0.09999999999999999,0.09999999999999999
run.fixture.fixed.101,edge.market,101,fixed,525.0,0.350990263881702,0.4464153531285232,0.5617640179581067,0.7202046321497438,-0.007726075448688069,2,0.0,,120.0,1.0,fixture,5,True,2,0.09999999999999999,0.09999999999999999,0.09999999999999999
run.fixture.fixed.101,edge.market,101,fixed,530.0,0.295682892430672,0.40574087965550726,0.5219404446702269,0.6961881181161419,-0.0075448770560063005,2,0.0,,120.0,1.0,fixture,5,True,2,0.09999999999999999,0.09999999999999999,0.09999999999999999
run.fixture.fixed.101,edge.market,101,fixed,535.0,0.2264321824891297,0.36415707988519747,0.48259147097497074,0.6702198820041015,-0.007831526289067792,2,0.0,,120.0,1.0,fixture,5,True,2,0.09999999999999999,0.09999999999999999,0.09999999999999999
run.fixture.fixed.101,edge.market,101,fixed,540.0,0.1809685246476527,0.32067195411403027,0.44168687922545286,0.6423425144136781,-0.008049966347363404,2,0.0,,120.0,1.0,fixture,5,True,2,0.09999999999999999,0.09999999999999999,0.09999999999999999
run.fixture.fixed.101,edge.market,101,fixed,545.0,0.1886248862102583,0.28640340174183515,0.4035237772255117,0.6139476911934818,-0.007848827476157791,2,0.0,,120.0,1.0,fixture,5,True,2,0.09999999999999999,0.09999999999999999,0.09999999999999999
run.fixture.fixed.101,edge.market,101,fixed,550.0,0.1155583704828501,0.24744701455115986,0.36408346751330767,0.5831347676570473,-0.008018588029832553,2,0.0,,120.0,1.0,fixture,5,True,2,0.09999999999999999,0.09999999999999999,0.09999999999999999
run.fixture.fixed.101,edge.market,101,fixed,555.0,0.0979700774341804,0.208032456796635,0.3253957235072619,0.5503973286908407,-0.007951433487501222,2,0.0,,120.0,1.0,fixture,5,True,2,0.09999999999999999,0.09999999999999999,0.09999999999999999
run.fixture.fixed.101,edge.market,101,fixed,560.0,0.0881683078850248,0.17048646308282397,0.2875314235952037,0.5167669661464647,-0.007553966576613065,2,0.0,,120.0,1.0,fixture,5,True,2,0.09999999999999999,0.09999999999999999,0.09999999999999999
run.fixture.fixed.101,edge.market,101,fixed,565.0,0.0651054850898379,0.13754683346270485,0.25273040084201437,0.4843982473798823,-0.007251377708513645,2,0.0,,120.0,1.0,fixture,5,True,2,0.09999999999999999,0.09999999999999999,0.09999999999999999
run.fixture.fixed.101,edge.market,101,fixed,570.0,0.0919428964301471,0.11833407831142162,0.2224672078715777,0.45291937095962814,-0.006522022760210941,2,0.0,,120.0,1.0,fixture,5,True,2,0.09999999999999999,0.09999999999999999,0.09999999999999999
run.fixture.fixed.101,edge.market,101,fixed,575.0,0.0892136003932393,0.10522623198936257,0.19636788845447117,0.42011243500163303,-0.0058157137824765524,2,0.0,,120.0,1.0,fixture,5,True,2,0.09999999999999999,0.09999999999999999,0.09999999999999999
run.fixture.fixed.101,edge.market,101,fixed,580.0,0.0983878019499689,0.09233521995217837,0.17407055931080903,0.38789058559459433,-0.004985696389603226,2,0.0,,120.0,1.0,fixture,5,True,2,0.09999999999999999,0.09999999999999999,0.09999999999999999
run.fixture.fixed.101,edge.market,101,fixed,585.0,0.128404038604371,0.09417031539810991,0.15518840984069493,0.3587756519001088,-0.0037498603098266438,2,0.0,,120.0,1.0,fixture,5,True,2,0.09999999999999999,0.09999999999999999,0.09999999999999999
run.fixture.fixed.101,edge.market,101,fixed,590.0,0.0986502814985147,0.09426748740730052,0.13577764196506514,0.330186089353125,-0.0026164710700090957,2,0.0,,120.0,1.0,fixture,5,True,2,0.09999999999999999,0.09999999999999999,0.09999999999999999
run.fixture.fixed.101,edge.market,101,fixed,595.0,0.1088419549164678,0.09722086555464952,0.12140526215628022,0.3050210139286853,-0.0015640286183962807,2,0.0,,120.0,1.0,fixture,5,True,2,0.09999999999999999,0.09999999999999999,0.09999999999999999
run.fixture.fixed.101,edge.market,101,fixed,600.0,0.1102677621139129,0.10367261941523166,0.11246953751203276,0.28092259571758643,-0.0008295632974339248,2,0.0,,120.0,1.0,fixture,5,True,2,0.09999999999999999,0.09999999999999999,0.09999999999999999
run.fixture.fixed.101,edge.market,101,fixed,605.0,0.069580196792768,0.10047794803846322,0.10390120460011858,0.2563159951009174,-0.0005854348736605732,2,0.0,,120.0,1.0,fixture,5,True,2,0.09999999999999999,0.09999999999999999,
run.fixture.fixed.101,edge.market,101,fixed,610.0,0.1017246071506807,0.10226523471809772,0.09721656774938184,0.23525368351728457,5.1934562135418185e-05,2,0.0,,120.0,1.0,fixture,5,True,2,0.09999999999999999,0.09999999999999999,
run.fixture.fixed.101,edge.market,101,fixed,615.0,0.1178551929565838,0.10504629057618553,0.0973932464012075,0.2159314612550369,0.00032910419991287877,2,0.0,,120.0,1.0,fixture,5,True,2,0.09999999999999999,0.09999999999999999,
run.fixture.fixed.101,edge.market,101,fixed,620.0,0.1029596535581287,0.10141137842672235,0.09777705994920352,0.1968336791276907,0.0003702429473550074,2,0.0,,120.0,1.0,fixture,5,True,2,0.09999999999999999,0.09999999999999999,
run.fixture.fixed.101,edge.market,101,fixed,625.0,0.0933430550427409,0.10065320321875468,0.09817511742287398,0.17986665009414843,0.00026709427275278184,2,0.0,,120.0,1.0,fixture,5,True,2,0.09999999999999999,0.09999999999999999,
run.fixture.fixed.101,edge.market,101,fixed,630.0,0.0745204681124678,0.09575013367532612,0.0988993468861532,0.16343289261681415,-0.0001432522351523721,2,0.0,,120.0,1.0,fixture,5,True,2,0.09999999999999999,0.09999999999999999,
run.fixture.fixed.101,edge.market,101,fixed,635.0,0.0705414210664138,0.09007494209711196,0.0972530795504814,0.14911435934684575,-0.0003837387275814693,2,0.0,,120.0,1.0,fixture,5,True,2,0.09999999999999999,0.09999999999999999,
run.fixture.fixed.101,edge.market,101,fixed,640.0,0.082279187655107,0.09188908364887467,0.09671966318600969,0.136875403620347,-0.0005443098324967896,2,0.0,,120.0,1.0,fixture,5,True,2,0.09999999999999999,0.09999999999999999,
run.fixture.fixed.101,edge.market,101,fixed,645.0,0.0887297776704582,0.09003267943741432,0.09597673824143192,0.12546971545853114,-0.0005841585596897516,2,0.0,,120.0,1.0,fixture,5,True,2,0.09999999999999999,0.09999999999999999,
run.fixture.fixed.101,edge.market,101,fixed,650.0,0.0979266860321516,0.08718574987678114,0.09363232650510736,0.11534717234454911,-0.00032186098904701246,2,0.0,,120.0,1.0,fixture,5,True,2,0.09999999999999999,0.09999999999999999,
run.fixture.fixed.101,edge.market,101,fixed,655.0,0.1119103922960317,0.08846442683933872,0.0946523350279933,0.10799627233916351,-0.00016274661575097204,2,0.0,,120.0,1.0,fixture,5,True,2,0.09999999999999999,0.09999999999999999,
run.fixture.fixed.101,edge.market,101,fixed,660.0,0.0972776970180169,0.08902651855009244,0.09376277672811245,0.10283009292031899,-3.628561447683697e-05,2,0.0,,120.0,1.0,fixture,5,True,2,0.09999999999999999,0.09999999999999999,
run.fixture.fixed.101,edge.market,101,fixed,665.0,0.0638741747484008,0.08750561949808287,0.09019403923845769,0.09814631892434893,-0.00010639189379295456,2,0.0,,120.0,1.0,fixture,5,True,2,0.09999999999999999,0.09999999999999999,
run.fixture.fixed.101,edge.market,101,fixed,670.0,0.1244091864156227,0.09520101454796985,0.09441165382483113,0.09557769093256349,-3.93655356136548e-05,2,0.0,,120.0,1.0,fixture,5,True,2,0.09999999999999999,0.09999999999999999,
run.fixture.fixed.101,edge.market,101,fixed,675.0,0.1145727366059358,0.09981437868380252,0.09539997147523537,0.09553826557748693,0.00014981816764741588,2,0.0,,120.0,1.0,fixture,5,True,2,0.09999999999999999,0.09999999999999999,
run.fixture.fixed.101,edge.market,101,fixed,680.0,0.0946325497553839,0.10065763183879192,0.0936136143059123,0.09540476447033507,0.00031749071715327364,2,0.0,,120.0,1.0,fixture,5,True,2,0.09999999999999999,0.09999999999999999,
run.fixture.fixed.101,edge.market,101,fixed,685.0,0.0740176022193479,0.09724204843696282,0.09138730266446761,0.09483873624370798,0.00026017885148967864,2,0.0,,120.0,1.0,fixture,5,True,2,0.09999999999999999,0.09999999999999999,
run.fixture.fixed.101,edge.market,101,fixed,690.0,0.1093738256187432,0.09687968176877874,0.09262043886262164,0.09660946986486421,0.000393815559592499,2,0.0,,120.0,1.0,fixture,5,True,2,0.09999999999999999,0.09999999999999999,
run.fixture.fixed.101,edge.market,101,fixed,695.0,0.0946458202796115,0.09650369937757797,0.09416854287547885,0.0967175868188428,0.0002679391785494911,2,0.0,,120.0,1.0,fixture,5,True,2,0.09999999999999999,0.09999999999999999,
run.fixture.fixed.101,edge.market,101,fixed,700.0,0.0638241679903821,0.09649655555500389,0.09365183110039949,0.09570200952272849,-0.00011388071372966925,2,0.0,,120.0,1.0,fixture,5,True,2,0.09999999999999999,0.09999999999999999,
run.fixture.fixed.101,edge.market,101,fixed,705.0,0.1291518921048947,0.09717408493918558,0.09725742375038315,0.09693257312892553,3.270374990761047e-05,2,0.0,,120.0,1.0,fixture,5,True,2,0.09999999999999999,0.09999999999999999,
run.fixture.fixed.101,edge.market,101,fixed,710.0,0.1087499551478913,0.0963422590166078,0.09879743740249337,0.09614640979066634,4.288140466098728e-05,2,0.0,,120.0,1.0,fixture,5,True,2,0.09999999999999999,0.09999999999999999,
run.fixture.fixed.101,edge.market,101,fixed,715.0,0.0887624182006808,0.09550366879450735,0.09809249372314947,0.09575089525875297,-2.9981644573372067e-05,2,0.0,,120.0,1.0,fixture,5,True,2,0.09999999999999999,0.09999999999999999,
run.fixture.fixed.101,edge.market,101,fixed,720.0,0.1031322244294166,0.09966290053880288,0.09741725004110215,0.0955225060392709,0.00010953887657803125,2,0.0,,120.0,1.0,fixture,5,True,2,0.09999999999999999,0.09999999999999999,
run.fixture.fixed.101,edge.market,101,fixed,725.0,0.0985112659139169,0.09811110629525628,0.09751213995617139,0.09505224619127109,0.00011567868325417653,2,0.0,,120.0,1.0,fixture,5,True,2,0.09999999999999999,,
run.fixture.fixed.101,edge.market,101,fixed,730.0,0.1152850423324673,0.1010595665885214,0.10146682207802268,0.09688044001285906,-2.5890923555294494e-05,2,0.0,,120.0,1.0,fixture,5,True,2,0.09999999999999999,,
run.fixture.fixed.101,edge.market,101,fixed,735.0,0.0895894599336898,0.1047403225804225,0.09878838157941244,0.09639503412417944,7.22765242438287e-05,2,0.0,,120.0,1.0,fixture,5,True,2,0.09999999999999999,,
run.fixture.fixed.101,edge.market,101,fixed,740.0,0.1138704821429505,0.10255726401443045,0.09873436200533667,0.09623564569163408,0.0002931370611305245,2,0.0,,120.0,1.0,fixture,5,True,2,0.09999999999999999,,
run.fixture.fixed.101,edge.market,101,fixed,745.0,0.1081790572563822,0.1024757071727863,0.09977640104387499,0.09644442183956423,0.00032385737514876957,2,0.0,,120.0,1.0,fixture,5,True,2,0.09999999999999999,,
run.fixture.fixed.101,edge.market,101,fixed,750.0,0.1095577973374597,0.10544647562089758,0.10251026220680666,0.09709301153135298,0.0001902054916210981,2,0.0,,120.0,1.0,fixture,5,True,2,0.09999999999999999,,
run.fixture.fixed.101,edge.market,101,fixed,755.0,0.0760422518974589,0.10157647954490363,0.09994629499747708,0.09715388288275265,6.848777956337236e-05,2,0.0,,120.0,1.0,fixture,5,True,2,0.09999999999999999,,
run.fixture.fixed.101,edge.market,101,fixed,760.0,0.089315859672693,0.10026285008187164,0.09953629802771413,0.0979048604270038,-4.237588524296184e-05,2,0.0,,120.0,1.0,fixture,5,True,2,0.09999999999999999,,
run.fixture.fixed.101,edge.market,101,fixed,765.0,0.081531297040683,0.09544088646875958,0.1008983848777373,0.09787494480242684,-0.00043579887006000786,2,0.0,,120.0,1.0,fixture,5,True,2,0.09999999999999999,,
run.fixture.fixed.101,edge.market,101,fixed,770.0,0.1302418071751653,0.10124836464611323,0.10098222449852733,0.09953542598261512,-2.4991085032897405e-05,2,0.0,,120.0,1.0,fixture,5,True,2,0.09999999999999999,,
run.fixture.fixed.101,edge.market,101,fixed,775.0,0.0824056542382762,0.09675338923115975,0.09895573981317232,0.09891458471086009,-8.772219164384137e-05,2,0.0,,120.0,1.0,fixture,5,True,2,0.09999999999999999,,
run.fixture.fixed.101,edge.market,101,fixed,780.0,0.1338713618966075,0.10042371846547767,0.10242565855901284,0.09979302349488313,6.408053496403875e-05,2,0.0,,120.0,1.0,fixture,5,True,2,0.09999999999999999,,
run.fixture.fixed.101,edge.market,101,fixed,785.0,0.077410484659169,0.09583124522572184,0.10044706319207071,0.09899833500052921,-9.541955548237531e-05,2,0.0,,120.0,1.0,fixture,5,True,2,,,
run.fixture.fixed.101,edge.market,101,fixed,790.0,0.1094801699155759,0.10060809065688141,0.10129082503835217,0.10082257480721622,-5.075135834616312e-05,2,0.0,,120.0,1.0,fixture,5,True,2,,,
run.fixture.fixed.101,edge.market,101,fixed,795.0,0.100305499236722,0.1021780391660284,0.10013855249252562,0.0998584273200602,5.039981335606401e-05,2,0.0,,120.0,1.0,fixture,5,True,2,,,
run.fixture.fixed.101,edge.market,101,fixed,800.0,0.0704500147006556,0.10059499883173877,0.09866628747459992,0.09809351844384898,-0.00022649565330665252,2,0.0,,120.0,1.0,fixture,5,True,2,,,
run.fixture.fixed.101,edge.market,101,fixed,805.0,0.1042251209860365,0.09687832937614896,0.09792433661637576,0.09847722129307508,-7.288866017799988e-05,2,0.0,,120.0,1.0,fixture,5,True,2,,,
run.fixture.fixed.101,edge.market,101,fixed,810.0,0.0942134202179488,0.09856515308753075,0.09685005684418857,0.09928505401301914,-1.847377436538057e-05,2,0.0,,120.0,1.0,fixture,5,True,2,,,
run.fixture.fixed.101,edge.market,101,fixed,815.0,0.1155933627543287,0.0959540103529195,0.09731433110702464,0.09953383549844257,0.00020286031235301373,2,0.0,,120.0,1.0,fixture,5,True,2,,,
run.fixture.fixed.101,edge.market,101,fixed,820.0,0.1171848667989905,0.10163606494432258,0.10047914763791169,0.1004353973592177,0.00017024345486382097,2,0.0,,120.0,1.0,fixture,5,True,2,,,
run.fixture.fixed.101,edge.market,101,fixed,825.0,0.0943940758133206,0.09948090864400039,0.1008697796487292,0.10165819367213523,4.42506562879121e-05,2,0.0,,120.0,1.0,fixture,5,True,2,,,
run.fixture.fixed.101,edge.market,101,fixed,830.0,0.1038110997026265,0.09998170871055816,0.10258361062272485,0.10064456197604452,-8.511358319883534e-05,2,0.0,,120.0,1.0,fixture,5,True,2,,,
run.fixture.fixed.101,edge.market,101,fixed,835.0,0.1225938955130135,0.107430834540895,0.10199530972563625,0.10119831959064941,0.00025957771922843466,2,0.0,,120.0,1.0,fixture,5,True,2,,,
run.fixture.fixed.101,edge.market,101,fixed,840.0,0.1188069670352316,0.10951395540506574,0.10479541071001745,0.10240010154403144,0.0002197341537845351,2,0.0,,120.0,1.0,fixture,5,True,2,,,
run.fixture.fixed.101,edge.market,101,fixed,845.0,0.1042494176163788,0.11094766931912717,0.10251679961153831,0.10244478927150992,0.0004397953622947541,2,0.0,,120.0,1.0,fixture,5,True,2,,,
run.fixture.fixed.101,edge.market,101,fixed,850.0,0.0667923231890925,0.10397609223837916,0.10170001795999398,0.10117603156251695,1.11238642713912e-05,2,0.0,,120.0,1.0,fixture,5,True,2,,,
run.fixture.fixed.101,edge.market,101,fixed,855.0,0.1059417476021833,0.10236993235312099,0.10142783162819453,0.10080229977330561,9.893863519689596e-05,2,0.0,,120.0,1.0,fixture,5,True,2,,,
run.fixture.fixed.101,edge.market,101,fixed,860.0,0.0904151741677008,0.10180151783231815,0.100667037392116,0.10083532834266602,1.769438079769774e-05,2,0.0,,120.0,1.0,fixture,5,True,2,,,
run.fixture.fixed.101,edge.market,101,fixed,865.0,0.1011574221139579,0.10142242103393692,0.1030291456546777,0.10032680594150634,-0.00021151094943216067,2,0.0,,120.0,1.0,fixture,5,True,2,,,
run.fixture.fixed.101,edge.market,101,fixed,870.0,0.094351448497521,0.09738778574600941,0.10226963238633036,0.09977370159115187,-0.00025952672484252156,2,0.0,,120.0,1.0,fixture,5,True,2,,,
run.fixture.fixed.101,edge.market,101,fixed,875.0,0.1283542785553564,0.09875168739174153,0.10489585225843864,0.10052556083986776,-0.00014951090963869184,2,0.0,,120.0,1.0,fixture,5,True,2,,,
run.fixture.fixed.101,edge.market,101,fixed,880.0,0.0862881095500753,0.09618578623941246,0.1026416020119576,0.10093539514597241,-0.00018991078082434962,2,0.0,,120.0,1.0,fixture,5,True,2,,,
run.fixture.fixed.101,edge.market,101,fixed,885.0,0.102549800254702,0.10129399724878525,0.10151582766239695,0.10146475276925276,-7.864479954336485e-05,2,0.0,,120.0,1.0,fixture,5,True,2,,,
run.fixture.fixed.101,edge.market,101,fixed,890.0,0.0884667541213442,0.09879756960866537,0.10105987983993722,0.10174217105247924,-0.00021946535359814595,2,0.0,,120.0,1.0,fixture,5,True,2,,,
run.fixture.fixed.101,edge.market,101,fixed,895.0,0.1075744977119083,0.10124890154355215,0.10134937199449737,0.10083547867394893,-0.0001553485994545721,2,0.0,,120.0,1.0,fixture,5,True,2,,,
run.fixture.fixed.101,edge.market,101,fixed,900.0,0.1049384016583548,0.101789041478466,0.09999125708260054,0.10173678857075208,3.173474407593038e-05,2,0.0,,120.0,1.0,fixture,5,True,2,,,
run.fixture.fixed.102,edge.market,102,fixed,0.0,0.1389983239706046,0.1389983239706046,0.1389983239706046,0.1389983239706046,0.0,2,0.0,,0.0,1.0,fixture,5,False,2,0.09999999999999999,0.11574999999999998,0.5252500000000001
run.fixture.fixed.102,edge.market,102,fixed,5.0,0.0790761556199965,0.10903723979530056,0.10903723979530056,0.10903723979530056,-0.011984433670121617,2,0.0,,5.0,1.0,fixture,5,False,2,0.09999999999999999,0.12683333333333333,0.54275
run.fixture.fixed.102,edge.market,102,fixed,10.0,0.1102160579032552,0.10943017916461877,0.10943017916461877,0.10943017916461877,-0.002878226606734935,2,0.0,,10.0,1.0,fixture,5,False,2,0.09999999999999999,0.14083333333333334,0.5602499999999999
run.fixture.fixed.102,edge.market,102,fixed,15.0,0.0906281701463853,0.1047296769100604,0.1047296769100604,0.1047296769100604,-0.002279411183787981,2,0.0,,15.0,1.0,fixture,5,False,2,0.09999999999999999,0.15775,0.57775
run.fixture.fixed.102,edge.market,102,fixed,20.0,0.1499737845823906,0.11377849844452644,0.11377849844452644,0.11377849844452644,0.0006700587149992182,2,0.0,,20.0,1.0,fixture,5,False,2,0.09999999999999999,0.17525000000000002,0.59525
run.fixture.fixed.102,edge.market,102,fixed,25.0,0.078197905905584,0.10784839968803601,0.10784839968803601,0.10784839968803601,-0.0006336976639702286,2,0.0,,25.0,1.0,fixture,5,False,2,0.09999999999999999,0.19275,0.61275
run.fixture.fixed.102,edge.market,102,fixed,30.0,0.0878423676241999,0.104990395107488,0.104990395107488,0.104990395107488,-0.0008247617270636001,2,0.0,,30.0,1.0,fixture,5,False,2,0.09999999999999999,0.21025000000000002,0.6302500000000001
run.fixture.fixed.102,edge.market,102,fixed,35.0,0.1063685468892859,0.10032899838158535,0.10516266408021276,0.10516266408021276,-0.0005268719550124296,2,0.0,,35.0,1.0,fixture,5,False,2,0.09999999999999999,0.22775,0.6477499999999999
run.fixture.fixed.102,edge.market,102,fixed,40.0,0.0983497907361778,0.1030823748267541,0.10440567815309776,0.10440567815309776,-0.0004596486797625043,2,0.0,,40.0,1.0,fixture,5,False,2,0.09999999999999999,0.24525,0.66525
run.fixture.fixed.102,edge.market,102,fixed,45.0,0.1127259329608207,0.1034409284064063,0.10523770363387006,0.10523770363387006,-0.00024352353283393422,2,0.0,,45.0,1.0,fixture,5,False,2,0.09999999999999999,0.26275,0.68275
run.fixture.fixed.102,edge.market,102,fixed,50.0,0.0871369121869214,0.10294217726934005,0.10359217713869291,0.10359217713869291,-0.00034719529914316517,2,0.0,,50.0,1.0,fixture,5,False,2,0.10233333333333333,0.28025,0.70025
run.fixture.fixed.102,edge.market,102,fixed,55.0,0.1433749932035738,0.10199949278665192,0.10690741181076631,0.10690741181076631,3.894835500434225e-05,2,0.0,,55.0,1.0,fixture,5,False,2,0.10758333333333332,0.29775,0.7177500000000001
run.fixture.fixed.102,edge.market,102,fixed,60.0,0.1087968853531695,0.10637077556487842,0.10705275592941271,0.10705275592941271,4.306034624453131e-05,2,0.0,,60.0,1.0,fixture,5,True,2,0.11574999999999998,0.31525,0.7352500000000001
run.fixture.fixed.102,edge.market,102,fixed,65.0,0.0719565362268482,0.1041013710795425,0.10189569533373913,0.10454588309351524,5.739183863239532e-05,2,0.0,,65.0,1.0,fixture,5,True,2,0.12683333333333333,0.33275,0.7527499999999999
run.fixture.fixed.102,edge.market,102,fixed,70.0,0.0856785682637404,0.10114565984732168,0.10240357322941175,0.10328806210486359,-0.0002250691947919909,2,0.0,,70.0,1.0,fixture,5,True,2,0.14083333333333334,0.35025,0.7702499999999999
run.fixture.fixed.102,edge.market,102,fixed,75.0,0.1427550497721685,0.10748926828103465,0.10490657260394354,0.10575474883407014,0.00010108053265135603,2,0.0,,75.0,1.0,fixture,5,True,2,0.15775,0.36774999999999997,0.78775
run.fixture.fixed.102,edge.market,102,fixed,80.0,0.110464180855217,0.10716616083737697,0.10643241958154598,0.10603177424707877,2.7890238480731598e-05,2,0.0,,80.0,1.0,fixture,5,True,2,0.17525000000000002,0.38525000000000004,0.80525
run.fixture.fixed.102,edge.market,102,fixed,85.0,0.0962155500601642,0.1084631091049831,0.10229717077214394,0.10548642845891686,0.0002954598405440526,2,0.0,,85.0,1.0,fixture,5,True,2,0.19275,0.40275,0.8227500000000001
run.fixture.fixed.102,edge.market,102,fixed,90.0,0.1046627182296386,0.10293278410870664,0.104332925566302,0.10544307528895484,0.00012567789623531484,2,0.0,,90.0,1.0,fixture,5,True,2,0.21025000000000002,0.42025,0.84025
run.fixture.fixed.102,edge.market,102,fixed,95.0,0.0706553790275726,0.09748399749076421,0.1030108495204076,0.10370369047588575,-0.00022322230687137946,2,0.0,,95.0,1.0,fixture,5,True,2,0.22775,0.43775000000000003,0.8575
run.fixture.fixed.102,edge.market,102,fixed,100.0,0.0974067965647869,0.1011197489676126,0.10232148411083074,0.10340383838488104,-0.0002343436652797047,2,0.0,,100.0,1.0,fixture,5,True,2,0.24525,0.45524999999999993,0.8691666666666668
run.fixture.fixed.102,edge.market,102,fixed,105.0,0.1169592110908356,0.10558841222862621,0.10375297798426594,0.10401999168969715,-0.00016838266719458592,2,0.0,,105.0,1.0,fixture,5,True,2,0.26275,0.47274999999999995,0.87125
run.fixture.fixed.102,edge.market,102,fixed,110.0,0.0845633859187158,0.09727531739241868,0.10158662821179634,0.10317405230835014,-0.0002258847194554834,2,0.0,,110.0,1.0,fixture,5,True,2,0.28025,0.49025,0.86375
run.fixture.fixed.102,edge.market,102,fixed,115.0,0.0784748825723437,0.09270541763772248,0.1009203182414442,0.10214492023601653,-0.0004894215172695932,2,0.0,,115.0,1.0,fixture,5,True,2,0.29775,0.50775,0.8466666666666667
run.fixture.fixed.102,edge.market,102,fixed,120.0,0.0909470973391556,0.09195278153472126,0.0968874031749505,0.1016970073201421,-0.00022860459493863152,2,0.0,,120.0,1.0,fixture,5,True,2,0.31525,0.5252500000000001,0.82
run.fixture.fixed.102,edge.market,102,fixed,125.0,0.0794540655197657,0.08835154543331084,0.0946302631877656,0.09931523698210853,-0.0002519382770084953,2,0.0,,120.0,1.0,fixture,5,True,2,0.33275,0.54275,0.7839999999999999
run.fixture.fixed.102,edge.market,102,fixed,130.0,0.0739956162306496,0.08882872217660756,0.09478711549575033,0.09911201540653465,-0.0005624041786229116,2,0.0,,120.0,1.0,fixture,5,True,2,0.35025,0.5602499999999999,0.7440000000000001
run.fixture.fixed.102,edge.market,102,fixed,135.0,0.0766412364128539,0.08586221358347426,0.09409193612260522,0.0977690225469186,-0.0007521130853497772,2,0.0,,120.0,1.0,fixture,5,True,2,0.36774999999999997,0.57775,0.7040000000000002
run.fixture.fixed.102,edge.market,102,fixed,140.0,0.0948567678951001,0.0827047216983692,0.09040745290129225,0.0979381664568672,-0.0003727385950399826,2,0.0,,120.0,1.0,fixture,5,True,2,0.38525000000000004,0.59525,0.6640000000000001
run.fixture.fixed.102,edge.market,102,fixed,145.0,0.1046503042046369,0.0855742814535008,0.08996023162047839,0.09612522724175704,-0.00012454716262510324,2,0.0,,120.0,1.0,fixture,5,True,2,0.40275,0.61275,0.6240000000000001
run.fixture.fixed.102,edge.market,102,fixed,150.0,0.1300104524613473,0.09293650572335843,0.09255983949749247,0.0981977291039876,0.00018763806168590252,2,0.0,,120.0,1.0,fixture,5,True,2,0.42025,0.6302500000000001,0.5840000000000001
run.fixture.fixed.102,edge.market,102,fixed,155.0,0.0852151570740232,0.09211765711405381,0.09106387325475285,0.09809264068198052,0.0002323106513388765,2,0.0,,120.0,1.0,fixture,5,True,2,0.43775000000000003,0.6477499999999999,0.544
run.fixture.fixed.102,edge.market,102,fixed,160.0,0.1157193732463748,0.09729841536071226,0.09453033434850687,0.09846667373626407,0.00023788597041521763,2,0.0,,120.0,1.0,fixture,5,True,2,0.45524999999999993,0.66525,0.504
run.fixture.fixed.102,edge.market,102,fixed,165.0,0.1110888090553612,0.10259744290709963,0.0955827968477818,0.0989762344690314,0.00036918935915707064,2,0.0,,120.0,1.0,fixture,5,True,2,0.47274999999999995,0.68275,0.46399999999999997
run.fixture.fixed.102,edge.market,102,fixed,170.0,0.0815510376062225,0.10329884307758086,0.09285909119511926,0.09772923865484748,0.00044110622097247895,2,0.0,,120.0,1.0,fixture,5,True,2,0.49025,0.70025,0.424
run.fixture.fixed.102,edge.market,102,fixed,175.0,0.1179567359907143,0.10659883851981146,0.09542781043142684,0.09896203160699919,0.0005427720801359358,2,0.0,,120.0,1.0,fixture,5,True,2,0.50775,0.7177500000000001,0.38399999999999995
run.fixture.fixed.102,edge.market,102,fixed,180.0,0.1478936592818384,0.1127764606736974,0.10076771633215721,0.09914277825012975,0.0007582936164973498,2,0.0,,120.0,1.0,fixture,5,True,2,0.5252500000000001,0.7352500000000001,0.3439999999999999
run.fixture.fixed.102,edge.market,102,fixed,185.0,0.1648505375029539,0.11775361567964118,0.10645259634475707,0.10138492433612116,0.0011052744891058874,2,0.0,,120.0,1.0,fixture,5,True,2,0.54275,0.7527499999999999,0.304
run.fixture.fixed.102,edge.market,102,fixed,190.0,0.1654104171101404,0.1292100813990865,0.11306462339017051,0.10512307957145284,0.0012863263669271627,2,0.0,,120.0,1.0,fixture,5,True,2,0.5602499999999999,0.7702499999999999,0.26399999999999996
run.fixture.fixed.102,edge.market,102,fixed,195.0,0.2169474214393447,0.14367123114093933,0.12406091609853168,0.11037383369847702,0.0016707370682221066,2,0.0,,120.0,1.0,fixture,5,True,2,0.57775,0.78775,0.22399999999999998
run.fixture.fixed.102,edge.market,102,fixed,200.0,0.2130924919258838,0.1582431858367283,0.1345571665226109,0.11318733138462563,0.0018929916804906433,2,0.0,,120.0,1.0,fixture,5,True,2,0.59525,0.80525,0.18666666666666665
run.fixture.fixed.102,edge.market,102,fixed,205.0,0.2528430310054534,0.18271347060804702,0.14670995599263809,0.11888248539063509,0.002367510797528534,2,0.0,,120.0,1.0,fixture,5,True,2,0.61275,0.8227500000000001,0.156
run.fixture.fixed.102,edge.market,102,fixed,210.0,0.2220806092003118,0.1975883096379895,0.15574305637692076,0.123917087756241,0.0025409243763527493,2,0.0,,120.0,1.0,fixture,5,True,2,0.6302500000000001,0.84025,0.132
run.fixture.fixed.102,edge.market,102,fixed,215.0,0.2859377093763113,0.2173088882229142,0.1677374607549949,0.1311680874021079,0.003201407552822341,2,0.0,,120.0,1.0,fixture,5,True,2,0.6477499999999999,0.8575,0.11466666666666668
run.fixture.fixed.102,edge.market,102,fixed,220.0,0.2813682971716492,0.23395428246129923,0.18282616383942768,0.13959660412787098,0.003315834907474124,2,0.0,,120.0,1.0,fixture,5,True,2,0.66525,0.8691666666666668,0.104
run.fixture.fixed.102,edge.market,102,fixed,225.0,0.3198257459942931,0.2560136151590353,0.19852665405080602,0.1484933621050512,0.003702922774262939,2,0.0,,120.0,1.0,fixture,5,True,2,0.68275,0.87125,0.09999999999999999
run.fixture.fixed.102,edge.market,102,fixed,230.0,0.3152460312157045,0.27005627369851526,0.2142310557554478,0.15642483491004597,0.0037999022775830264,2,0.0,,120.0,1.0,fixture,5,True,2,0.70025,0.86375,0.09999999999999999
run.fixture.fixed.102,edge.market,102,fixed,235.0,0.3188666991592326,0.2851668747318508,0.23248610664414088,0.16579696743966665,0.003469192094482072,2,0.0,,120.0,1.0,fixture,5,True,2,0.7177500000000001,0.8466666666666667,0.09999999999999999
run.fixture.fixed.102,edge.market,102,fixed,240.0,0.3453551309198548,0.29838288900533677,0.24997829086945939,0.17647217737356707,0.003332388304460419,2,0.0,,120.0,1.0,fixture,5,True,2,0.7352500000000001,0.82,0.09999999999999999
run.fixture.fixed.102,edge.market,102,fixed,245.0,0.3783696286525626,0.32070989178422965,0.2677072115902843,0.18796907862610332,0.0033936582007079736,2,0.0,,120.0,1.0,fixture,5,True,2,0.7527499999999999,0.7839999999999999,0.09999999999999999
run.fixture.fixed.102,edge.market,102,fixed,250.0,0.3807769928303133,0.33425836084908717,0.2843169389231581,0.20002199571852525,0.003347968056563864,2,0.0,,120.0,1.0,fixture,5,True,2,0.7702499999999999,0.7440000000000001,0.09999999999999999
run.fixture.fixed.102,edge.market,102,fixed,255.0,0.4153937898819915,0.35340485980770747,0.30354642913637747,0.21367792266457894,0.003297545477510982,2,0.0,,120.0,1.0,fixture,5,True,2,0.78775,0.7040000000000002,0.09999999999999999
run.fixture.fixed.102,edge.market,102,fixed,260.0,0.398229443280068,0.36460538799138964,0.3174912000472024,0.22654145093926753,0.003255682874195497,2,0.0,,120.0,1.0,fixture,5,True,2,0.80525,0.6640000000000001,0.09999999999999999
run.fixture.fixed.102,edge.market,102,fixed,265.0,0.4592901657750841,0.38518312149987244,0.33642948265098693,0.24111878685446683,0.0033875541242153508,2,0.0,,120.0,1.0,fixture,5,True,2,0.8227500000000001,0.6240000000000001,0.09999999999999999
run.fixture.fixed.102,edge.market,102,fixed,270.0,0.455305770744395,0.4046744174406099,0.35200353955398245,0.2551450055160572,0.0035283811209644847,2,0.0,,120.0,1.0,fixture,5,True,2,0.84025,0.5840000000000001,0.09999999999999999
run.fixture.fixed.102,edge.market,102,fixed,275.0,0.4839440229054522,0.42447283058140955,0.3721468790697624,0.2693023483338214,0.0033989112172646205,2,0.0,,120.0,1.0,fixture,5,True,2,0.8575,0.544,0.09999999999999999
run.fixture.fixed.102,edge.market,102,fixed,280.0,0.5412164902154271,0.44773666794753303,0.39178370836507903,0.28754240165947753,0.0038505084469567367,2,0.0,,120.0,1.0,fixture,5,True,2,0.8691666666666668,0.504,0.09999999999999999
run.fixture.fixed.102,edge.market,102,fixed,285.0,0.5270709605324682,0.468635806190698,0.4106839132389882,0.30399646515092127,0.0038931629905285263,2,0.0,,120.0,1.0,fixture,5,True,2,0.87125,0.46399999999999997,0.09999999999999999
run.fixture.fixed.102,edge.market,102,fixed,290.0,0.522840513717949,0.4839853381672633,0.4263004338331156,0.3204665333374248,0.003933748080815228,2,0.0,,120.0,1.0,fixture,5,True,2,0.86375,0.424,0.09999999999999999
run.fixture.fixed.102,edge.market,102,fixed,295.0,0.5271752663114002,0.5024061700288823,0.4426026826866307,0.33829150248563195,0.0037445922308677877,2,0.0,,120.0,1.0,fixture,5,True,2,0.8466666666666667,0.38399999999999995,0.09999999999999999
run.fixture.fixed.102,edge.market,102,fixed,300.0,0.5271752663114002,0.5121040415340702,0.4586264186214128,0.3546602436984594,0.003350398403457713,2,5.0,,120.0,1.0,fixture,5,True,2,0.82,0.3439999999999999,0.09999999999999999
run.fixture.fixed.102,edge.market,102,fixed,305.0,0.5271752663114002,0.5223711123293567,0.47261258288230096,0.36983150797964187,0.0029310512300830126,2,10.0,,120.0,1.0,fixture,5,True,2,0.7839999999999999,0.304,0.09999999999999999
run.fixture.fixed.102,edge.market,102,fixed,310.0,0.5271752663114002,0.5285470042444922,0.4840591703945191,0.3843244971319797,0.002565859384991168,2,15.0,,120.0,1.0,fixture,5,True,2,0.7440000000000001,0.26399999999999996,0.09999999999999999
run.fixture.fixed.102,edge.market,102,fixed,315.0,,0.5264354232493363,0.49266601852486963,0.3934459171328896,0.002326710330314167,2,20.0,,120.0,0.9230769230769231,fixture,5,False,0,0.7040000000000002,0.22399999999999998,0.09999999999999999
run.fixture.fixed.102,edge.market,102,fixed,320.0,,0.52630831579271,0.49969076658331313,0.4011197647717393,0.0021817536623951975,2,25.0,,120.0,0.8461538461538461,fixture,5,False,0,0.6640000000000001,0.18666666666666665,0.09999999999999999
run.fixture.fixed.102,edge.market,102,fixed,325.0,,0.5271752663114002,0.5098368989136377,0.40966645899200543,0.001556187239150322,2,30.0,,120.0,0.7692307692307693,fixture,5,False,0,0.6240000000000001,0.156,0.09999999999999999
run.fixture.fixed.102,edge.market,102,fixed,330.0,,0.5271752663114002,0.5154532025956992,0.41713424127707943,0.001297311901522481,2,35.0,,120.0,0.6923076923076923,fixture,5,False,0,0.5840000000000001,0.132,0.09999999999999999
run.fixture.fixed.102,edge.market,102,fixed,335.0,,0.5271752663114002,0.5229716315771121,0.42688692288091784,0.0005644291767898794,2,40.0,,120.0,0.6153846153846154,fixture,5,False,0,0.544,0.11466666666666668,0.09999999999999999
run.fixture.fixed.102,edge.market,102,fixed,340.0,,0.5271752663114002,0.5285470042444922,0.434305302539055,-0.000268430768291178,2,45.0,,120.0,0.5384615384615384,fixture,5,False,0,0.504,0.104,0.09999999999999999
run.fixture.fixed.102,edge.market,102,fixed,345.0,,,0.5264354232493363,0.44280180283724424,7.729020957150119e-05,2,50.0,,120.0,0.46153846153846156,fixture,5,False,0,0.46399999999999997,0.09999999999999999,0.09999999999999999
run.fixture.fixed.102,edge.market,102,fixed,350.0,,,0.52630831579271,0.4500356885338884,0.00017339010373804153,2,55.0,,120.0,0.38461538461538464,fixture,5,False,0,0.424,0.09999999999999999,0.09999999999999999
run.fixture.fixed.102,edge.market,102,fixed,355.0,0.7593733969552532,0.7593733969552532,0.5736148924401708,0.4761608276950384,0.0041855457025930685,2,0.0,,120.0,0.38461538461538464,fixture,5,False,2,0.38399999999999995,0.09999999999999999,0.09999999999999999
run.fixture.fixed.102,edge.market,102,fixed,360.0,0.7933179380208983,0.7763456674880758,0.6268434267820704,0.5040697240986658,0.0046832630940043555,2,0.0,,120.0,0.38461538461538464,fixture,5,False,2,0.3439999999999999,0.09999999999999999,0.09999999999999999
run.fixture.fixed.102,edge.market,102,fixed,365.0,0.8057924156147964,0.7861612501969827,0.6825668566427497,0.5311542702571918,0.00491044868786036,2,0.0,,120.0,0.38461538461538464,fixture,5,False,2,0.304,0.09999999999999999,0.09999999999999999
run.fixture.fixed.102,edge.market,102,fixed,370.0,0.80485461544529,0.7908345915090595,0.7381027264695277,0.5562416224214699,0.0049124407686530975,2,0.0,,120.0,0.38461538461538464,fixture,5,False,2,0.26399999999999996,0.09999999999999999,0.09999999999999999
run.fixture.fixed.102,edge.market,102,fixed,375.0,0.8289699728327071,0.798461667773789,0.798461667773789,0.582605915362787,0.0030145965835860263,2,0.0,,120.0,0.38461538461538464,fixture,5,False,2,0.22399999999999998,0.09999999999999999,0.09999999999999999
run.fixture.fixed.102,edge.market,102,fixed,380.0,0.8408485445069878,0.8055261472293221,0.8055261472293221,0.6076326656348457,0.0029336802401405382,2,0.0,,120.0,0.46153846153846156,fixture,5,False,2,0.18666666666666665,0.09999999999999999,0.09999999999999999
run.fixture.fixed.102,edge.market,102,fixed,385.0,0.8583824321269466,0.81307704507184,0.81307704507184,0.6347004885081916,0.002966184826465488,2,0.0,,120.0,0.5384615384615384,fixture,5,False,2,0.156,0.09999999999999999,0.09999999999999999
run.fixture.fixed.102,edge.market,102,fixed,390.0,0.911083037879976,0.8347498509182288,0.825327794172857,0.6612765398084792,0.003610889764445963,2,0.0,,120.0,0.6153846153846154,fixture,5,False,2,0.132,0.09999999999999999,0.09999999999999999
run.fixture.fixed.102,edge.market,102,fixed,395.0,0.879596371183556,0.8470753413700373,0.8313576360629347,0.6862348104225475,0.0032512038619214698,2,0.0,,120.0,0.6923076923076923,fixture,5,False,2,0.11466666666666668,0.09999999999999999,0.09999999999999999
run.fixture.fixed.102,edge.market,102,fixed,400.0,0.9302879092413984,0.8648604118881231,0.841250663380781,0.7124903331481915,0.00344375124334429,2,0.0,,120.0,0.7692307692307693,fixture,5,False,2,0.104,0.09999999999999999,0.09999999999999999
run.fixture.fixed.102,edge.market,102,fixed,405.0,0.833591236165032,0.8689656434195149,0.840554351815713,0.7296888476158153,0.002513182276001428,2,0.0,,120.0,0.8461538461538461,fixture,5,True,2,0.09999999999999999,0.09999999999999999,0.09999999999999999
run.fixture.fixed.102,edge.market,102,fixed,410.0,0.7705183869314456,0.8606154168621918,0.8347180214086908,0.744009284462814,0.0013944789439682805,2,0.0,,120.0,0.9230769230769231,fixture,5,True,2,0.09999999999999999,0.09999999999999999,0.09999999999999999
run.fixture.fixed.102,edge.market,102,fixed,415.0,0.7926813436541313,0.8537343881689264,0.8314844308121861,0.7598822744590601,0.0008184971191318123,2,0.0,,120.0,1.0,fixture,5,True,2,0.09999999999999999,0.09999999999999999,0.09999999999999999
run.fixture.fixed.102,edge.market,102,fixed,420.0,0.709886568061829,0.832520693302481,0.8276777516665382,0.7706299980914383,-0.0005379472913084727,2,0.0,,120.0,1.0,fixture,5,True,2,0.09999999999999999,0.09999999999999999,0.09999999999999999
run.fixture.fixed.102,edge.market,102,fixed,425.0,0.6896249997832531,0.800883830717235,0.8197013718021039,0.7801858647662531,-0.0017124914746262702,2,0.0,,120.0,1.0,fixture,5,True,2,0.09999999999999999,0.09999999999999999,0.09999999999999999
run.fixture.fixed.102,edge.market,102,fixed,430.0,0.6409249618767702,0.7667879151019799,0.8070192599761019,0.7868770233289218,-0.00299822900524512,2,0.0,,120.0,1.0,fixture,5,True,2,0.09999999999999999,0.09999999999999999,0.09999999999999999
run.fixture.fixed.102,edge.market,102,fixed,435.0,0.5908528678579448,0.7182971949043437,0.7905575870847676,0.7906227645963657,-0.004440153032085361,2,0.0,,120.0,1.0,fixture,5,True,2,0.09999999999999999,0.09999999999999999,0.09999999999999999
run.fixture.fixed.102,edge.market,102,fixed,440.0,0.5467165643790057,0.6773150989349114,0.7688457864344828,0.7770724201398457,-0.00575241614856778,2,0.0,,120.0,1.0,fixture,5,True,2,0.09999999999999999,0.09999999999999999,0.09999999999999999
run.fixture.fixed.102,edge.market,102,fixed,445.0,0.5551036605187699,0.6465415665902434,0.7468654107430814,0.7653898538439996,-0.006607837521080687,2,0.0,,120.0,1.0,fixture,5,True,2,0.09999999999999999,0.09999999999999999,0.09999999999999999
run.fixture.fixed.102,edge.market,102,fixed,450.0,0.4761157436134334,0.6013179094415724,0.7174602808574266,0.7509261483324713,-0.007535176920081596,2,0.0,,120.0,1.0,fixture,5,True,2,0.09999999999999999,0.09999999999999999,0.09999999999999999
run.fixture.fixed.102,edge.market,102,fixed,455.0,0.422992218455007,0.5603330023548834,0.6799148332093522,0.7353102469097349,-0.007987318761022995,2,0.0,,120.0,1.0,fixture,5,True,2,0.09999999999999999,0.09999999999999999,0.09999999999999999
run.fixture.fixed.102,edge.market,102,fixed,460.0,0.4048997390591451,0.5196579651085822,0.6433997076613204,0.7202915874619809,-0.008264593265508498,2,0.0,,120.0,1.0,fixture,5,True,2,0.09999999999999999,0.09999999999999999,0.09999999999999999
run.fixture.fixed.102,edge.market,102,fixed,465.0,0.3958445356747113,0.4846464756511453,0.6022886789254214,0.7061851939060126,-0.007689992848870157,2,0.0,,120.0,1.0,fixture,5,True,2,0.09999999999999999,0.09999999999999999,0.09999999999999999
run.fixture.fixed.102,edge.market,102,fixed,470.0,0.3240176069920221,0.44652715267029913,0.5630907074505744,0.6902615444512629,-0.007745496729005461,2,0.0,,120.0,1.0,fixture,5,True,2,0.09999999999999999,0.09999999999999999,0.09999999999999999
run.fixture.fixed.102,edge.market,102,fixed,475.0,0.2820625083067657,0.4087194303742649,0.5255171783255991,0.673933583005483,-0.008002832375705189,2,0.0,,120.0,1.0,fixture,5,True,2,0.09999999999999999,0.09999999999999999,0.09999999999999999
run.fixture.fixed.102,edge.market,102,fixed,480.0,0.2698824728045315,0.367973546415088,0.4853018805679375,0.6543539460394543,-0.00763322696452572,2,0.0,,120.0,1.0,fixture,5,True,2,0.09999999999999999,0.09999999999999999,0.09999999999999999
run.fixture.fixed.102,edge.market,102,fixed,485.0,0.1901208165781946,0.3271171282671968,0.44531989968458113,0.630226061181746,-0.00785190121890068,2,0.0,,120.0,1.0,fixture,5,True,2,0.09999999999999999,0.09999999999999999,0.09999999999999999
run.fixture.fixed.102,edge.market,102,fixed,490.0,0.1108901472414342,0.2825311180938292,0.40080183410444126,0.6024299704468116,-0.008177662552931647,2,0.0,,120.0,1.0,fixture,5,True,2,0.09999999999999999,0.09999999999999999,0.09999999999999999
run.fixture.fixed.102,edge.market,102,fixed,495.0,0.0978712826892749,0.23866991004099058,0.35902847416694156,0.5741506371365709,-0.00832790586511263,2,0.0,,120.0,1.0,fixture,5,True,2,0.09999999999999999,0.09999999999999999,0.09999999999999999
run.fixture.fixed.102,edge.market,102,fixed,500.0,0.1199257846217125,0.19925294560484794,0.32280331391800066,0.5457888696081311,-0.008121142548007521,2,0.0,,120.0,1.0,fixture,5,True,2,0.09999999999999999,0.09999999999999999,0.09999999999999999
run.fixture.fixed.102,edge.market,102,fixed,505.0,0.0786255732047266,0.1641969407780914,0.2867963145969022,0.5152999507560407,-0.008008696054658735,2,0.0,,120.0,1.0,fixture,5,True,2,0.09999999999999999,0.09999999999999999,0.09999999999999999
run.fixture.fixed.102,edge.market,102,fixed,510.0,0.0922312839440226,0.13707819444055672,0.25119074716807543,0.4846539048287237,-0.007227639749674348,2,0.0,,120.0,1.0,fixture,5,True,2,0.09999999999999999,0.09999999999999999,0.09999999999999999
run.fixture.fixed.102,edge.market,102,fixed,515.0,0.088996135997303,0.11123728918238121,0.22141231581298848,0.45177042875341683,-0.00656686248803383,2,0.0,,120.0,1.0,fixture,5,True,2,0.09999999999999999,0.09999999999999999,0.09999999999999999
run.fixture.fixed.102,edge.market,102,fixed,520.0,0.1138209374078599,0.10033730644376196,0.1976299095785926,0.421139411402389,-0.005725641556096074,2,0.0,,120.0,1.0,fixture,5,True,2,0.09999999999999999,0.09999999999999999,0.09999999999999999
run.fixture.fixed.102,edge.market,102,fixed,525.0,0.068891912775738,0.09433755866294821,0.17178315371063818,0.3866835715437626,-0.004980080209341415,2,0.0,,120.0,1.0,fixture,5,True,2,0.09999999999999999,0.09999999999999999,0.09999999999999999
run.fixture.fixed.102,edge.market,102,fixed,530.0,0.090140298588959,0.09323313236290309,0.14826744316558035,0.35694553404071966,-0.0037948356565739023,2,0.0,,120.0,1.0,fixture,5,True,2,0.09999999999999999,0.09999999999999999,0.09999999999999999
run.fixture.fixed.102,edge.market,102,fixed,535.0,0.0992195997141539,0.09027510594753758,0.13097528875959047,0.330093582552028,-0.0027663036938524376,2,0.0,,120.0,1.0,fixture,5,True,2,0.09999999999999999,0.09999999999999999,0.09999999999999999
run.fixture.fixed.102,edge.market,102,fixed,540.0,0.1172923618968813,0.09579893290355966,0.11830066211267629,0.30307802328173794,-0.0016943114129140057,2,0.0,,120.0,1.0,fixture,5,True,2,0.09999999999999999,0.09999999999999999,0.09999999999999999
run.fixture.fixed.102,edge.market,102,fixed,545.0,0.1003168152370452,0.0969540088025629,0.10525714999210044,0.2786952331687466,-0.0006468722990797207,2,0.0,,120.0,1.0,fixture,5,True,2,0.09999999999999999,0.09999999999999999,0.09999999999999999
run.fixture.fixed.102,edge.market,102,fixed,550.0,0.0821634405239197,0.09597790944922242,0.09695273644946392,0.2543967707983733,-0.0001463410800757919,2,0.0,,120.0,1.0,fixture,5,True,2,0.09999999999999999,0.09999999999999999,0.09999999999999999
run.fixture.fixed.102,edge.market,102,fixed,555.0,0.1148811597163937,0.09612936977901297,0.09725973740907617,0.23335501871195824,7.907915634769204e-05,2,0.0,,120.0,1.0,fixture,5,True,2,0.09999999999999999,0.09999999999999999,0.09999999999999999
run.fixture.fixed.102,edge.market,102,fixed,560.0,0.1040093893079394,0.10114615214075605,0.09773189945666576,0.21388127956995798,0.00012828655014392355,2,0.0,,120.0,1.0,fixture,5,True,2,0.09999999999999999,0.09999999999999999,0.09999999999999999
run.fixture.fixed.102,edge.market,102,fixed,565.0,0.1185703114710594,0.10520758255248468,0.0976276322912309,0.1967554294536402,0.000436404866893033,2,0.0,,120.0,1.0,fixture,5,True,2,0.09999999999999999,0.09999999999999999,0.09999999999999999
run.fixture.fixed.102,edge.market,102,fixed,570.0,0.0777593492181676,0.10214183248162947,0.0975609996768802,0.17766165700161607,0.0001592355129986262,2,0.0,,120.0,1.0,fixture,5,True,2,0.09999999999999999,0.09999999999999999,0.09999999999999999
run.fixture.fixed.102,edge.market,102,fixed,575.0,0.0454932234172609,0.09188481269882656,0.0939657642517447,0.16043675619376915,-0.0002250663196252413,2,0.0,,120.0,1.0,fixture,5,True,2,0.09999999999999999,0.09999999999999999,0.09999999999999999
run.fixture.fixed.102,edge.market,102,fixed,580.0,0.128135683209922,0.09585893669495181,0.09697649865271539,0.14864249478396574,-3.7998060319776596e-05,2,0.0,,120.0,1.0,fixture,5,True,2,0.09999999999999999,0.09999999999999999,0.09999999999999999
run.fixture.fixed.102,edge.market,102,fixed,585.0,0.0880308334707329,0.0966971356873537,0.09499264450370563,0.13596773856042926,3.259213769573544e-05,2,0.0,,120.0,1.0,fixture,5,True,2,0.09999999999999999,0.09999999999999999,0.09999999999999999
run.fixture.fixed.102,edge.market,102,fixed,590.0,0.0820110548441871,0.09200140641989563,0.0960018092782017,0.1234143993272083,-0.00025377562060413793,2,0.0,,120.0,1.0,fixture,5,True,2,0.09999999999999999,0.09999999999999999,0.09999999999999999
run.fixture.fixed.102,edge.market,102,fixed,595.0,0.1075098377542371,0.09250147048365243,0.09733792767553077,0.11475408855769689,-0.00022298705353654015,2,0.0,,120.0,1.0,fixture,5,True,2,0.09999999999999999,0.09999999999999999,0.09999999999999999
run.fixture.fixed.102,edge.market,102,fixed,600.0,0.118375257847909,0.09247360568034524,0.0988114398396658,0.10820659853934264,-6.980498177320924e-05,2,0.0,,120.0,1.0,fixture,5,True,2,0.09999999999999999,0.09999999999999999,0.09999999999999999
run.fixture.fixed.102,edge.market,102,fixed,605.0,0.0741890891802249,0.0919635685320677,0.09549580347684605,0.10037886319437037,-8.998921205467854e-05,2,0.0,,120.0,1.0,fixture,5,True,2,0.09999999999999999,0.09999999999999999,
run.fixture.fixed.102,edge.market,102,fixed,610.0,0.0959517742532465,0.09917193293720851,0.09516003109347694,0.09661210150137245,-4.989810548347396e-05,2,0.0,,120.0,1.0,fixture,5,True,2,0.09999999999999999,0.09999999999999999,
run.fixture.fixed.102,edge.market,102,fixed,615.0,0.097227580785003,0.09475648973364867,0.09631881111356025,0.0960655988431152,-0.00013623968332714906,2,0.0,,120.0,1.0,fixture,5,True,2,0.09999999999999999,0.09999999999999999,
run.fixture.fixed.102,edge.market,102,fixed,620.0,0.0916688181408051,0.09527620182937326,0.09453324637697655,0.09581750026117643,-2.4111680708134503e-05,2,0.0,,120.0,1.0,fixture,5,True,2,0.09999999999999999,0.09999999999999999,
run.fixture.fixed.102,edge.market,102,fixed,625.0,0.083633426938648,0.09550796927143909,0.09296586465626182,0.09436580595385383,-2.3085214898497997e-05,2,0.0,,120.0,1.0,fixture,5,True,2,0.09999999999999999,0.09999999999999999,
run.fixture.fixed.102,edge.market,102,fixed,630.0,0.1043659260255871,0.09505883902448908,0.09187321962199471,0.09539542006668825,0.00024903730809000205,2,0.0,,120.0,1.0,fixture,5,True,2,0.09999999999999999,0.09999999999999999,
run.fixture.fixed.102,edge.market,102,fixed,635.0,0.1059736394459538,0.0932871792527812,0.09404354963951674,0.0959451142867655,0.0002334388752515017,2,0.0,,120.0,1.0,fixture,5,True,2,0.09999999999999999,0.09999999999999999,
run.fixture.fixed.102,edge.market,102,fixed,640.0,0.0934830293214403,0.09604345641581198,0.09773507317060746,0.096124590019731,-0.00014372091097294854,2,0.0,,120.0,1.0,fixture,5,True,2,0.09999999999999999,0.09999999999999999,
run.fixture.fixed.102,edge.market,102,fixed,645.0,0.0851579258222436,0.09450147806852584,0.09442909183309374,0.09497806955630633,7.203689230370333e-06,2,0.0,,120.0,1.0,fixture,5,True,2,0.09999999999999999,0.09999999999999999,
run.fixture.fixed.102,edge.market,102,fixed,650.0,0.0871306829740511,0.09305906409553273,0.09435984948719513,0.09570762036423887,-9.013505988037977e-05,2,0.0,,120.0,1.0,fixture,5,True,2,0.09999999999999999,0.09999999999999999,
run.fixture.fixed.102,edge.market,102,fixed,655.0,0.1219571953443431,0.09738597512460957,0.09743262952566865,0.09698029623445423,-3.1652657684765292e-06,2,0.0,,120.0,1.0,fixture,5,True,2,0.09999999999999999,0.09999999999999999,
run.fixture.fixed.102,edge.market,102,fixed,660.0,0.0865087992082539,0.09779674259169614,0.09581716502213147,0.09647186421421823,2.3264657650292373e-06,2,0.0,,120.0,1.0,fixture,5,True,2,0.09999999999999999,0.09999999999999999,
run.fixture.fixed.102,edge.market,102,fixed,665.0,0.0728383496061443,0.09329280310320431,0.09231432592661111,0.09469370372258874,2.4341583660106072e-05,2,0.0,,120.0,1.0,fixture,5,True,2,0.09999999999999999,0.09999999999999999,
run.fixture.fixed.102,edge.market,102,fixed,670.0,0.0771847127809005,0.08918009929391098,0.09254475851127848,0.09376841962434294,-0.0002148390054596391,2,0.0,,120.0,1.0,fixture,5,True,2,0.09999999999999999,0.09999999999999999,
run.fixture.fixed.102,edge.market,102,fixed,675.0,0.0896843126416353,0.08863742548251026,0.09206264607961609,0.0940692545090516,-0.000207491274716873,2,0.0,,120.0,1.0,fixture,5,True,2,0.09999999999999999,0.09999999999999999,
run.fixture.fixed.102,edge.market,102,fixed,680.0,0.1117958581077832,0.09244284438044449,0.09318328279675302,0.09394584244470718,-3.765191745675167e-05,2,0.0,,120.0,1.0,fixture,5,True,2,0.09999999999999999,0.09999999999999999,
run.fixture.fixed.102,edge.market,102,fixed,685.0,0.1247022289508553,0.0978102080914165,0.09572431439752613,0.0947735560304238,0.00015851558181025793,2,0.0,,120.0,1.0,fixture,5,True,2,0.09999999999999999,0.09999999999999999,
run.fixture.fixed.102,edge.market,102,fixed,690.0,0.1014655935467331,0.09488283640604366,0.09709601952122496,0.09408936731345076,0.0001033633430004727,2,0.0,,120.0,1.0,fixture,5,True,2,0.09999999999999999,0.09999999999999999,
run.fixture.fixed.102,edge.market,102,fixed,695.0,0.1054742150500054,0.09759218152629388,0.0971812725231033,0.09519796194672427,0.00021452655036664523,2,0.0,,120.0,1.0,fixture,5,True,2,0.09999999999999999,0.09999999999999999,
run.fixture.fixed.102,edge.market,102,fixed,700.0,0.1299441345164711,0.10575015079919771,0.09902515675929693,0.09857599839069266,0.0004981790123668226,2,0.0,,120.0,1.0,fixture,5,True,2,0.09999999999999999,0.09999999999999999,
run.fixture.fixed.102,edge.market,102,fixed,705.0,0.125989870219594,0.11272231614758248,0.10152568298223183,0.09849016587107955,0.0006333365823632903,2,0.0,,120.0,1.0,fixture,5,True,2,0.09999999999999999,0.09999999999999999,
run.fixture.fixed.102,edge.market,102,fixed,710.0,0.1059185344559967,0.11504149069249128,0.10312265287713593,0.09920567391049012,0.0005363946139266653,2,0.0,,120.0,1.0,fixture,5,True,2,0.09999999999999999,0.09999999999999999,
run.fixture.fixed.102,edge.market,102,fixed,715.0,0.1129478543510955,0.11520606158439303,0.10510858913690858,0.10044314589076643,0.00047816100900596563,2,0.0,,120.0,1.0,fixture,5,True,2,0.09999999999999999,0.09999999999999999,
run.fixture.fixed.102,edge.market,102,fixed,720.0,0.1048341706632125,0.11236776754330118,0.10379143339220623,0.10033611920712543,0.000605956319566257,2,0.0,,120.0,1.0,fixture,5,True,2,0.09999999999999999,0.09999999999999999,
run.fixture.fixed.102,edge.market,102,fixed,725.0,0.1047231861218218,0.11283313791117101,0.1051925400778653,0.09979003633808198,0.0004791564042805724,2,0.0,,120.0,1.0,fixture,5,True,2,0.09999999999999999,,
run.fixture.fixed.102,edge.market,102,fixed,730.0,0.1044813416545157,0.11269129885467248,0.10762661638927848,0.10100172643705357,0.00022558879566283264,2,0.0,,120.0,1.0,fixture,5,True,2,0.09999999999999999,,
run.fixture.fixed.102,edge.market,102,fixed,735.0,0.0898056584028605,0.1069572308384424,0.10859745836019849,0.10075588180303814,-0.0001260805155208533,2,0.0,,120.0,1.0,fixture,5,True,2,0.09999999999999999,,
run.fixture.fixed.102,edge.market,102,fixed,740.0,0.0759478026007443,0.09980836403574957,0.1075408037416684,0.09990469067566782,-0.0004868387073743339,2,0.0,,120.0,1.0,fixture,5,True,2,0.09999999999999999,,
run.fixture.fixed.102,edge.market,102,fixed,745.0,0.1162712307799118,0.10128732065345172,0.10788506317798598,0.10088878718123208,-0.00039654426474547275,2,0.0,,120.0,1.0,fixture,5,True,2,0.09999999999999999,,
run.fixture.fixed.102,edge.market,102,fixed,750.0,0.0675339455529269,0.09479961939657049,0.10348750291660688,0.10024480792580322,-0.0005332327761084045,2,0.0,,120.0,1.0,fixture,5,True,2,0.09999999999999999,,
run.fixture.fixed.102,edge.market,102,fixed,755.0,0.104841753461733,0.094800702653502,0.10374720752545302,0.10026384102324906,-0.0005398568006340759,2,0.0,,120.0,1.0,fixture,5,True,2,0.09999999999999999,,
run.fixture.fixed.102,edge.market,102,fixed,760.0,0.0970327551797453,0.09370206966177679,0.10309786445850994,0.09990620565260074,-0.0005708432417355909,2,0.0,,120.0,1.0,fixture,5,True,2,0.09999999999999999,,
run.fixture.fixed.102,edge.market,102,fixed,765.0,0.1022852725603666,0.09338834550546977,0.10097025969265576,0.10025829538215777,-0.000369691220837934,2,0.0,,120.0,1.0,fixture,5,True,2,0.09999999999999999,,
run.fixture.fixed.102,edge.market,102,fixed,770.0,0.1466594398955198,0.10151031429013538,0.10256022659080388,0.10271835594508882,0.0001240146636738815,2,0.0,,120.0,1.0,fixture,5,True,2,0.09999999999999999,,
run.fixture.fixed.102,edge.market,102,fixed,775.0,0.1054828477093593,0.10572960644850896,0.10252671222567791,0.10345244253450117,0.000169117830451554,2,0.0,,120.0,1.0,fixture,5,True,2,0.09999999999999999,,
run.fixture.fixed.102,edge.market,102,fixed,780.0,0.0875452302461559,0.10162589208654382,0.10057266421760563,0.10207596393057367,0.000150501460122753,2,0.0,,120.0,1.0,fixture,5,True,2,0.09999999999999999,,
run.fixture.fixed.102,edge.market,102,fixed,785.0,0.095017041128439,0.10555204859733128,0.09981750040723844,0.10241629360738105,0.00014665179702852088,2,0.0,,120.0,1.0,fixture,5,True,2,,,
run.fixture.fixed.102,edge.market,102,fixed,790.0,0.0950052723807127,0.10414683701432836,0.09906996858099928,0.1033029705183638,0.00015265886498778261,2,0.0,,120.0,1.0,fixture,5,True,2,,,
run.fixture.fixed.102,edge.market,102,fixed,795.0,0.0777083572863087,0.10138620874383743,0.09701050824498338,0.10332391629858013,5.3439022950938e-05,2,0.0,,120.0,1.0,fixture,5,True,2,,,
run.fixture.fixed.102,edge.market,102,fixed,800.0,0.0891486832729127,0.099509553131344,0.09695997169652584,0.10330249112383123,-5.3819107518604216e-05,2,0.0,,120.0,1.0,fixture,5,True,2,,,
run.fixture.fixed.102,edge.market,102,fixed,805.0,0.084572136248699,0.09063993832465533,0.09762338197713774,0.10221354224946787,-0.00029712921340589244,2,0.0,,120.0,1.0,fixture,5,True,2,,,
run.fixture.fixed.102,edge.market,102,fixed,810.0,0.0864606054272492,0.08792247514149674,0.09533025695000985,0.10068387730852361,-0.0002272849471200823,2,0.0,,120.0,1.0,fixture,5,True,2,,,
run.fixture.fixed.102,edge.market,102,fixed,815.0,0.0998696146542028,0.08968310148550344,0.09781761611164648,0.1006200381528224,-0.00041117289608098563,2,0.0,,120.0,1.0,fixture,5,True,2,,,
run.fixture.fixed.102,edge.market,102,fixed,820.0,0.1098381144600566,0.09180039767573454,0.09820195157305597,0.10079459412922447,-0.0002778850372446503,2,0.0,,120.0,1.0,fixture,5,True,2,,,
run.fixture.fixed.102,edge.market,102,fixed,825.0,0.0847382998987982,0.09033368732117532,0.09725622424375234,0.09898636074451753,-0.0003756501853751129,2,0.0,,120.0,1.0,fixture,5,True,2,,,
run.fixture.fixed.102,edge.market,102,fixed,830.0,0.1171197774116665,0.09596389019622642,0.09839734000154467,0.09863155703220045,-0.00020599671589842662,2,0.0,,120.0,1.0,fixture,5,True,2,,,
run.fixture.fixed.102,edge.market,102,fixed,835.0,0.0783620767015079,0.09442294640031146,0.09314369667892836,0.0975292987220209,3.3149569219821306e-05,2,0.0,,120.0,1.0,fixture,5,True,2,,,
run.fixture.fixed.102,edge.market,102,fixed,840.0,0.0968520897406826,0.09617722547059483,0.09247979221979938,0.09688546813760436,0.0001525170588720652,2,0.0,,120.0,1.0,fixture,5,True,2,,,
run.fixture.fixed.102,edge.market,102,fixed,845.0,0.1014029288430059,0.09831184310141723,0.09354576903494166,0.09674821846479612,0.00017339275768935656,2,0.0,,120.0,1.0,fixture,5,True,2,,,
run.fixture.fixed.102,edge.market,102,fixed,850.0,0.0802259981580804,0.09550561217339973,0.09240799649876023,0.09576833094624647,9.688757020948198e-05,2,0.0,,120.0,1.0,fixture,5,True,2,,,
run.fixture.fixed.102,edge.market,102,fixed,855.0,0.1002230852439662,0.0941320365711011,0.09280936671901051,0.09559800068982448,0.00016839467311596855,2,0.0,,120.0,1.0,fixture,5,True,2,,,
run.fixture.fixed.102,edge.market,102,fixed,860.0,0.1035300550575935,0.09681657302235758,0.0947956511629555,0.09614697655601379,0.00012291891927265465,2,0.0,,120.0,1.0,fixture,5,True,2,,,
run.fixture.fixed.102,edge.market,102,fixed,865.0,0.0786289218958936,0.09131787937724714,0.09398643874933864,0.09625422132781976,-2.7113114609401213e-05,2,0.0,,120.0,1.0,fixture,5,True,2,,,
run.fixture.fixed.102,edge.market,102,fixed,870.0,0.1016499308849521,0.09464471568916775,0.09530011525981964,0.09566936933202136,-4.900230657730962e-05,2,0.0,,120.0,1.0,fixture,5,True,2,,,
run.fixture.fixed.102,edge.market,102,fixed,875.0,0.0985918173564834,0.09489324820571073,0.09623328540822228,0.09691168420416363,-9.529500575094746e-05,2,0.0,,120.0,1.0,fixture,5,True,2,,,
run.fixture.fixed.102,edge.market,102,fixed,880.0,0.0809149436364841,0.09196639317620761,0.09477523379147469,0.09595461181115367,-0.00016832329795816238,2,0.0,,120.0,1.0,fixture,5,True,2,,,
run.fixture.fixed.102,edge.market,102,fixed,885.0,0.1152100039223628,0.09696410828539082,0.09518845605780595,0.09668170176085837,8.22797629928297e-05,2,0.0,,120.0,1.0,fixture,5,True,2,,,
run.fixture.fixed.102,edge.market,102,fixed,890.0,0.0804876610369552,0.09414476197010353,0.09486148383766416,0.09580979729992192,-9.503437243371868e-05,2,0.0,,120.0,1.0,fixture,5,True,2,,,
run.fixture.fixed.102,edge.market,102,fixed,895.0,0.0774120548198192,0.09041361907899291,0.0918070436382913,0.09303990189689389,-3.8867909894216097e-05,2,0.0,,120.0,1.0,fixture,5,True,2,,,
run.fixture.fixed.102,edge.market,102,fixed,900.0,0.0584848228615857,0.08753589064552036,0.09027802411214345,0.09115998090298297,-0.0003619976826609396,2,0.0,,120.0,1.0,fixture,5,True,2,,,
run.fixture.fixed.103,edge.market,103,fixed,0.0,0.0921046040254335,0.0921046040254335,0.0921046040254335,0.0921046040254335,0.0,2,0.0,,0.0,1.0,fixture,5,False,2,0.09999999999999999,0.10525,0.5007499999999999
run.fixture.fixed.103,edge.market,103,fixed,5.0,0.0984027531927769,0.09525367860910519,0.09525367860910519,0.09525367860910519,0.001259629833468686,2,0.0,,5.0,1.0,fixture,5,False,2,0.09999999999999999,0.11224999999999997,0.51825
run.fixture.fixed.103,edge.market,103,fixed,10.0,0.071667468775687,0.08739160866463247,0.08739160866463247,0.08739160866463247,-0.0020437135249746444,2,0.0,,10.0,1.0,fixture,5,False,2,0.09999999999999999,0.12216666666666666,0.5357500000000001
run.fixture.fixed.103,edge.market,103,fixed,15.0,0.0661002070332141,0.08206875825677788,0.08206875825677788,0.08206875825677788,-0.0020949695078749594,2,0.0,,15.0,1.0,fixture,5,False,2,0.09999999999999999,0.13499999999999998,0.55325
run.fixture.fixed.103,edge.market,103,fixed,20.0,0.0912673390317415,0.0839084744117706,0.0839084744117706,0.0839084744117706,-0.0006795415229389348,2,0.0,,20.0,1.0,fixture,5,False,2,0.09999999999999999,0.15075000000000002,0.57075
run.fixture.fixed.103,edge.market,103,fixed,25.0,0.0766005302666735,0.0826904837209211,0.0826904837209211,0.0826904837209211,-0.000597107845825022,2,0.0,,25.0,1.0,fixture,5,False,2,0.09999999999999999,0.16824999999999998,0.58825
run.fixture.fixed.103,edge.market,103,fixed,30.0,0.0991361278749181,0.08503986145720639,0.08503986145720639,0.08503986145720639,-2.078574319784749e-05,2,0.0,,30.0,1.0,fixture,5,False,2,0.09999999999999999,0.18574999999999997,0.60575
run.fixture.fixed.103,edge.market,103,fixed,35.0,0.1245481407681813,0.08967465242045605,0.08997839637107824,0.08997839637107824,0.0006446141597176892,2,0.0,,35.0,1.0,fixture,5,False,2,0.09999999999999999,0.20325000000000001,0.62325
run.fixture.fixed.103,edge.market,103,fixed,40.0,0.1019942540435948,0.09018772397057291,0.09131349166802452,0.09131349166802452,0.0006114413474359321,2,0.0,,40.0,1.0,fixture,5,False,2,0.09999999999999999,0.22075,0.64075
run.fixture.fixed.103,edge.market,103,fixed,45.0,0.0851390931303512,0.09211224173552492,0.09069605181425719,0.09069605181425719,0.00037732754136060516,2,0.0,,45.0,1.0,fixture,5,False,2,0.09999999999999999,0.23825,0.6582499999999999
run.fixture.fixed.103,edge.market,103,fixed,50.0,0.0952109808195957,0.09627092370500802,0.09110649990565159,0.09110649990565159,0.00032404046515989465,2,0.0,,50.0,1.0,fixture,5,False,2,0.09999999999999999,0.25575,0.6757499999999999
run.fixture.fixed.103,edge.market,103,fixed,55.0,0.123005026905308,0.10080487911551751,0.0937647104889563,0.0937647104889563,0.0004946351808895854,2,0.0,,55.0,1.0,fixture,5,False,2,0.10116666666666667,0.27325000000000005,0.6932499999999999
run.fixture.fixed.103,edge.market,103,fixed,60.0,0.0779748990568952,0.10100121751412061,0.09255010960956697,0.09255010960956697,0.00028453328103701675,2,0.0,,60.0,1.0,fixture,5,True,2,0.10525,0.29075,0.71075
run.fixture.fixed.103,edge.market,103,fixed,65.0,0.0963039817125406,0.10059662520520954,0.09287313866242138,0.09281824333120794,0.0003058571200797732,2,0.0,,65.0,1.0,fixture,5,True,2,0.11224999999999997,0.30824999999999997,0.7282500000000001
run.fixture.fixed.103,edge.market,103,fixed,70.0,0.1419195681873093,0.1030782576936564,0.0962205859696931,0.09609166498828138,0.0006717756682795705,2,0.0,,70.0,1.0,fixture,5,True,2,0.12216666666666666,0.32575,0.74575
run.fixture.fixed.103,edge.market,103,fixed,75.0,0.1080827288377335,0.10394803980710479,0.09902175982061977,0.09684110647887213,0.0005611174670160551,2,0.0,,75.0,1.0,fixture,5,True,2,0.13499999999999998,0.34325,0.7632500000000001
run.fixture.fixed.103,edge.market,103,fixed,80.0,0.0899983868474129,0.10464222462382788,0.10086008134478891,0.09643859355937454,0.00024837998641047117,2,0.0,,80.0,1.0,fixture,5,True,2,0.15075000000000002,0.36074999999999996,0.7807499999999999
run.fixture.fixed.103,edge.market,103,fixed,85.0,0.0954836279265543,0.10468117421053626,0.1011844112597745,0.09638553991310675,0.00013914051750856012,2,0.0,,85.0,1.0,fixture,5,True,2,0.16824999999999998,0.37825,0.79825
run.fixture.fixed.103,edge.market,103,fixed,90.0,0.1125576163582493,0.10318868698952788,0.10395034095912647,0.09723670183127214,2.50219061230007e-05,2,0.0,,90.0,1.0,fixture,5,True,2,0.18574999999999997,0.39575,0.81575
run.fixture.fixed.103,edge.market,103,fixed,95.0,0.1114150711618415,0.10796585443309162,0.1048948750581206,0.09794562029780061,3.7207499119519266e-05,2,0.0,,95.0,1.0,fixture,5,True,2,0.20325000000000001,0.4132499999999999,0.83325
run.fixture.fixed.103,edge.market,103,fixed,100.0,0.0860204599321307,0.10649677989303306,0.10193120730150132,0.097377755518483,6.393977298159217e-05,2,0.0,,100.0,1.0,fixture,5,True,2,0.22075,0.43074999999999997,0.85075
run.fixture.fixed.103,edge.market,103,fixed,105.0,0.0795352073511166,0.09758472834500555,0.10020358832515684,0.09656673060178454,-8.324118581802823e-05,2,0.0,,105.0,1.0,fixture,5,True,2,0.23825,0.44825,0.86625
run.fixture.fixed.103,edge.market,103,fixed,110.0,0.1167670958230935,0.09882535220005698,0.10263651160921393,0.09744500735053709,-8.9911978538928e-05,2,0.0,,110.0,1.0,fixture,5,True,2,0.25575,0.46574999999999994,0.8788333333333332
run.fixture.fixed.103,edge.market,103,fixed,115.0,0.1209664186783608,0.10324935674733525,0.10461769913681124,0.09842506615586306,-2.6174916025133117e-05,2,0.0,,115.0,1.0,fixture,5,True,2,0.27325000000000005,0.48324999999999996,0.8885
run.fixture.fixed.103,edge.market,103,fixed,120.0,0.1157985630192633,0.10615149033200796,0.10406335576096165,0.09912000603039908,0.0001889860484519984,2,0.0,,120.0,1.0,fixture,5,True,2,0.29075,0.5007499999999999,0.8925833333333334
run.fixture.fixed.103,edge.market,103,fixed,125.0,0.0833201588662297,0.10197471069029086,0.10447452959244893,0.09876862822403093,-0.0001484627189071857,2,0.0,,120.0,1.0,fixture,5,True,2,0.30824999999999997,0.51825,0.8870833333333333
run.fixture.fixed.103,edge.market,103,fixed,130.0,0.0855827940490474,0.09828438538846315,0.1036498228491033,0.09825582985828174,-0.00033587398090692935,2,0.0,,120.0,1.0,fixture,5,True,2,0.32575,0.5357500000000001,0.872
run.fixture.fixed.103,edge.market,103,fixed,135.0,0.112582545730695,0.10207896907397232,0.10139312881397912,0.09989243293648208,1.7405749485369963e-05,2,0.0,,120.0,1.0,fixture,5,True,2,0.34325,0.55325,0.8493333333333334
run.fixture.fixed.103,edge.market,103,fixed,140.0,0.0926388898717724,0.10395092371978029,0.10020514120121289,0.1009539802500244,1.1143954444755518e-05,2,0.0,,120.0,1.0,fixture,5,True,2,0.36074999999999996,0.57075,0.82
run.fixture.fixed.103,edge.market,103,fixed,145.0,0.1163649589706885,0.10389347559800817,0.10223333905684948,0.10195788504758228,3.9178708445033374e-05,2,0.0,,120.0,1.0,fixture,5,True,2,0.37825,0.58825,0.7839999999999999
run.fixture.fixed.103,edge.market,103,fixed,150.0,0.0865745481948485,0.0989803512432207,0.10154802523133366,0.10235684576470927,-0.00011598692131768292,2,0.0,,120.0,1.0,fixture,5,True,2,0.39575,0.60575,0.7440000000000001
run.fixture.fixed.103,edge.market,103,fixed,155.0,0.1236707504952363,0.10010494945407399,0.10240288170340957,0.10333823066952202,0.00011456636381619195,2,0.0,,120.0,1.0,fixture,5,True,2,0.4132499999999999,0.62325,0.7040000000000002
run.fixture.fixed.103,edge.market,103,fixed,160.0,0.090007312962095,0.10106025718205472,0.10075613107265984,0.10195659755727854,0.00010216187344381327,2,0.0,,120.0,1.0,fixture,5,True,2,0.43074999999999997,0.64075,0.6640000000000001
run.fixture.fixed.103,edge.market,103,fixed,165.0,0.0928696644795901,0.10210123867213226,0.10128299296092595,0.10159161397471836,-6.318812385522216e-05,2,0.0,,120.0,1.0,fixture,5,True,2,0.44825,0.6582499999999999,0.6240000000000001
run.fixture.fixed.103,edge.market,103,fixed,170.0,0.0849114900836902,0.09814823072256014,0.10169655317112393,0.10158250985285193,-0.00033842275740695796,2,0.0,,120.0,1.0,fixture,5,True,2,0.46574999999999994,0.6757499999999999,0.5840000000000001
run.fixture.fixed.103,edge.market,103,fixed,175.0,0.1519634792546174,0.10662317206296658,0.10440396728124113,0.10385260979025279,0.00010893477563122662,2,0.0,,120.0,1.0,fixture,5,True,2,0.48324999999999996,0.6932499999999999,0.544
run.fixture.fixed.103,edge.market,103,fixed,180.0,0.1287508578201599,0.10839258618431964,0.10500277029214874,0.10408244302684688,0.0003968671965250189,2,0.0,,120.0,1.0,fixture,5,True,2,0.5007499999999999,0.71075,0.504
run.fixture.fixed.103,edge.market,103,fixed,185.0,0.1337187893737255,0.11512747778130206,0.10638124924249201,0.10631219863952009,0.0006692481455132184,2,0.0,,120.0,1.0,fixture,5,True,2,0.51825,0.7282500000000001,0.46399999999999997
run.fixture.fixed.103,edge.market,103,fixed,190.0,0.1797082431924586,0.12313283388090525,0.11379571726758653,0.10964836909871682,0.0009753298280032901,2,0.0,,120.0,1.0,fixture,5,True,2,0.5357500000000001,0.74575,0.424
run.fixture.fixed.103,edge.market,103,fixed,195.0,0.170036974008169,0.13456564260177295,0.12029219264905743,0.11077306533155118,0.0011291288147216641,2,0.0,,120.0,1.0,fixture,5,True,2,0.55325,0.7632500000000001,0.38399999999999995
run.fixture.fixed.103,edge.market,103,fixed,200.0,0.2169930808659225,0.1522975592283919,0.12832377227484415,0.11512947941267875,0.0017074121123839205,2,0.0,,120.0,1.0,fixture,5,True,2,0.57075,0.7807499999999999,0.3439999999999999
run.fixture.fixed.103,edge.market,103,fixed,205.0,0.2047931124048354,0.16942350527426978,0.13695102016200283,0.11972126843497564,0.001937106468382213,2,0.0,,120.0,1.0,fixture,5,True,2,0.58825,0.79825,0.304
run.fixture.fixed.103,edge.market,103,fixed,210.0,0.2306620806283625,0.18066616261337623,0.14574310644336239,0.12512840654304797,0.002396627275479969,2,0.0,,120.0,1.0,fixture,5,True,2,0.60575,0.81575,0.26399999999999996
run.fixture.fixed.103,edge.market,103,fixed,215.0,0.2211939720175164,0.19387232178442715,0.15609844673741377,0.12947386076941866,0.0024389627542770295,2,0.0,,120.0,1.0,fixture,5,True,2,0.62325,0.83325,0.22399999999999998
run.fixture.fixed.103,edge.market,103,fixed,220.0,0.2635401820069044,0.2124182350177384,0.16685763377677285,0.1355588652032212,0.0028979259827624174,2,0.0,,120.0,1.0,fixture,5,True,2,0.64075,0.85075,0.18666666666666665
run.fixture.fixed.103,edge.market,103,fixed,225.0,0.3075887561576799,0.23068687972705573,0.18359466786874096,0.14442159705224314,0.003234667179007139,2,0.0,,120.0,1.0,fixture,5,True,2,0.6582499999999999,0.86625,0.156
run.fixture.fixed.103,edge.market,103,fixed,230.0,0.2929526970909444,0.2482462687388808,0.19898567037730663,0.15295829664183624,0.0032578244884677605,2,0.0,,120.0,1.0,fixture,5,True,2,0.6757499999999999,0.8788333333333332,0.132
run.fixture.fixed.103,edge.market,103,fixed,235.0,0.2974930799180812,0.2597462686034749,0.2153381003645675,0.16018733600563578,0.003029830197467026,2,0.0,,120.0,1.0,fixture,5,True,2,0.6932499999999999,0.8885,0.11466666666666668
run.fixture.fixed.103,edge.market,103,fixed,240.0,0.3435961192487196,0.2795752695811726,0.2300790726718061,0.16909252402845013,0.003387990379373908,2,0.0,,120.0,1.0,fixture,5,True,2,0.71075,0.8925833333333334,0.104
run.fixture.fixed.103,edge.market,103,fixed,245.0,0.311368368998135,0.29110473934828296,0.24412657353165035,0.17691531626760498,0.0031445159551941834,2,0.0,,120.0,1.0,fixture,5,True,2,0.7282500000000001,0.8870833333333333,0.09999999999999999
run.fixture.fixed.103,edge.market,103,fixed,250.0,0.362812832366633,0.31133600511244247,0.2617491922234124,0.18809502320762114,0.0030777720693748673,2,0.0,,120.0,1.0,fixture,5,True,2,0.74575,0.872,0.09999999999999999
run.fixture.fixed.103,edge.market,103,fixed,255.0,0.3972036785781633,0.33043079033690803,0.27847961033000507,0.20055985858878578,0.003339794349497756,2,0.0,,120.0,1.0,fixture,5,True,2,0.7632500000000001,0.8493333333333334,0.09999999999999999
run.fixture.fixed.103,edge.market,103,fixed,260.0,0.3985910370311811,0.34343111617597966,0.296060692101006,0.2120001982408052,0.0032975636967001766,2,0.0,,120.0,1.0,fixture,5,True,2,0.7807499999999999,0.82,0.09999999999999999
run.fixture.fixed.103,edge.market,103,fixed,265.0,0.4309008878469722,0.36313800056969786,0.312515138791856,0.22553067815981317,0.0035784075382718403,2,0.0,,120.0,1.0,fixture,5,True,2,0.79825,0.7839999999999999,0.09999999999999999
run.fixture.fixed.103,edge.market,103,fixed,270.0,0.4159730501291261,0.3800637105998471,0.3287597493860322,0.2375150018061507,0.003431916640815221,2,0.0,,120.0,1.0,fixture,5,True,2,0.81575,0.7440000000000001,0.09999999999999999
run.fixture.fixed.103,edge.market,103,fixed,275.0,0.479148443166471,0.39942832830238306,0.34787408496588673,0.2532179576050156,0.003668892993978895,2,0.0,,120.0,1.0,fixture,5,True,2,0.83325,0.7040000000000002,0.09999999999999999
run.fixture.fixed.103,edge.market,103,fixed,280.0,0.499342265722708,0.4262817421201793,0.36927010755859385,0.2682448182141145,0.0036931218883770652,2,0.0,,120.0,1.0,fixture,5,True,2,0.85075,0.6640000000000001,0.09999999999999999
run.fixture.fixed.103,edge.market,103,fixed,285.0,0.4943435920189746,0.44507185064194227,0.3870242160210608,0.28441826937638964,0.0037044751058500952,2,0.0,,120.0,1.0,fixture,5,True,2,0.86625,0.6240000000000001,0.09999999999999999
run.fixture.fixed.103,edge.market,103,fixed,290.0,0.5101716238745503,0.46121012854142623,0.40260751353774304,0.30111034775218803,0.0039053940378031378,2,0.0,,120.0,1.0,fixture,5,True,2,0.8788333333333332,0.5840000000000001,0.09999999999999999
run.fixture.fixed.103,edge.market,103,fixed,295.0,0.5437366589999323,0.48194521739410495,0.42189858753074205,0.3194633545088378,0.0039924172879630794,2,0.0,,120.0,1.0,fixture,5,True,2,0.8885,0.544,0.09999999999999999
run.fixture.fixed.103,edge.market,103,fixed,300.0,0.5727949900687872,0.5022158034257929,0.4430756575423349,0.33629661494140456,0.004030373180204449,2,0.0,,120.0,1.0,fixture,5,True,2,0.8925833333333334,0.504,0.09999999999999999
run.fixture.fixed.103,edge.market,103,fixed,305.0,0.571165881964512,0.524386207973705,0.4605810239050881,0.3539932159071786,0.004109696892817364,2,0.0,,120.0,1.0,fixture,5,True,2,0.8870833333333333,0.46399999999999997,0.09999999999999999
run.fixture.fixed.103,edge.market,103,fixed,310.0,0.5781090466956366,0.5385234370493001,0.48109953757412666,0.3717688262000551,0.0037368172800641983,2,0.0,,120.0,1.0,fixture,5,True,2,0.872,0.424,0.09999999999999999
run.fixture.fixed.103,edge.market,103,fixed,315.0,0.5786912106953037,0.5498590006168138,0.4977055666763321,0.3877281449001688,0.0034703811287176097,2,0.0,,120.0,1.0,fixture,5,True,2,0.8493333333333334,0.38399999999999995,0.09999999999999999
run.fixture.fixed.103,edge.market,103,fixed,320.0,0.6262739330177718,0.5687061921880705,0.515326355479379,0.40597762326055287,0.003544993196147784,2,0.0,,120.0,1.0,fixture,5,True,2,0.82,0.3439999999999999,0.09999999999999999
run.fixture.fixed.103,edge.market,103,fixed,325.0,0.6271373848067084,0.5854155866069503,0.5329068437698041,0.4223833954181844,0.003384244786067114,2,0.0,,120.0,1.0,fixture,5,True,2,0.7839999999999999,0.304,0.09999999999999999
run.fixture.fixed.103,edge.market,103,fixed,330.0,0.6647322446177458,0.602700670266638,0.5508938712137097,0.4407809607067008,0.0034687620537899996,2,0.0,,120.0,1.0,fixture,5,True,2,0.7440000000000001,0.26399999999999996,0.09999999999999999
run.fixture.fixed.103,edge.market,103,fixed,335.0,0.6728747027939534,0.6169977720845188,0.5706555368033119,0.45846946559332447,0.00323517880311898,2,0.0,,120.0,1.0,fixture,5,True,2,0.7040000000000002,0.22399999999999998,0.09999999999999999
run.fixture.fixed.103,edge.market,103,fixed,340.0,0.6881305727203274,0.6337070136210639,0.5867310852305316,0.47714692962143695,0.003305838759211511,2,0.0,,120.0,1.0,fixture,5,True,2,0.6640000000000001,0.18666666666666665,0.09999999999999999
run.fixture.fixed.103,edge.market,103,fixed,345.0,0.6892608709168988,0.6495858456526727,0.6013402087070078,0.4941757571778367,0.00330963763565485,2,0.0,,120.0,1.0,fixture,5,True,2,0.6240000000000001,0.156,0.09999999999999999
run.fixture.fixed.103,edge.market,103,fixed,350.0,0.7351055852714978,0.6719307563064147,0.619860362034125,0.5112764303423895,0.003368556253864426,2,0.0,,120.0,1.0,fixture,5,True,2,0.5840000000000001,0.132,0.09999999999999999
run.fixture.fixed.103,edge.market,103,fixed,355.0,0.7446652171650083,0.6888437968988771,0.6378983307487757,0.529344931145352,0.0033476858842691275,2,0.0,,120.0,1.0,fixture,5,True,2,0.544,0.11466666666666668,0.09999999999999999
run.fixture.fixed.103,edge.market,103,fixed,360.0,0.724335191756599,0.7027291978917186,0.6517905255762115,0.5464186156188927,0.003193278701637295,2,0.0,,120.0,1.0,fixture,5,True,2,0.504,0.104,0.09999999999999999
run.fixture.fixed.103,edge.market,103,fixed,365.0,0.7802096185646403,0.7192259655984179,0.6677454969989695,0.5638831555915296,0.0034323400306247687,2,0.0,,120.0,1.0,fixture,5,True,2,0.46399999999999997,0.09999999999999999,0.09999999999999999
run.fixture.fixed.103,edge.market,103,fixed,370.0,0.7976288787132695,0.7370479907297488,0.6851657275181047,0.5833335759801348,0.003545793860344111,2,0.0,,120.0,1.0,fixture,5,True,2,0.424,0.09999999999999999,0.09999999999999999
run.fixture.fixed.103,edge.market,103,fixed,375.0,0.781752739774167,0.7504225860231545,0.7008306269856839,0.6000911722764362,0.003359118374387073,2,0.0,,120.0,1.0,fixture,5,True,2,0.38399999999999995,0.09999999999999999,0.09999999999999999
run.fixture.fixed.103,edge.market,103,fixed,380.0,0.8211835079618399,0.7692686770295747,0.7194838806215713,0.6170503654517833,0.003213119881886271,2,0.0,,120.0,1.0,fixture,5,True,2,0.3439999999999999,0.09999999999999999,0.09999999999999999
run.fixture.fixed.103,edge.market,103,fixed,385.0,0.8540665006939274,0.7862630935184932,0.7370063858274295,0.6352693839982931,0.0033834782194769766,2,0.0,,120.0,1.0,fixture,5,True,2,0.304,0.09999999999999999,0.09999999999999999
run.fixture.fixed.103,edge.market,103,fixed,390.0,0.8752098810745745,0.8049123312198597,0.7560888855403423,0.6530417437273972,0.0034495638945734822,2,0.0,,120.0,1.0,fixture,5,True,2,0.26399999999999996,0.09999999999999999,0.09999999999999999
run.fixture.fixed.103,edge.market,103,fixed,395.0,0.9041060670608267,0.8305938848347493,0.7745022564975024,0.6725670644046653,0.003722757963435823,2,0.0,,120.0,1.0,fixture,5,True,2,0.22399999999999998,0.09999999999999999,0.09999999999999999
run.fixture.fixed.103,edge.market,103,fixed,400.0,0.8879325770564348,0.8459828789050057,0.7910451699023086,0.6889184297602639,0.0036888997737970905,2,0.0,,120.0,1.0,fixture,5,True,2,0.18666666666666665,0.09999999999999999,0.09999999999999999
run.fixture.fixed.103,edge.market,103,fixed,405.0,0.904254953094952,0.8612151752452462,0.8076701222388181,0.7051149372551536,0.003643687157183899,2,0.0,,120.0,1.0,fixture,5,True,2,0.156,0.09999999999999999,0.09999999999999999
run.fixture.fixed.103,edge.market,103,fixed,410.0,0.8776718671712325,0.8749179077305411,0.8221632757968439,0.720448068261244,0.0031943967289872546,2,0.0,,120.0,1.0,fixture,5,True,2,0.132,0.09999999999999999,0.09999999999999999
run.fixture.fixed.103,edge.market,103,fixed,415.0,0.9203945494564744,0.889090913658346,0.8364162730418421,0.7368569852845209,0.003172400913910724,2,0.0,,120.0,1.0,fixture,5,True,2,0.11466666666666668,0.09999999999999999,0.09999999999999999
run.fixture.fixed.103,edge.market,103,fixed,420.0,0.8652564697088498,0.8906894806604777,0.8456925232375222,0.7497177777128776,0.002656778703871402,2,0.0,,120.0,1.0,fixture,5,True,2,0.104,0.09999999999999999,0.09999999999999999
run.fixture.fixed.103,edge.market,103,fixed,425.0,0.838761268966939,0.8854825360736729,0.8544945291767791,0.7603564288688035,0.0016775601917945059,2,0.0,,120.0,1.0,fixture,5,True,2,0.09999999999999999,0.09999999999999999,0.09999999999999999
run.fixture.fixed.103,edge.market,103,fixed,430.0,0.7815796165669633,0.8679787574316923,0.8545999136384963,0.7687729782529017,0.000625380136911148,2,0.0,,120.0,1.0,fixture,5,True,2,0.09999999999999999,0.09999999999999999,0.09999999999999999
run.fixture.fixed.103,edge.market,103,fixed,435.0,0.7548981921048411,0.8489738452957504,0.8513129377455402,0.7758445440692698,-0.00047023258141689435,2,0.0,,120.0,1.0,fixture,5,True,2,0.09999999999999999,0.09999999999999999,0.09999999999999999
run.fixture.fixed.103,edge.market,103,fixed,440.0,0.7199435011583886,0.8226436378762413,0.8465583809289419,0.7814946356877934,-0.0018714831367163784,2,0.0,,120.0,1.0,fixture,5,True,2,0.09999999999999999,0.09999999999999999,0.09999999999999999
run.fixture.fixed.103,edge.market,103,fixed,445.0,0.6811544573536404,0.7945697221880138,0.8357869154975419,0.7836898566612278,-0.0031572497875092514,2,0.0,,120.0,1.0,fixture,5,True,2,0.09999999999999999,0.09999999999999999,0.09999999999999999
run.fixture.fixed.103,edge.market,103,fixed,450.0,0.6257890184316866,0.7524832177559012,0.8182271091696773,0.783635922006227,-0.004401239112806429,2,0.0,,120.0,1.0,fixture,5,True,2,0.09999999999999999,0.09999999999999999,0.09999999999999999
run.fixture.fixed.103,edge.market,103,fixed,455.0,0.6020047240279808,0.7148758255157771,0.7972113278584009,0.7811268211826367,-0.0053885521979887335,2,0.0,,120.0,1.0,fixture,5,True,2,0.09999999999999999,0.09999999999999999,0.09999999999999999
run.fixture.fixed.103,edge.market,103,fixed,460.0,0.561098431634653,0.6752097058968791,0.7708261251333106,0.7766557703362647,-0.006123073300104677,2,0.0,,120.0,1.0,fixture,5,True,2,0.09999999999999999,0.09999999999999999,0.09999999999999999
run.fixture.fixed.103,edge.market,103,fixed,465.0,0.5347849859724715,0.639953330097666,0.7436609258191594,0.7705219468663503,-0.006778569642415852,2,0.0,,120.0,1.0,fixture,5,True,2,0.09999999999999999,0.09999999999999999,0.09999999999999999
run.fixture.fixed.103,edge.market,103,fixed,470.0,0.5001413563490325,0.6035594964182647,0.7125752645310119,0.7629571662836356,-0.007148854506031467,2,0.0,,120.0,1.0,fixture,5,True,2,0.09999999999999999,0.09999999999999999,0.09999999999999999
run.fixture.fixed.103,edge.market,103,fixed,475.0,0.443064629528916,0.5640053718997686,0.679143938558526,0.7512755280539324,-0.007655873837384244,2,0.0,,120.0,1.0,fixture,5,True,2,0.09999999999999999,0.09999999999999999,0.09999999999999999
run.fixture.fixed.103,edge.market,103,fixed,480.0,0.4177681921713972,0.5263787625880195,0.64048037261352,0.738199647054188,-0.0075234564769854975,2,0.0,,120.0,1.0,fixture,5,True,2,0.09999999999999999,0.09999999999999999,0.09999999999999999
run.fixture.fixed.103,edge.market,103,fixed,485.0,0.3795156754156598,0.4911968564428729,0.6031156961294285,0.7244068664005505,-0.0075150559314029084,2,0.0,,120.0,1.0,fixture,5,True,2,0.09999999999999999,0.09999999999999999,0.09999999999999999
run.fixture.fixed.103,edge.market,103,fixed,490.0,0.3070845156461025,0.44906539810260465,0.562217484335518,0.7054818622838088,-0.007654251616059373,2,0.0,,120.0,1.0,fixture,5,True,2,0.09999999999999999,0.09999999999999999,0.09999999999999999
run.fixture.fixed.103,edge.market,103,fixed,495.0,0.2595132946684895,0.40598180710743836,0.5220585364971739,0.6839572389220175,-0.007962702398896798,2,0.0,,120.0,1.0,fixture,5,True,2,0.09999999999999999,0.09999999999999999,0.09999999999999999
run.fixture.fixed.103,edge.market,103,fixed,500.0,0.2473784826711628,0.3649237352072515,0.48301855884842937,0.6625822686378975,-0.007982705402965359,2,0.0,,120.0,1.0,fixture,5,True,2,0.09999999999999999,0.09999999999999999,0.09999999999999999
run.fixture.fixed.103,edge.market,103,fixed,505.0,0.1858537864427937,0.3200255109349316,0.4419347346395374,0.6371690797771357,-0.008119534016442394,2,0.0,,120.0,1.0,fixture,5,True,2,0.09999999999999999,0.09999999999999999,0.09999999999999999
run.fixture.fixed.103,edge.market,103,fixed,510.0,0.1514018480259388,0.27835939929164916,0.4011845339220219,0.6090624936704161,-0.008194983753456541,2,0.0,,120.0,1.0,fixture,5,True,2,0.09999999999999999,0.09999999999999999,0.09999999999999999
run.fixture.fixed.103,edge.market,103,fixed,515.0,0.1150385094253489,0.23511230175649941,0.36189603322922675,0.578655638804447,-0.008353934034129488,2,0.0,,120.0,1.0,fixture,5,True,2,0.09999999999999999,0.09999999999999999,0.09999999999999999
run.fixture.fixed.103,edge.market,103,fixed,520.0,0.088950189437859,0.19360294661681363,0.32243029979921733,0.5460494036995285,-0.008306587031005232,2,0.0,,120.0,1.0,fixture,5,True,2,0.09999999999999999,0.09999999999999999,0.09999999999999999
run.fixture.fixed.103,edge.market,103,fixed,525.0,0.1668410054473866,0.17356815944556847,0.29210280547711986,0.5172057408351663,-0.007496541803821642,2,0.0,,120.0,1.0,fixture,5,True,2,0.09999999999999999,0.09999999999999999,0.09999999999999999
run.fixture.fixed.103,edge.market,103,fixed,530.0,0.1209056554181609,0.15376706812409296,0.26026593389601904,0.48587176892809475,-0.006758528217982403,2,0.0,,120.0,1.0,fixture,5,True,2,0.09999999999999999,0.09999999999999999,0.09999999999999999
run.fixture.fixed.103,edge.market,103,fixed,535.0,0.1050512030542588,0.1334345996073924,0.22987438364257493,0.45496694236341584,-0.005936726490377424,2,0.0,,120.0,1.0,fixture,5,True,2,0.09999999999999999,0.09999999999999999,0.09999999999999999
run.fixture.fixed.103,edge.market,103,fixed,540.0,0.0939025535258384,0.12029870919068449,0.203015762411569,0.4219072625261904,-0.005193319083230206,2,0.0,,120.0,1.0,fixture,5,True,2,0.09999999999999999,0.09999999999999999,0.09999999999999999
run.fixture.fixed.103,edge.market,103,fixed,545.0,0.1075442659456967,0.11403334032207847,0.1791523834711305,0.3915987743756642,-0.004170859710127391,2,0.0,,120.0,1.0,fixture,5,True,2,0.09999999999999999,0.09999999999999999,0.09999999999999999
run.fixture.fixed.103,edge.market,103,fixed,550.0,0.0925994522573802,0.11082776072665436,0.15708190476664746,0.3617523017072819,-0.0032002822855898014,2,0.0,,120.0,1.0,fixture,5,True,2,0.09999999999999999,0.09999999999999999,0.09999999999999999
run.fixture.fixed.103,edge.market,103,fixed,555.0,0.0821104757221984,0.10985065876727428,0.13977620938788557,0.3337735360734913,-0.002540733162634317,2,0.0,,120.0,1.0,fixture,5,True,2,0.09999999999999999,0.09999999999999999,0.09999999999999999
run.fixture.fixed.103,edge.market,103,fixed,560.0,0.1002045825833001,0.10033116978669052,0.12752169307364025,0.30758579169262973,-0.0018805904855610047,2,0.0,,120.0,1.0,fixture,5,True,2,0.09999999999999999,0.09999999999999999,0.09999999999999999
run.fixture.fixed.103,edge.market,103,fixed,565.0,0.1062404527458509,0.09823614083350336,0.11666492154092395,0.28303766975612815,-0.0010989310512577934,2,0.0,,120.0,1.0,fixture,5,True,2,0.09999999999999999,0.09999999999999999,0.09999999999999999
run.fixture.fixed.103,edge.market,103,fixed,570.0,0.081774576727633,0.09491090850112825,0.10865882848591157,0.2590624745310879,-0.0007967552430892846,2,0.0,,120.0,1.0,fixture,5,True,2,0.09999999999999999,0.09999999999999999,0.09999999999999999
run.fixture.fixed.103,edge.market,103,fixed,575.0,0.0772096203526299,0.09252620376209846,0.10295173404950321,0.23711929860792558,-0.0006753202013524706,2,0.0,,120.0,1.0,fixture,5,True,2,0.09999999999999999,0.09999999999999999,0.09999999999999999
run.fixture.fixed.103,edge.market,103,fixed,580.0,0.1298492096521647,0.09571262429159388,0.1040910186823352,0.218233078032893,-0.00040499901316907614,2,0.0,,120.0,1.0,fixture,5,True,2,0.09999999999999999,0.09999999999999999,0.09999999999999999
run.fixture.fixed.103,edge.market,103,fixed,585.0,0.0629413268700208,0.09147574923625681,0.10209033694634763,0.1983067938423077,-0.000792783579746241,2,0.0,,120.0,1.0,fixture,5,True,2,0.09999999999999999,0.09999999999999999,0.09999999999999999
run.fixture.fixed.103,edge.market,103,fixed,590.0,0.1367294289078323,0.09927845683420451,0.09977406182792038,0.1823845715597221,-6.63118970251638e-05,2,0.0,,120.0,1.0,fixture,5,True,2,0.09999999999999999,0.09999999999999999,0.09999999999999999
run.fixture.fixed.103,edge.market,103,fixed,595.0,0.1076799800607533,0.10034637075955499,0.09875670218504287,0.16668611650819096,0.00014836575630305696,2,0.0,,120.0,1.0,fixture,5,True,2,0.09999999999999999,0.09999999999999999,0.09999999999999999
run.fixture.fixed.103,edge.market,103,fixed,600.0,0.1143994505544627,0.10151194187507095,0.09947579814659703,0.15353950934921282,0.00029992399399649726,2,0.0,,120.0,1.0,fixture,5,True,2,0.09999999999999999,0.09999999999999999,0.09999999999999999
run.fixture.fixed.103,edge.market,103,fixed,605.0,0.115892585719221,0.10638594315958351,0.10116733908454954,0.14146448509112575,0.00036529543695301773,2,0.0,,120.0,1.0,fixture,5,True,2,0.09999999999999999,0.09999999999999999,
run.fixture.fixed.103,edge.market,103,fixed,610.0,0.0881749706710334,0.10795242177649832,0.09967739329419081,0.1298108569013407,0.0003286847529386587,2,0.0,,120.0,1.0,fixture,5,True,2,0.09999999999999999,0.09999999999999999,
run.fixture.fixed.103,edge.market,103,fixed,615.0,0.0952916730723238,0.10301563083652103,0.09988448720303264,0.12133914319838954,0.0002453222160278051,2,0.0,,120.0,1.0,fixture,5,True,2,0.09999999999999999,0.09999999999999999,
run.fixture.fixed.103,edge.market,103,fixed,620.0,0.1086067810721337,0.10953926715110861,0.10192266453764304,0.11530288265453531,0.00016610868069677975,2,0.0,,120.0,1.0,fixture,5,True,2,0.09999999999999999,0.09999999999999999,
run.fixture.fixed.103,edge.market,103,fixed,625.0,0.0907121844702544,0.10296537508859749,0.10119248006740875,0.10903623072649898,7.897741247179844e-05,2,0.0,,120.0,1.0,fixture,5,True,2,0.09999999999999999,0.09999999999999999,
run.fixture.fixed.103,edge.market,103,fixed,630.0,0.0954417403036698,0.10121705512329983,0.10036180987954867,0.10541974888093401,7.989100606153605e-05,2,0.0,,120.0,1.0,fixture,5,True,2,0.09999999999999999,0.09999999999999999,
run.fixture.fixed.103,edge.market,103,fixed,635.0,0.1060329782768938,0.10002184479793286,0.10222784076795334,0.10360499409097221,-2.5695391388287052e-05,2,0.0,,120.0,1.0,fixture,5,True,2,0.09999999999999999,0.09999999999999999,
run.fixture.fixed.103,edge.market,103,fixed,640.0,0.0899408286030116,0.09631445092418865,0.10320716447952118,0.10260108685807871,-0.0002991565077585241,2,0.0,,120.0,1.0,fixture,5,True,2,0.09999999999999999,0.09999999999999999,
run.fixture.fixed.103,edge.market,103,fixed,645.0,0.0924429116380768,0.09692415677662343,0.10032975693997595,0.10274079574608745,-0.00016519079439606372,2,0.0,,120.0,1.0,fixture,5,True,2,0.09999999999999999,0.09999999999999999,
run.fixture.fixed.103,edge.market,103,fixed,650.0,0.1062940503083087,0.09849592495319269,0.10366458181984427,0.10031891754052433,-0.00041346909140671073,2,0.0,,120.0,1.0,fixture,5,True,2,0.09999999999999999,0.09999999999999999,
run.fixture.fixed.103,edge.market,103,fixed,655.0,0.1121222231856766,0.09899813096941311,0.1017717198412169,0.09996758025122496,-0.00010335944546065568,2,0.0,,120.0,1.0,fixture,5,True,2,0.09999999999999999,0.09999999999999999,
run.fixture.fixed.103,edge.market,103,fixed,660.0,0.1070428942305564,0.10133108950659911,0.10172271323889405,0.10004724789827685,-2.3156293952093227e-05,2,0.0,,120.0,1.0,fixture,5,True,2,0.09999999999999999,0.09999999999999999,
run.fixture.fixed.103,edge.market,103,fixed,665.0,0.0873247476905924,0.10017151913330234,0.09964004378782712,0.09978413566486703,-2.057457096399338e-05,2,0.0,,120.0,1.0,fixture,5,True,2,0.09999999999999999,0.09999999999999999,
run.fixture.fixed.103,edge.market,103,fixed,670.0,0.0952810674430036,0.09863553187131802,0.09805454238196423,0.0992936077247593,7.570447898195916e-05,2,0.0,,120.0,1.0,fixture,5,True,2,0.09999999999999999,0.09999999999999999,
run.fixture.fixed.103,edge.market,103,fixed,675.0,0.0990972939276559,0.0999435983462672,0.09889472109401212,0.09955352139157032,6.583058429907603e-06,2,0.0,,120.0,1.0,fixture,5,True,2,0.09999999999999999,0.09999999999999999,
run.fixture.fixed.103,edge.market,103,fixed,680.0,0.1121887305291349,0.10276442961641837,0.10019449474453605,0.10075665158384776,6.652011387926852e-05,2,0.0,,120.0,1.0,fixture,5,True,2,0.09999999999999999,0.09999999999999999,
run.fixture.fixed.103,edge.market,103,fixed,685.0,0.1068156019165581,0.10283893698902542,0.10005671173256868,0.1010210923571781,0.00017488566039060608,2,0.0,,120.0,1.0,fixture,5,True,2,0.09999999999999999,0.09999999999999999,
run.fixture.fixed.103,edge.market,103,fixed,690.0,0.146553302258142,0.1077576625708062,0.10435218233163696,0.10263360633766976,0.0004095756079919676,2,0.0,,120.0,1.0,fixture,5,True,2,0.09999999999999999,0.09999999999999999,
run.fixture.fixed.103,edge.market,103,fixed,695.0,0.1216236144865078,0.10984062260737068,0.10636617265339371,0.10422756784802475,0.0004549113208858741,2,0.0,,120.0,1.0,fixture,5,True,2,0.09999999999999999,0.09999999999999999,
run.fixture.fixed.103,edge.market,103,fixed,700.0,0.1040538713514678,0.11223049741606717,0.10621393365913019,0.10530133788797827,0.0004371023445704288,2,0.0,,120.0,1.0,fixture,5,True,2,0.09999999999999999,0.09999999999999999,
run.fixture.fixed.103,edge.market,103,fixed,705.0,0.1106843779449435,0.1144309703449157,0.10780959130081727,0.1045347446196894,0.0003414000701990549,2,0.0,,120.0,1.0,fixture,5,True,2,0.09999999999999999,0.09999999999999999,
run.fixture.fixed.103,edge.market,103,fixed,710.0,0.1153774040787023,0.11675670036649377,0.10957378302701923,0.10663218770803665,0.00027309250869150174,2,0.0,,120.0,1.0,fixture,5,True,2,0.09999999999999999,0.09999999999999999,
run.fixture.fixed.103,edge.market,103,fixed,715.0,0.0860481025710949,0.11302232494391662,0.10801640243184893,0.10460493465456716,9.274941883818378e-05,2,0.0,,120.0,1.0,fixture,5,True,2,0.09999999999999999,0.09999999999999999,
run.fixture.fixed.103,edge.market,103,fixed,720.0,0.1100974104168048,0.11349115472966616,0.10786064760347419,0.10470163186880922,0.00013805358717502815,2,0.0,,120.0,1.0,fixture,5,True,2,0.09999999999999999,0.09999999999999999,
run.fixture.fixed.103,edge.market,103,fixed,725.0,0.0834202385294942,0.10447214562557361,0.10604352024185401,0.10346246338781048,-2.9382377719810752e-05,2,0.0,,120.0,1.0,fixture,5,True,2,0.09999999999999999,,
run.fixture.fixed.103,edge.market,103,fixed,730.0,0.1055480836579818,0.10217564122149847,0.1074453153162686,0.10304868330536092,-0.00017663955064515843,2,0.0,,120.0,1.0,fixture,5,True,2,0.09999999999999999,,
run.fixture.fixed.103,edge.market,103,fixed,735.0,0.0964469604401122,0.10108893966273337,0.10753499939296926,0.10337956289612406,-0.0003427273136888867,2,0.0,,120.0,1.0,fixture,5,True,2,0.09999999999999999,,
run.fixture.fixed.103,edge.market,103,fixed,740.0,0.0488772008541594,0.09225934293547852,0.10367191531039259,0.10152298400739751,-0.0007943874559856474,2,0.0,,120.0,1.0,fixture,5,True,2,0.09999999999999999,,
run.fixture.fixed.103,edge.market,103,fixed,745.0,0.0749615256725902,0.08648564602031963,0.10080828416758146,0.10017717379141576,-0.0009181727651017118,2,0.0,,120.0,1.0,fixture,5,True,2,0.09999999999999999,,
run.fixture.fixed.103,edge.market,103,fixed,750.0,0.0730627220413163,0.0846305916589227,0.09821190879256286,0.09947119529425823,-0.0010549004008322108,2,0.0,,120.0,1.0,fixture,5,True,2,0.09999999999999999,,
run.fixture.fixed.103,edge.market,103,fixed,755.0,0.1010227615886941,0.08333421325490689,0.09470955951029761,0.09969443614565922,-0.0006645104326609561,2,0.0,,120.0,1.0,fixture,5,True,2,0.09999999999999999,,
run.fixture.fixed.103,edge.market,103,fixed,760.0,0.1174580749040338,0.08819676130841256,0.09438913338856884,0.1001514400107448,-0.00030748902914899136,2,0.0,,120.0,1.0,fixture,5,True,2,0.09999999999999999,,
run.fixture.fixed.103,edge.market,103,fixed,765.0,0.1060759490892824,0.08827217065574121,0.09454467782993922,0.10079684483019564,-0.00015608896327583404,2,0.0,,120.0,1.0,fixture,5,True,2,0.09999999999999999,,
run.fixture.fixed.103,edge.market,103,fixed,770.0,0.0908891943211038,0.08747820406731142,0.09302197139733616,0.10073469613751673,-5.603951299889141e-05,2,0.0,,120.0,1.0,fixture,5,True,2,0.09999999999999999,,
run.fixture.fixed.103,edge.market,103,fixed,775.0,0.0949393954397155,0.09405851757953373,0.09144981688664487,0.10028050994277299,0.00012856771010422833,2,0.0,,120.0,1.0,fixture,5,True,2,0.09999999999999999,,
run.fixture.fixed.103,edge.market,103,fixed,780.0,0.0928247754964768,0.09661041041151754,0.09197109941936656,0.09950861203520497,9.608172268680233e-05,2,0.0,,120.0,1.0,fixture,5,True,2,0.09999999999999999,,
run.fixture.fixed.103,edge.market,103,fixed,785.0,0.0929837197138887,0.09945626722188503,0.0906546616729884,0.0989462450545383,0.0002421915015320772,2,0.0,,120.0,1.0,fixture,5,True,2,,,
run.fixture.fixed.103,edge.market,103,fixed,790.0,0.0901857880726979,0.09790812814817129,0.09117508856092714,0.0990606866698225,0.0001834506184483383,2,0.0,,120.0,1.0,fixture,5,True,2,,,
run.fixture.fixed.103,edge.market,103,fixed,795.0,0.0859830259928756,0.09341169258943438,0.08967008412514975,0.09868876501181739,0.0002597787396253419,2,0.0,,120.0,1.0,fixture,5,True,2,,,
run.fixture.fixed.103,edge.market,103,fixed,800.0,0.0874087607517057,0.090744951398352,0.08897483799527234,0.09822122368477937,0.0002969987329924556,2,0.0,,120.0,1.0,fixture,5,True,2,,,
run.fixture.fixed.103,edge.market,103,fixed,805.0,0.0908026441318764,0.09073258708560523,0.09219987209355826,0.09736578022888905,6.068394010643901e-07,2,0.0,,120.0,1.0,fixture,5,True,2,,,
run.fixture.fixed.103,edge.market,103,fixed,810.0,0.0963507279977639,0.0909342060224693,0.09384519534934083,0.09694718527213726,-0.0001046275446885438,2,0.0,,120.0,1.0,fixture,5,True,2,,,
run.fixture.fixed.103,edge.market,103,fixed,815.0,0.1068606253633281,0.09293932743201946,0.09644503406641868,0.0953594781963447,-0.00017867670191079436,2,0.0,,120.0,1.0,fixture,5,True,2,,,
run.fixture.fixed.103,edge.market,103,fixed,820.0,0.1113834833228306,0.09556786509043975,0.09724201266135227,0.09494987294979763,-4.4968143455410434e-05,2,0.0,,120.0,1.0,fixture,5,True,2,,,
run.fixture.fixed.103,edge.market,103,fixed,825.0,0.0991287723816018,0.096845434277426,0.09583206631347288,0.09475286899100296,0.00012298020162180816,2,0.0,,120.0,1.0,fixture,5,True,2,,,
run.fixture.fixed.103,edge.market,103,fixed,830.0,0.1361731619044178,0.10401545369336063,0.09814723653002175,0.09577242034938196,0.0004677645455518486,2,0.0,,120.0,1.0,fixture,5,True,2,,,
run.fixture.fixed.103,edge.market,103,fixed,835.0,0.1089035490569398,0.10708613773696549,0.09953295612508604,0.09551346614851144,0.0004828541935728177,2,0.0,,120.0,1.0,fixture,5,True,2,,,
run.fixture.fixed.103,edge.market,103,fixed,840.0,0.1251434952012022,0.11199197360401203,0.1018563484144312,0.09707728185371575,0.0006163798085828217,2,0.0,,120.0,1.0,fixture,5,True,2,,,
run.fixture.fixed.103,edge.market,103,fixed,845.0,0.1380112026474369,0.11794346998253676,0.1053322274260435,0.09819383354294103,0.0007852898250359566,2,0.0,,120.0,1.0,fixture,5,True,2,,,
run.fixture.fixed.103,edge.market,103,fixed,850.0,0.1076448656332035,0.11805550430680466,0.10646000788137541,0.09916281862708941,0.0007055494681764808,2,0.0,,120.0,1.0,fixture,5,True,2,,,
run.fixture.fixed.103,edge.market,103,fixed,855.0,0.0929947906472303,0.11542854821029033,0.10667608500249327,0.09866068690665934,0.0004915815098626203,2,0.0,,120.0,1.0,fixture,5,True,2,,,
run.fixture.fixed.103,edge.market,103,fixed,860.0,0.1094233659015946,0.11689920442743217,0.10847918807239473,0.09917974312511862,0.0003505180728596358,2,0.0,,120.0,1.0,fixture,5,True,2,,,
run.fixture.fixed.103,edge.market,103,fixed,865.0,0.0872075440618942,0.1099041161642145,0.10846370986548616,0.10071295685342804,4.818526482905711e-05,2,0.0,,120.0,1.0,fixture,5,True,2,,,
run.fixture.fixed.103,edge.market,103,fixed,870.0,0.101756577203068,0.10888312018508996,0.10930632010173168,0.10178475891464714,-0.0001318919396871819,2,0.0,,120.0,1.0,fixture,5,True,2,,,
run.fixture.fixed.103,edge.market,103,fixed,875.0,0.075148081284523,0.10174091819699294,0.10767534727763622,0.10186817328437542,-0.00045676949752347374,2,0.0,,120.0,1.0,fixture,5,True,2,,,
run.fixture.fixed.103,edge.market,103,fixed,880.0,0.1209763390731971,0.09930736625781582,0.10876117140916458,0.10266631638375553,-0.0003753377421683004,2,0.0,,120.0,1.0,fixture,5,True,2,,,
run.fixture.fixed.103,edge.market,103,fixed,885.0,0.0784022253275843,0.09512984621415592,0.10622415156337642,0.10110408240069756,-0.0005553349873263437,2,0.0,,120.0,1.0,fixture,5,True,2,,,
run.fixture.fixed.103,edge.market,103,fixed,890.0,0.1141132469167287,0.09814676853837,0.10737680345069386,0.1014255743137954,-0.0005578988138673418,2,0.0,,120.0,1.0,fixture,5,True,2,,,
run.fixture.fixed.103,edge.market,103,fixed,895.0,0.0894527715469598,0.09529382648770787,0.10378292726935096,0.10136811740282964,-0.00045456879435782315,2,0.0,,120.0,1.0,fixture,5,True,2,,,
run.fixture.fixed.103,edge.market,103,fixed,900.0,0.0697502008688601,0.09279992031727442,0.10077113125488328,0.10036054961999544,-0.0006395709986323534,2,0.0,,120.0,1.0,fixture,5,True,2,,,
run.fixture.fixed.104,edge.market,104,fixed,0.0,0.099221797426301,0.099221797426301,0.099221797426301,0.099221797426301,0.0,2,0.0,,0.0,1.0,fixture,5,False,2,0.09999999999999999,0.09999999999999999,0.46925
run.fixture.fixed.104,edge.market,104,fixed,5.0,0.0998840360916745,0.09955291675898775,0.09955291675898775,0.09955291675898775,0.00013244773307470172,2,0.0,,5.0,1.0,fixture,5,False,2,0.09999999999999999,0.10175,0.48675
run.fixture.fixed.104,edge.market,104,fixed,10.0,0.1280020343777081,0.10903595596522786,0.10903595596522786,0.10903595596522786,0.002878023695140714,2,0.0,,10.0,1.0,fixture,5,False,2,0.09999999999999999,0.10641666666666666,0.50425
run.fixture.fixed.104,edge.market,104,fixed,15.0,0.0928038992261865,0.10497794178046752,0.10497794178046752,0.10497794178046752,0.00017728607371380375,2,0.0,,15.0,1.0,fixture,5,False,2,0.09999999999999999,0.11399999999999999,0.5217499999999999
run.fixture.fixed.104,edge.market,104,fixed,20.0,0.1072240207945128,0.10542715758327656,0.10542715758327656,0.10542715758327656,0.00017848619741871665,2,0.0,,20.0,1.0,fixture,5,False,2,0.09999999999999999,0.1245,0.5392499999999999
run.fixture.fixed.104,edge.market,104,fixed,25.0,0.0937363273575009,0.10347868587898063,0.10347868587898063,0.10347868587898063,-0.00023203160792575433,2,0.0,,25.0,1.0,fixture,5,False,2,0.09999999999999999,0.13791666666666666,0.55675
run.fixture.fixed.104,edge.market,104,fixed,30.0,0.1205246545173942,0.10591382425589686,0.10591382425589686,0.10591382425589686,0.00022025100158383417,2,0.0,,30.0,1.0,fixture,5,False,2,0.09999999999999999,0.15425,0.57425
run.fixture.fixed.104,edge.market,104,fixed,35.0,0.1105050637456382,0.1075257194443736,0.10648772919211452,0.10648772919211452,0.0002233546592182532,2,0.0,,35.0,1.0,fixture,5,False,2,0.09999999999999999,0.17174999999999999,0.59175
run.fixture.fixed.104,edge.market,104,fixed,40.0,0.1153537386635734,0.1097356769546449,0.10747284135560996,0.10747284135560996,0.0002745617210722237,2,0.0,,40.0,1.0,fixture,5,False,2,0.09999999999999999,0.18925000000000003,0.60925
run.fixture.fixed.104,edge.market,104,fixed,45.0,0.125584666318403,0.10939033866045844,0.10928402385188926,0.10928402385188926,0.00039726479673754116,2,0.0,,45.0,1.0,fixture,5,False,2,0.09999999999999999,0.20675000000000002,0.62675
run.fixture.fixed.104,edge.market,104,fixed,50.0,0.0878794028791215,0.10868683918230627,0.10733814921800128,0.10733814921800128,0.00010336113416435874,2,0.0,,50.0,1.0,fixture,5,False,2,0.09999999999999999,0.22424999999999998,0.64425
run.fixture.fixed.104,edge.market,104,fixed,55.0,0.1225508008336028,0.11087637918789058,0.10860587018596807,0.10860587018596807,0.00019652896178490547,2,0.0,,55.0,1.0,fixture,5,False,2,0.09999999999999999,0.24175000000000002,0.66175
run.fixture.fixed.104,edge.market,104,fixed,60.0,0.1112898472325423,0.11338402488432506,0.10881232995878147,0.10881232995878147,0.00017211216478642987,2,0.0,,60.0,1.0,fixture,5,True,2,0.09999999999999999,0.25925000000000004,0.67925
run.fixture.fixed.104,edge.market,104,fixed,65.0,0.1021166289319868,0.11075430694355258,0.10903500930537269,0.10833406559972471,5.419135831595543e-05,2,0.0,,65.0,1.0,fixture,5,True,2,0.10175,0.27675,0.6967499999999999
run.fixture.fixed.104,edge.market,104,fixed,70.0,0.1319278106322763,0.11381469935592946,0.11149991503926512,0.10990698193522815,0.00013474080388247643,2,0.0,,70.0,1.0,fixture,5,True,2,0.10641666666666666,0.29424999999999996,0.7142499999999998
run.fixture.fixed.104,edge.market,104,fixed,75.0,0.0936551955733087,0.11071490748589163,0.1088578505158498,0.10889124528760818,0.00014402269242463258,2,0.0,,75.0,1.0,fixture,5,True,2,0.11399999999999999,0.31175,0.7317499999999999
run.fixture.fixed.104,edge.market,104,fixed,80.0,0.1049417089338129,0.10776591357380734,0.10979152818566723,0.10865891961973788,-5.289954300493032e-06,2,0.0,,80.0,1.0,fixture,5,True,2,0.1245,0.32925,0.74925
run.fixture.fixed.104,edge.market,104,fixed,85.0,0.1008356407835215,0.10961680470300732,0.10930011433866789,0.10822429301772586,-8.408981820264133e-05,2,0.0,,85.0,1.0,fixture,5,True,2,0.13791666666666666,0.34674999999999995,0.76675
run.fixture.fixed.104,edge.market,104,fixed,90.0,0.0960338811307647,0.1058286733168876,0.10947684924430355,0.10758269239209632,-0.0002912809260219698,2,0.0,,90.0,1.0,fixture,5,True,2,0.15425,0.36425,0.7842500000000001
run.fixture.fixed.104,edge.market,104,fixed,95.0,0.1050696742674741,0.1049400771790207,0.10828800460969433,0.10745704148586521,-0.0002353561050871806,2,0.0,,95.0,1.0,fixture,5,True,2,0.17174999999999999,0.38175,0.8017500000000001
run.fixture.fixed.104,edge.market,104,fixed,100.0,0.0999565708411818,0.10463149745176288,0.1074765820785823,0.10709987621707076,-0.0002732343343832992,2,0.0,,100.0,1.0,fixture,5,True,2,0.18925000000000003,0.39925000000000005,0.8192499999999999
run.fixture.fixed.104,edge.market,104,fixed,105.0,0.0795446863677291,0.09714819398539899,0.10472203959428658,0.10584736758755522,-0.00039680716753734467,2,0.0,,105.0,1.0,fixture,5,True,2,0.20675000000000002,0.41674999999999995,0.83675
run.fixture.fixed.104,edge.market,104,fixed,110.0,0.0926383661216686,0.09700293263516467,0.1021877088099224,0.10527306317599494,-0.0003159979958526119,2,0.0,,110.0,1.0,fixture,5,True,2,0.22424999999999998,0.43424999999999997,0.85425
run.fixture.fixed.104,edge.market,104,fixed,115.0,0.0741760881170197,0.09260784394705136,0.1011336076743761,0.10397735588187097,-0.0006107538921965921,2,0.0,,115.0,1.0,fixture,5,True,2,0.24175000000000002,0.45175000000000004,0.8691666666666668
run.fixture.fixed.104,edge.market,104,fixed,120.0,0.1494709628324223,0.09955574709689433,0.10320438936659297,0.10579710015989302,-0.0001272984163033345,2,0.0,,120.0,1.0,fixture,5,True,2,0.25925000000000004,0.46925,0.8811666666666667
run.fixture.fixed.104,edge.market,104,fixed,125.0,0.1180240275811655,0.10269719658980872,0.10372240323956398,0.10654918936608761,3.260931375059928e-05,2,0.0,,120.0,1.0,fixture,5,True,2,0.27675,0.48675,0.89025
run.fixture.fixed.104,edge.market,104,fixed,130.0,0.0707591678398505,0.09779569567157678,0.10131029084786121,0.10538419463601466,-0.00019708280993217104,2,0.0,,120.0,1.0,fixture,5,True,2,0.29424999999999996,0.50425,0.8964166666666666
run.fixture.fixed.104,edge.market,104,fixed,135.0,0.1012967034363981,0.0979871431851791,0.09895405183279365,0.10431598139836225,3.834698569653985e-05,2,0.0,,120.0,1.0,fixture,5,True,2,0.31175,0.5217499999999999,0.8996666666666666
run.fixture.fixed.104,edge.market,104,fixed,140.0,0.0972056306137419,0.10051013522032379,0.09922716222051929,0.10449205065386445,-1.394149906247716e-05,2,0.0,,120.0,1.0,fixture,5,True,2,0.32925,0.5392499999999999,0.9
run.fixture.fixed.104,edge.market,104,fixed,145.0,0.1310491905217725,0.10599739584891006,0.10123543003497772,0.10544505744295485,0.00023983212379529803,2,0.0,,120.0,1.0,fixture,5,True,2,0.34674999999999995,0.55675,0.9
run.fixture.fixed.104,edge.market,104,fixed,150.0,0.0934226087042595,0.10874689878994433,0.10066519679811142,0.10543250869682519,0.00018524371418595338,2,0.0,,120.0,1.0,fixture,5,True,2,0.36425,0.57425,0.9
run.fixture.fixed.104,edge.market,104,fixed,155.0,0.1249145191194655,0.10523883540237908,0.10288678433570378,0.10560810328090806,0.0003095038507317743,2,0.0,,120.0,1.0,fixture,5,True,2,0.38175,0.59175,0.9
run.fixture.fixed.104,edge.market,104,fixed,160.0,0.0980547176102613,0.10238607683510705,0.10234717228514895,0.10511008943549298,0.00029443553113808,2,0.0,,120.0,1.0,fixture,5,True,2,0.39925000000000005,0.60925,0.9
run.fixture.fixed.104,edge.market,104,fixed,165.0,0.0987624455676723,0.10638654508193872,0.10225531649487901,0.10444643771165694,0.00025241072848683824,2,0.0,,120.0,1.0,fixture,5,True,2,0.41674999999999995,0.62675,0.9
run.fixture.fixed.104,edge.market,104,fixed,170.0,0.1305544275961944,0.11056621996190963,0.1061791427432225,0.1046452281627686,0.00026430111938556685,2,0.0,,120.0,1.0,fixture,5,True,2,0.43424999999999997,0.64425,0.8986666666666667
run.fixture.fixed.104,edge.market,104,fixed,175.0,0.1016515668685553,0.11120135371259725,0.10687246587759837,0.10519611472234594,0.00013028915059558883,2,0.0,,120.0,1.0,fixture,5,True,2,0.45175000000000004,0.66175,0.8906666666666667
run.fixture.fixed.104,edge.market,104,fixed,180.0,0.0905830852665626,0.10542048153328154,0.10813454258140938,0.10391740609966435,-0.00022862395708602213,2,0.0,,120.0,1.0,fixture,5,True,2,0.46925,0.67925,0.876
run.fixture.fixed.104,edge.market,104,fixed,185.0,0.1268950604620332,0.11020226035582066,0.10639793470676405,0.10454161462884397,0.00021304422867313562,2,0.0,,120.0,1.0,fixture,5,True,2,0.48675,0.6967499999999999,0.8546666666666667
run.fixture.fixed.104,edge.market,104,fixed,190.0,0.1411783596239928,0.11252566614218172,0.10817903717159691,0.1061040838565242,0.0005317971952931172,2,0.0,,120.0,1.0,fixture,5,True,2,0.50425,0.7142499999999998,0.8266666666666667
run.fixture.fixed.104,edge.market,104,fixed,195.0,0.1762877057981697,0.12370180731188289,0.11629661701454455,0.10787847966315994,0.0006930201913779654,2,0.0,,120.0,1.0,fixture,5,True,2,0.5217499999999999,0.7317499999999999,0.7919999999999999
run.fixture.fixed.104,edge.market,104,fixed,200.0,0.1562830151379064,0.13191903153620205,0.12052633329927595,0.11038359244574383,0.0008412828218099946,2,0.0,,120.0,1.0,fixture,5,True,2,0.5392499999999999,0.74925,0.7520000000000001
run.fixture.fixed.104,edge.market,104,fixed,205.0,0.1577265503618463,0.13580076335986663,0.12518178866451476,0.11249498610286518,0.0009071689576085481,2,0.0,,120.0,1.0,fixture,5,True,2,0.55675,0.76675,0.7120000000000001
run.fixture.fixed.104,edge.market,104,fixed,210.0,0.1775319250733981,0.14664081453198705,0.12875738363002442,0.11556283747446024,0.0012974685526130595,2,0.0,,120.0,1.0,fixture,5,True,2,0.57425,0.7842500000000001,0.6720000000000002
run.fixture.fixed.104,edge.market,104,fixed,215.0,0.2279145895706771,0.1662596008611462,0.13910292061974888,0.12083806581205675,0.0016794463670785102,2,0.0,,120.0,1.0,fixture,5,True,2,0.59175,0.8017500000000001,0.6320000000000001
run.fixture.fixed.104,edge.market,104,fixed,220.0,0.2230344460802898,0.17999379880661143,0.14665060730904303,0.12555665668456936,0.0021236994904425344,2,0.0,,120.0,1.0,fixture,5,True,2,0.60925,0.8192499999999999,0.5920000000000001
run.fixture.fixed.104,edge.market,104,fixed,225.0,0.2229010199577349,0.19166846456857461,0.15625416902807948,0.1304744346492315,0.0022526349278059184,2,0.0,,120.0,1.0,fixture,5,True,2,0.62675,0.83675,0.552
run.fixture.fixed.104,edge.market,104,fixed,230.0,0.2836150629915073,0.20700094416762282,0.17047360113760524,0.13863724971418262,0.0026501330591880254,2,0.0,,120.0,1.0,fixture,5,True,2,0.64425,0.85425,0.512
run.fixture.fixed.104,edge.market,104,fixed,235.0,0.298040342189123,0.2272519908892252,0.18335713302936896,0.1468533287568808,0.003184161885033333,2,0.0,,120.0,1.0,fixture,5,True,2,0.66175,0.8691666666666668,0.472
run.fixture.fixed.104,edge.market,104,fixed,240.0,0.291132542274498,0.24630998973388976,0.19793259267597993,0.15553158692317992,0.0032662646238740796,2,0.0,,120.0,1.0,fixture,5,True,2,0.67925,0.8811666666666667,0.43199999999999994
run.fixture.fixed.104,edge.market,104,fixed,245.0,0.3027733146785847,0.264201616820345,0.21425491801536622,0.1616636809970264,0.0031317566899726574,2,0.0,,120.0,1.0,fixture,5,True,2,0.6967499999999999,0.89025,0.39199999999999996
run.fixture.fixed.104,edge.market,104,fixed,250.0,0.3413924035813015,0.28041273310757703,0.23075471363992536,0.17059841603703188,0.0032980269213158248,2,0.0,,120.0,1.0,fixture,5,True,2,0.7142499999999998,0.8964166666666666,0.3519999999999999
run.fixture.fixed.104,edge.market,104,fixed,255.0,0.3646403253693444,0.30064214443458487,0.24794409562033703,0.18235366233821165,0.0034917403194092153,2,0.0,,120.0,1.0,fixture,5,True,2,0.7317499999999999,0.8996666666666666,0.312
run.fixture.fixed.104,edge.market,104,fixed,260.0,0.3705452161595854,0.3217341724634206,0.2628869810327536,0.19312360284713911,0.003748896357299674,2,0.0,,120.0,1.0,fixture,5,True,2,0.74925,0.9,0.27199999999999996
run.fixture.fixed.104,edge.market,104,fixed,265.0,0.378861657351681,0.3353408288005883,0.2800084150491978,0.20438984391665665,0.0036935340459256475,2,0.0,,120.0,1.0,fixture,5,True,2,0.76675,0.9,0.23199999999999996
run.fixture.fixed.104,edge.market,104,fixed,270.0,0.4234497973757343,0.3532564652558184,0.3004486648194969,0.21608586819081513,0.003698671673560547,2,0.0,,120.0,1.0,fixture,5,True,2,0.7842500000000001,0.9,0.19333333333333333
run.fixture.fixed.104,edge.market,104,fixed,275.0,0.4031715753753364,0.36926204141308105,0.31780556099656904,0.22847582685765822,0.0034304522066510366,2,0.0,,120.0,1.0,fixture,5,True,2,0.8017500000000001,0.9,0.16133333333333333
run.fixture.fixed.104,edge.market,104,fixed,280.0,0.4161176389492163,0.385454087737457,0.33228271864107206,0.2401239516508482,0.003387194698667123,2,0.0,,120.0,1.0,fixture,5,True,2,0.8192499999999999,0.9,0.136
run.fixture.fixed.104,edge.market,104,fixed,285.0,0.4585044454428695,0.40218437943196683,0.3503957955151166,0.2545419407641526,0.0033790545370026284,2,0.0,,120.0,1.0,fixture,5,True,2,0.83675,0.9,0.11733333333333333
run.fixture.fixed.104,edge.market,104,fixed,290.0,0.4884799363755314,0.4198757524328506,0.37082494293187024,0.27013064039646695,0.0033087703790474795,2,0.0,,120.0,1.0,fixture,5,True,2,0.85425,0.8986666666666667,0.10533333333333333
run.fixture.fixed.104,edge.market,104,fixed,295.0,0.5272886917453729,0.4422676775165345,0.3895690682206291,0.28600001096243405,0.0036695542617930558,2,0.0,,120.0,1.0,fixture,5,True,2,0.8691666666666668,0.8906666666666667,0.09999999999999999
run.fixture.fixed.104,edge.market,104,fixed,300.0,0.5272886917453729,0.46347153957277626,0.4072035566480329,0.3030254959575068,0.003873528612263297,2,5.0,,120.0,1.0,fixture,5,True,2,0.8811666666666667,0.876,0.09999999999999999
run.fixture.fixed.104,edge.market,104,fixed,305.0,0.5272886917453729,0.4783056673398675,0.42536941429963865,0.32049372021665923,0.003772444777064721,2,10.0,,120.0,1.0,fixture,5,True,2,0.89025,0.8546666666666667,0.09999999999999999
run.fixture.fixed.104,edge.market,104,fixed,310.0,0.5272886917453729,0.4960366839641584,0.44263982792016077,0.3365094654679928,0.0035013930928087036,2,15.0,,120.0,1.0,fixture,5,True,2,0.8964166666666666,0.8266666666666667,0.09999999999999999
run.fixture.fixed.104,edge.market,104,fixed,315.0,,0.5093565247999822,0.45107711328173244,0.3446482615448261,0.0035358873514032673,2,20.0,,120.0,0.9230769230769231,fixture,5,False,0,0.8996666666666666,0.7919999999999999,0.09999999999999999
run.fixture.fixed.104,edge.market,104,fixed,320.0,,0.5195269406714046,0.45893500309194957,0.35196828570772426,0.0036537067795981977,2,25.0,,120.0,0.8461538461538461,fixture,5,False,0,0.9,0.7520000000000001,0.09999999999999999
run.fixture.fixed.104,edge.market,104,fixed,325.0,,0.5272886917453729,0.467773981785186,0.360863070733625,0.0036930785470327327,2,30.0,,120.0,0.7692307692307693,fixture,5,False,0,0.9,0.7120000000000001,0.09999999999999999
run.fixture.fixed.104,edge.market,104,fixed,330.0,,0.5272886917453729,0.4776531289444644,0.37053623837037636,0.003596110928278261,2,35.0,,120.0,0.6923076923076923,fixture,5,False,0,0.9,0.6720000000000002,0.09999999999999999
run.fixture.fixed.104,edge.market,104,fixed,335.0,,0.5272886917453729,0.48442854539055563,0.3801864540352252,0.003975801363924736,2,40.0,,120.0,0.6153846153846154,fixture,5,False,0,0.9,0.6320000000000001,0.09999999999999999
run.fixture.fixed.104,edge.market,104,fixed,340.0,,0.5272886917453729,0.4960366839641584,0.3882007626912541,0.0036420743311665594,2,45.0,,120.0,0.5384615384615384,fixture,5,False,0,0.9,0.5920000000000001,0.09999999999999999
run.fixture.fixed.104,edge.market,104,fixed,345.0,,,0.5093565247999822,0.39737666916964104,0.00263055712926881,2,50.0,,120.0,0.46153846153846156,fixture,5,False,0,0.9,0.552,0.09999999999999999
run.fixture.fixed.104,edge.market,104,fixed,350.0,,,0.5195269406714046,0.4076399426526943,0.0015523502147936543,2,55.0,,120.0,0.38461538461538464,fixture,5,False,0,0.8986666666666667,0.512,0.09999999999999999
run.fixture.fixed.104,edge.market,104,fixed,355.0,0.6877848418736658,0.6877848418736658,0.5593879217710315,0.43141463552811543,0.002893063650381255,2,0.0,,120.0,0.38461538461538464,fixture,5,False,2,0.8906666666666667,0.472,0.09999999999999999
run.fixture.fixed.104,edge.market,104,fixed,360.0,0.7220209689507576,0.7049029054122118,0.5983343772121084,0.45635467239644684,0.003345782130179107,2,0.0,,120.0,0.38461538461538464,fixture,5,False,2,0.876,0.43199999999999994,0.09999999999999999
run.fixture.fixed.104,edge.market,104,fixed,365.0,0.7378792253246862,0.7158950120497032,0.640452483927971,0.482633889046458,0.0036001988416700047,2,0.0,,120.0,0.38461538461538464,fixture,5,False,2,0.8546666666666667,0.39199999999999996,0.09999999999999999
run.fixture.fixed.104,edge.market,104,fixed,370.0,0.7427847705940017,0.7226174516857778,0.6835516996976968,0.5085169158650119,0.0037150012977829857,2,0.0,,120.0,0.38461538461538464,fixture,5,False,2,0.8266666666666667,0.3519999999999999,0.09999999999999999
run.fixture.fixed.104,edge.market,104,fixed,375.0,0.7858246281605589,0.735258886980734,0.735258886980734,0.5346599878990858,0.004336867484340639,2,0.0,,120.0,0.38461538461538464,fixture,5,False,2,0.7919999999999999,0.312,0.09999999999999999
run.fixture.fixed.104,edge.market,104,fixed,380.0,0.8155283798404042,0.7486371357906791,0.7486371357906791,0.5611828146326776,0.004771624072756646,2,0.0,,120.0,0.46153846153846156,fixture,5,False,2,0.7520000000000001,0.27199999999999996,0.09999999999999999
run.fixture.fixed.104,edge.market,104,fixed,385.0,0.8074910853199313,0.7570448428662866,0.7570448428662866,0.5868855128185803,0.004243421106814009,2,0.0,,120.0,0.5384615384615384,fixture,5,False,2,0.7120000000000001,0.23199999999999996,0.09999999999999999
run.fixture.fixed.104,edge.market,104,fixed,390.0,0.8424319382376146,0.7791372852039936,0.7677182297877025,0.6141543528706941,0.004252065660731506,2,0.0,,120.0,0.6153846153846154,fixture,5,False,2,0.6720000000000002,0.19333333333333333,0.09999999999999999
run.fixture.fixed.104,edge.market,104,fixed,395.0,0.8628609517049939,0.7992572827403129,0.7782896433340682,0.6400020678312388,0.004245015588075906,2,0.0,,120.0,0.6923076923076923,fixture,5,False,2,0.6320000000000001,0.16133333333333333,0.09999999999999999
run.fixture.fixed.104,edge.market,104,fixed,400.0,0.8989388010619637,0.822265793559924,0.7903545591068577,0.669164845812805,0.004403456693814063,2,0.0,,120.0,0.7692307692307693,fixture,5,False,2,0.5920000000000001,0.136,0.09999999999999999
run.fixture.fixed.104,edge.market,104,fixed,405.0,0.8876371874772432,0.8429589959718157,0.7991984344132564,0.6969012898438655,0.004186980051000413,2,0.0,,120.0,0.8461538461538461,fixture,5,True,2,0.552,0.11733333333333333,0.09999999999999999
run.fixture.fixed.104,edge.market,104,fixed,410.0,0.888599803576471,0.8576411638883746,0.806648548510191,0.7222010167929008,0.003908456725101985,2,0.0,,120.0,0.9230769230769231,fixture,5,True,2,0.512,0.10533333333333333,0.09999999999999999
run.fixture.fixed.104,edge.market,104,fixed,415.0,0.8905702694663244,0.8683614338349346,0.8131040655068167,0.7458533893276535,0.003624260312290896,2,0.0,,120.0,1.0,fixture,5,True,2,0.472,0.09999999999999999,0.09999999999999999
run.fixture.fixed.104,edge.market,104,fixed,420.0,0.8680126316114544,0.8770073690194379,0.8269677416404927,0.7658959740256582,0.003022300786132397,2,0.0,,120.0,1.0,fixture,5,True,2,0.43199999999999994,0.09999999999999999,0.09999999999999999
run.fixture.fixed.104,edge.market,104,fixed,425.0,0.8985975982082675,0.885031034729531,0.8405505592756858,0.7877376744058284,0.0026873026878670094,2,0.0,,120.0,1.0,fixture,5,True,2,0.39199999999999996,0.09999999999999999,0.09999999999999999
run.fixture.fixed.104,edge.market,104,fixed,430.0,0.890949275954249,0.8890436524794246,0.8523251785548829,0.8091294734769389,0.002229822426783918,2,0.0,,120.0,1.0,fixture,5,True,2,0.3519999999999999,0.09999999999999999,0.09999999999999999
run.fixture.fixed.104,edge.market,104,fixed,435.0,0.9137260752449878,0.8911561202198567,0.8654745096818817,0.8318610842710338,0.0017920449810855258,2,0.0,,120.0,1.0,fixture,5,True,2,0.312,0.09999999999999999,0.09999999999999999
run.fixture.fixed.104,edge.market,104,fixed,440.0,0.8874467852790309,0.8911289199058264,0.873291598690995,0.8349491787714781,0.0013242257315620426,2,0.0,,120.0,1.0,fixture,5,True,2,0.27199999999999996,0.09999999999999999,0.09999999999999999
run.fixture.fixed.104,edge.market,104,fixed,445.0,0.918120558152479,0.8953461705595418,0.8811833047150007,0.8393266197915308,0.0011754688357540916,2,0.0,,120.0,1.0,fixture,5,True,2,0.23199999999999996,0.09999999999999999,0.09999999999999999
run.fixture.fixed.104,edge.market,104,fixed,450.0,0.9182702100882124,0.8993033049340973,0.8897047758510225,0.8432737993063648,0.0008531346560549589,2,0.0,,120.0,1.0,fixture,5,True,2,0.19333333333333333,0.09999999999999999,0.09999999999999999
run.fixture.fixed.104,edge.market,104,fixed,455.0,0.9003075022873526,0.9039168578877971,0.894156742316387,0.8459896899245071,0.0005594055300375147,2,0.0,,120.0,1.0,fixture,5,True,2,0.16133333333333333,0.09999999999999999,0.09999999999999999
run.fixture.fixed.104,edge.market,104,fixed,460.0,0.9186663839037564,0.906783827272867,0.8984494678701379,0.8492931760144729,0.0004802707116248419,2,0.0,,120.0,1.0,fixture,5,True,2,0.136,0.09999999999999999,0.09999999999999999
run.fixture.fixed.104,edge.market,104,fixed,465.0,0.9086062644526048,0.9093062542012034,0.8991931189001873,0.8518720059465655,0.000551002702655154,2,0.0,,120.0,1.0,fixture,5,True,2,0.11733333333333333,0.09999999999999999,0.09999999999999999
run.fixture.fixed.104,edge.market,104,fixed,470.0,0.9026797812964504,0.9077282122085553,0.9003502415016646,0.8539889965861441,0.0004850999053111619,2,0.0,,120.0,1.0,fixture,5,True,2,0.10533333333333333,0.09999999999999999,0.09999999999999999
run.fixture.fixed.104,edge.market,104,fixed,475.0,0.8272536565168547,0.8991291938139587,0.8956313071124633,0.8529195829833727,-8.72435841231343e-05,2,0.0,,120.0,1.0,fixture,5,True,2,0.09999999999999999,0.09999999999999999,0.09999999999999999
run.fixture.fixed.104,edge.market,104,fixed,480.0,0.8086031005047112,0.8834838427214204,0.8893261402692624,0.8577523133286143,-0.0006999869941994967,2,0.0,,120.0,1.0,fixture,5,True,2,0.09999999999999999,0.09999999999999999,0.09999999999999999
run.fixture.fixed.104,edge.market,104,fixed,485.0,0.7668001640762553,0.8618452647197123,0.8815405658434778,0.8595434811336342,-0.0016718006400925757,2,0.0,,120.0,1.0,fixture,5,True,2,0.09999999999999999,0.09999999999999999,0.09999999999999999
run.fixture.fixed.104,edge.market,104,fixed,490.0,0.7218503876629174,0.8363513912019359,0.8679446265707585,0.8589023276271637,-0.0025934949725429394,2,0.0,,120.0,1.0,fixture,5,True,2,0.09999999999999999,0.09999999999999999,0.09999999999999999
run.fixture.fixed.104,edge.market,104,fixed,495.0,0.6744878547028679,0.8014687441732374,0.85129374801296,0.8561704509915182,-0.0036920752863043795,2,0.0,,120.0,1.0,fixture,5,True,2,0.09999999999999999,0.09999999999999999,0.09999999999999999
run.fixture.fixed.104,edge.market,104,fixed,500.0,0.6342988758990763,0.7622819743798761,0.8297993480632745,0.8501094209010589,-0.004642562035819892,2,0.0,,120.0,1.0,fixture,5,True,2,0.09999999999999999,0.09999999999999999,0.09999999999999999
run.fixture.fixed.104,edge.market,104,fixed,505.0,0.5967956714742034,0.7185842444052694,0.8074415700782878,0.841360112566411,-0.005735408188593652,2,0.0,,120.0,1.0,fixture,5,True,2,0.09999999999999999,0.09999999999999999,0.09999999999999999
run.fixture.fixed.104,edge.market,104,fixed,510.0,0.5850316803210064,0.6839811049487198,0.7818193487066362,0.8324617363664539,-0.0063504701908182245,2,0.0,,120.0,1.0,fixture,5,True,2,0.09999999999999999,0.09999999999999999,0.09999999999999999
run.fixture.fixed.104,edge.market,104,fixed,515.0,0.5502077969913559,0.6470674901610975,0.7535068553914931,0.8207727707166035,-0.0068279573123793715,2,0.0,,120.0,1.0,fixture,5,True,2,0.09999999999999999,0.09999999999999999,0.09999999999999999
run.fixture.fixed.104,edge.market,104,fixed,520.0,0.4710427345498287,0.6048164288001795,0.720486488642453,0.8051000420303971,-0.007561122363784837,2,0.0,,120.0,1.0,fixture,5,True,2,0.09999999999999999,0.09999999999999999,0.09999999999999999
run.fixture.fixed.104,edge.market,104,fixed,525.0,0.4201374290944254,0.5617145775761092,0.6821381075032739,0.7859479871516953,-0.008016985100553018,2,0.0,,120.0,1.0,fixture,5,True,2,0.09999999999999999,0.09999999999999999,0.09999999999999999
run.fixture.fixed.104,edge.market,104,fixed,530.0,0.4413858330991603,0.5284142887755795,0.6461980743222395,0.7680979329765723,-0.007862299988222644,2,0.0,,120.0,1.0,fixture,5,True,2,0.09999999999999999,0.09999999999999999,0.09999999999999999
run.fixture.fixed.104,edge.market,104,fixed,535.0,0.374735072363982,0.4913337454134232,0.6055869428658958,0.7475433437280725,-0.00767922972770624,2,0.0,,120.0,1.0,fixture,5,True,2,0.09999999999999999,0.09999999999999999,0.09999999999999999
run.fixture.fixed.104,edge.market,104,fixed,540.0,0.3047920528447004,0.44961894275206565,0.5653975887372685,0.7241122150632076,-0.007957364172289155,2,0.0,,120.0,1.0,fixture,5,True,2,0.09999999999999999,0.09999999999999999,0.09999999999999999
run.fixture.fixed.104,edge.market,104,fixed,545.0,0.2857444297117009,0.40686362123645053,0.52517769098396,0.7008214869872176,-0.007930419525894992,2,0.0,,120.0,1.0,fixture,5,True,2,0.09999999999999999,0.09999999999999999,0.09999999999999999
run.fixture.fixed.104,edge.market,104,fixed,550.0,0.2337284180831969,0.3616522813924278,0.48417217206141705,0.6742267197822146,-0.007993428675080167,2,0.0,,120.0,1.0,fixture,5,True,2,0.09999999999999999,0.09999999999999999,0.09999999999999999
run.fixture.fixed.104,edge.market,104,fixed,555.0,0.1942334747198696,0.32210810141671936,0.4435862556811826,0.6463580877328394,-0.008076818427650257,2,0.0,,120.0,1.0,fixture,5,True,2,0.09999999999999999,0.09999999999999999,0.09999999999999999
run.fixture.fixed.104,edge.market,104,fixed,560.0,0.2061393406482462,0.29153694592440804,0.40755944690775014,0.6180546183489697,-0.00786623633649182,2,0.0,,120.0,1.0,fixture,5,True,2,0.09999999999999999,0.09999999999999999,0.09999999999999999
run.fixture.fixed.104,edge.market,104,fixed,565.0,0.1121436208042393,0.24450234416799072,0.3673936580543012,0.5870424917699781,-0.008069883538339932,2,0.0,,120.0,1.0,fixture,5,True,2,0.09999999999999999,0.09999999999999999,0.09999999999999999
run.fixture.fixed.104,edge.market,104,fixed,570.0,0.1216724492454996,0.20835054086535038,0.3308457178828625,0.5551845674136989,-0.007925392504178938,2,0.0,,120.0,1.0,fixture,5,True,2,0.09999999999999999,0.09999999999999999,0.09999999999999999
run.fixture.fixed.104,edge.market,104,fixed,575.0,0.0864451035866075,0.1771581195427657,0.2924929042879087,0.5219115631536347,-0.007581548491772919,2,0.0,,120.0,1.0,fixture,5,True,2,0.09999999999999999,0.09999999999999999,0.09999999999999999
run.fixture.fixed.104,edge.market,104,fixed,580.0,0.1374584587704868,0.15597440940830656,0.2607429551939957,0.4913976014129602,-0.0066213313754876395,2,0.0,,120.0,1.0,fixture,5,True,2,0.09999999999999999,0.09999999999999999,0.09999999999999999
run.fixture.fixed.104,edge.market,104,fixed,585.0,0.1199262548126878,0.13971695751251953,0.23373399521421562,0.4594479962493174,-0.005932102525814031,2,0.0,,120.0,1.0,fixture,5,True,2,0.09999999999999999,0.09999999999999999,0.09999999999999999
run.fixture.fixed.104,edge.market,104,fixed,590.0,0.068722837873552,0.12178686653447417,0.20670210358184077,0.4258526591861553,-0.005586215610300309,2,0.0,,120.0,1.0,fixture,5,True,2,0.09999999999999999,0.09999999999999999,0.09999999999999999
run.fixture.fixed.104,edge.market,104,fixed,595.0,0.0899457555149103,0.10518778294399762,0.1796682514599753,0.3933432981548936,-0.004550778227641349,2,0.0,,120.0,1.0,fixture,5,True,2,0.09999999999999999,0.09999999999999999,0.09999999999999999
run.fixture.fixed.104,edge.market,104,fixed,600.0,0.0758563815268529,0.10000389161865672,0.1566775829340423,0.3632874071552936,-0.0037347380883783693,2,0.0,,120.0,1.0,fixture,5,True,2,0.09999999999999999,0.09999999999999999,0.09999999999999999
run.fixture.fixed.104,edge.market,104,fixed,605.0,0.1102259778207912,0.09836868141512693,0.14171096177835701,0.3353523222479368,-0.0029016703315705643,2,0.0,,120.0,1.0,fixture,5,True,2,0.09999999999999999,0.09999999999999999,
run.fixture.fixed.104,edge.market,104,fixed,610.0,0.0899029252526215,0.09886265593884322,0.12664623066612013,0.3082764326949915,-0.0021353120278573856,2,0.0,,120.0,1.0,fixture,5,True,2,0.09999999999999999,0.09999999999999999,
run.fixture.fixed.104,edge.market,104,fixed,615.0,0.0801925460107112,0.09068181125887528,0.11483577896823662,0.28261011902890326,-0.0016178909245748757,2,0.0,,120.0,1.0,fixture,5,True,2,0.09999999999999999,0.09999999999999999,
run.fixture.fixed.104,edge.market,104,fixed,620.0,0.127915733886389,0.09182316541226117,0.1097344142887381,0.26074723419624407,-0.0009208979577942754,2,0.0,,120.0,1.0,fixture,5,True,2,0.09999999999999999,0.09999999999999999,
run.fixture.fixed.104,edge.market,104,fixed,625.0,0.1121162313478411,0.09802222162287388,0.10250186741947619,0.23985992841419468,-0.0001636173128808972,2,0.0,,120.0,1.0,fixture,5,True,2,0.09999999999999999,0.09999999999999999,
run.fixture.fixed.104,edge.market,104,fixed,630.0,0.1002491589647232,0.09949413640141858,0.10158690881643649,0.21999806791381546,-0.00010430300193054078,2,0.0,,120.0,1.0,fixture,5,True,2,0.09999999999999999,0.09999999999999999,
run.fixture.fixed.104,edge.market,104,fixed,635.0,0.0833754483519385,0.10056828880500222,0.09864098567077792,0.19993181863505274,-6.987440828608487e-05,2,0.0,,120.0,1.0,fixture,5,True,2,0.09999999999999999,0.09999999999999999,
run.fixture.fixed.104,edge.market,104,fixed,640.0,0.084232606728686,0.09685495007755865,0.09847079360478396,0.18129281102454595,-0.0002586891865737173,2,0.0,,120.0,1.0,fixture,5,True,2,0.09999999999999999,0.09999999999999999,
run.fixture.fixed.104,edge.market,104,fixed,645.0,0.1299284408550987,0.10257288087791253,0.09789156145744642,0.16764823927675676,0.0002486289888788205,2,0.0,,120.0,1.0,fixture,5,True,2,0.09999999999999999,0.09999999999999999,
run.fixture.fixed.104,edge.market,104,fixed,650.0,0.1203972476071776,0.10831640967740773,0.09792779167240716,0.1556586320172668,0.0005665157695217615,2,0.0,,120.0,1.0,fixture,5,True,2,0.09999999999999999,0.09999999999999999,
run.fixture.fixed.104,edge.market,104,fixed,655.0,0.1048693198832069,0.10502406481981029,0.10070829028853447,0.14219797148862867,0.00038763059663474224,2,0.0,,120.0,1.0,fixture,5,True,2,0.09999999999999999,0.09999999999999999,
run.fixture.fixed.104,edge.market,104,fixed,660.0,0.0877049260316791,0.10153673548893001,0.10053591878982439,0.13071676563533655,0.00021910539997924643,2,0.0,,120.0,1.0,fixture,5,True,2,0.09999999999999999,0.09999999999999999,
run.fixture.fixed.104,edge.market,104,fixed,665.0,0.1023810229751671,0.10184128749042198,0.10257627582431007,0.1226203244405552,4.1428327749856176e-05,2,0.0,,120.0,1.0,fixture,5,True,2,0.09999999999999999,0.09999999999999999,
run.fixture.fixed.104,edge.market,104,fixed,670.0,0.0912647715934529,0.1029683336677812,0.10111772149913022,0.11484113811582532,2.5690842684170175e-05,2,0.0,,120.0,1.0,fixture,5,True,2,0.09999999999999999,0.09999999999999999,
run.fixture.fixed.104,edge.market,104,fixed,675.0,0.1041818696700127,0.10581822837368501,0.10221610183892954,0.10965927617929794,-4.03736459974414e-05,2,0.0,,120.0,1.0,fixture,5,True,2,0.09999999999999999,0.09999999999999999,
run.fixture.fixed.104,edge.market,104,fixed,680.0,0.1117754271990891,0.10322494070854078,0.10464555423803555,0.10636095427846673,-0.00014675709504861865,2,0.0,,120.0,1.0,fixture,5,True,2,0.09999999999999999,0.09999999999999999,
run.fixture.fixed.104,edge.market,104,fixed,685.0,0.1175348101470575,0.10281602107138076,0.10384702164270235,0.10281677305841917,0.0001172283917564438,2,0.0,,120.0,1.0,fixture,5,True,2,0.09999999999999999,0.09999999999999999,
run.fixture.fixed.104,edge.market,104,fixed,690.0,0.1121892066218326,0.10386171917689872,0.10385263512531707,0.1028185964911229,0.00023584111462540274,2,0.0,,120.0,1.0,fixture,5,True,2,0.09999999999999999,0.09999999999999999,
run.fixture.fixed.104,edge.market,104,fixed,695.0,0.0897411653086891,0.10415261050218587,0.10304432792100676,0.10154134513365048,0.00011507940910460607,2,0.0,,120.0,1.0,fixture,5,True,2,0.09999999999999999,0.09999999999999999,
run.fixture.fixed.104,edge.market,104,fixed,700.0,0.067237651837722,0.09913212891112229,0.10180295895837471,0.10077304706369507,-0.00027230763867911573,2,0.0,,120.0,1.0,fixture,5,True,2,0.09999999999999999,0.09999999999999999,
run.fixture.fixed.104,edge.market,104,fixed,705.0,0.110488309570081,0.10187834862206915,0.10382262840771281,0.09969424109567884,-0.0003501981463028328,2,0.0,,120.0,1.0,fixture,5,True,2,0.09999999999999999,0.09999999999999999,
run.fixture.fixed.104,edge.market,104,fixed,710.0,0.0607766836894985,0.09567760776770996,0.0985032624718974,0.09732825825075127,-0.0004332036201243545,2,0.0,,120.0,1.0,fixture,5,True,2,0.09999999999999999,0.09999999999999999,
run.fixture.fixed.104,edge.market,104,fixed,715.0,0.1097169009314267,0.09538353258661535,0.09768169734299348,0.09896802077306624,-0.00019085227209782995,2,0.0,,120.0,1.0,fixture,5,True,2,0.09999999999999999,0.09999999999999999,
run.fixture.fixed.104,edge.market,104,fixed,720.0,0.1222156096756021,0.09605221823355028,0.09901602732702389,0.10025881493949393,2.6199191393539415e-05,2,0.0,,120.0,1.0,fixture,5,True,2,0.09999999999999999,0.09999999999999999,
run.fixture.fixed.104,edge.market,104,fixed,725.0,0.0863519656858692,0.09236118381412695,0.09891195345426927,0.10067863830585458,-0.00014430858763321002,2,0.0,,120.0,1.0,fixture,5,True,2,0.09999999999999999,,
run.fixture.fixed.104,edge.market,104,fixed,730.0,0.0677790419389043,0.0892237376184434,0.09625026260532597,0.0989807608705791,-0.00032289538152980896,2,0.0,,120.0,1.0,fixture,5,True,2,0.09999999999999999,,
run.fixture.fixed.104,edge.market,104,fixed,735.0,0.0900948212649854,0.09248904753662389,0.0961602664262131,0.09898843671107366,-0.0004018306399091005,2,0.0,,120.0,1.0,fixture,5,True,2,0.09999999999999999,,
run.fixture.fixed.104,edge.market,104,fixed,740.0,0.1044441658815495,0.09162559843826223,0.09618044305786978,0.0999585015059072,-0.00028550688228424744,2,0.0,,120.0,1.0,fixture,5,True,2,0.09999999999999999,,
run.fixture.fixed.104,edge.market,104,fixed,745.0,0.0785268990098154,0.0941613434840218,0.09362286396638718,0.09798294811084426,-0.00028194245953676544,2,0.0,,120.0,1.0,fixture,5,True,2,0.09999999999999999,,
run.fixture.fixed.104,edge.market,104,fixed,750.0,0.0958002529399337,0.0921732509138085,0.09195097495045458,0.09733030897452793,-8.364800117855465e-05,2,0.0,,120.0,1.0,fixture,5,True,2,0.09999999999999999,,
run.fixture.fixed.104,edge.market,104,fixed,755.0,0.1287197383958978,0.09310241215956505,0.09322255431769035,0.09846913215177494,0.0003144621113184842,2,0.0,,120.0,1.0,fixture,5,True,2,0.09999999999999999,,
run.fixture.fixed.104,edge.market,104,fixed,760.0,0.1010489143007937,0.0952019762474114,0.09409238116323687,0.09917607078972913,0.00033928456937959526,2,0.0,,120.0,1.0,fixture,5,True,2,0.09999999999999999,,
run.fixture.fixed.104,edge.market,104,fixed,765.0,0.1126081539816675,0.10160613511066328,0.0975824197896942,0.1003110926798484,0.00025479174699715536,2,0.0,,120.0,1.0,fixture,5,True,2,0.09999999999999999,,
run.fixture.fixed.104,edge.market,104,fixed,770.0,0.0784242476369933,0.0999389103066644,0.095115953487149,0.09825092495112418,0.0002277502036416628,2,0.0,,120.0,1.0,fixture,5,True,2,0.09999999999999999,,
run.fixture.fixed.104,edge.market,104,fixed,775.0,0.0633277168842699,0.09406513187848162,0.09531218680982373,0.09596814372220788,-0.000245990794381225,2,0.0,,120.0,1.0,fixture,5,True,2,0.09999999999999999,,
run.fixture.fixed.104,edge.market,104,fixed,780.0,0.1256644833088209,0.10079907249262525,0.09653892391577713,0.09679995025923244,6.4939730723395e-05,2,0.0,,120.0,1.0,fixture,5,True,2,0.09999999999999999,,
run.fixture.fixed.104,edge.market,104,fixed,785.0,0.099514191863008,0.1013296351959216,0.09479266100711606,0.09727232089248558,0.00028206984940708685,2,0.0,,120.0,1.0,fixture,5,True,2,,,
run.fixture.fixed.104,edge.market,104,fixed,790.0,0.0947510671465454,0.09647696787458553,0.09543874573486037,0.09696712265934072,0.0002168671786245028,2,0.0,,120.0,1.0,fixture,5,True,2,,,
run.fixture.fixed.104,edge.market,104,fixed,795.0,0.0879563427530421,0.094606600510621,0.09699084579748635,0.09683478550572429,-4.523429880692807e-05,2,0.0,,120.0,1.0,fixture,5,True,2,,,
run.fixture.fixed.104,edge.market,104,fixed,800.0,0.1042088699056982,0.09340670278548255,0.09807654184677196,0.09683586551515172,-5.068927361817618e-05,2,0.0,,120.0,1.0,fixture,5,True,2,,,
run.fixture.fixed.104,edge.market,104,fixed,805.0,0.1094692379202422,0.09784170139737525,0.09846308584974832,0.09674361794399783,7.340912713376254e-05,2,0.0,,120.0,1.0,fixture,5,True,2,,,
run.fixture.fixed.104,edge.market,104,fixed,810.0,0.0794207144103623,0.10014070104395986,0.0985318408805596,0.09521905411453004,-0.00020550025365288226,2,0.0,,120.0,1.0,fixture,5,True,2,,,
run.fixture.fixed.104,edge.market,104,fixed,815.0,0.1318313601944624,0.10102168345619437,0.10130346451552336,0.09600474025743522,-6.9551983792158825e-06,2,0.0,,120.0,1.0,fixture,5,True,2,,,
run.fixture.fixed.104,edge.market,104,fixed,820.0,0.1263202773614189,0.10485112424168165,0.10111889058979423,0.0974679047395444,0.00036888523484934874,2,0.0,,120.0,1.0,fixture,5,True,2,,,
run.fixture.fixed.104,edge.market,104,fixed,825.0,0.0902325554561576,0.10420562257162626,0.10028686298636068,0.09838770088428184,0.00029656892185503684,2,0.0,,120.0,1.0,fixture,5,True,2,,,
run.fixture.fixed.104,edge.market,104,fixed,830.0,0.0962390860703024,0.10538887161694914,0.09902770391625565,0.09781773194429072,0.00036465944435042005,2,0.0,,120.0,1.0,fixture,5,True,2,,,
run.fixture.fixed.104,edge.market,104,fixed,835.0,0.1021710516957995,0.10509775472982076,0.10085438115154845,0.09947350666454273,0.00022689668910033856,2,0.0,,120.0,1.0,fixture,5,True,2,,,
run.fixture.fixed.104,edge.market,104,fixed,840.0,0.0912708963082961,0.1024979916423999,0.10300385649185816,0.09873566647961753,-0.000124957771262808,2,0.0,,120.0,1.0,fixture,5,True,2,,,
run.fixture.fixed.104,edge.market,104,fixed,845.0,0.1230450724675309,0.10873004279342399,0.10280236335022047,0.09876884499129467,0.00018149462826771434,2,0.0,,120.0,1.0,fixture,5,True,2,,,
run.fixture.fixed.104,edge.market,104,fixed,850.0,0.1309898250690235,0.10860982348978987,0.10522356590452933,0.10055435936662083,0.0003420523973911554,2,0.0,,120.0,1.0,fixture,5,True,2,,,
run.fixture.fixed.104,edge.market,104,fixed,855.0,0.0766132918053024,0.10150882555320176,0.10382835241674145,0.10090772936127675,7.285554475242091e-05,2,0.0,,120.0,1.0,fixture,5,True,2,,,
run.fixture.fixed.104,edge.market,104,fixed,860.0,0.0812015516188635,0.10021868214787404,0.1033087530987277,0.10055199857543189,-0.00019842453484446252,2,0.0,,120.0,1.0,fixture,5,True,2,,,
run.fixture.fixed.104,edge.market,104,fixed,865.0,0.0959000498500779,0.1001702484021277,0.1026696130944492,0.100210233934173,-0.00024034915225446853,2,0.0,,120.0,1.0,fixture,5,True,2,,,
run.fixture.fixed.104,edge.market,104,fixed,870.0,0.0970779499918894,0.09944266244442626,0.10171643709996053,0.10095227597345598,-0.00022491245427074032,2,0.0,,120.0,1.0,fixture,5,True,2,,,
run.fixture.fixed.104,edge.market,104,fixed,875.0,0.1147272755452931,0.10279357376399724,0.10443232641803214,0.10170935687767034,-0.0003106322654302927,2,0.0,,120.0,1.0,fixture,5,True,2,,,
run.fixture.fixed.104,edge.market,104,fixed,880.0,0.0909758967610532,0.09821226294878614,0.10128959846161603,0.10019960321227657,-0.00018859417917409683,2,0.0,,120.0,1.0,fixture,5,True,2,,,
run.fixture.fixed.104,edge.market,104,fixed,885.0,0.1225420182371047,0.09700543340136918,0.10099896314436109,0.10105932736972902,0.00014407534934409363,2,0.0,,120.0,1.0,fixture,5,True,2,,,
run.fixture.fixed.104,edge.market,104,fixed,890.0,0.1091057629734294,0.10164721499681591,0.10245074833799737,0.10091923172939948,0.0001147082561100116,2,0.0,,120.0,1.0,fixture,5,True,2,,,
run.fixture.fixed.104,edge.market,104,fixed,895.0,0.0818123734058197,0.10173447525209535,0.10134100120996026,0.10105475676015255,-6.915095868881427e-05,2,0.0,,120.0,1.0,fixture,5,True,2,,,
run.fixture.fixed.104,edge.market,104,fixed,900.0,0.120145604408424,0.10519812590328766,0.10272365911093137,0.10332747226111871,6.122043976355607e-05,2,0.0,,120.0,1.0,fixture,5,True,2,,,
run.fixture.fixed.105,edge.market,105,fixed,0.0,0.1404653039133979,0.1404653039133979,0.1404653039133979,0.1404653039133979,0.0,2,0.0,,0.0,1.0,fixture,5,False,2,0.09999999999999999,0.14083333333333334,0.5602499999999999
run.fixture.fixed.105,edge.market,105,fixed,5.0,0.0963433435786793,0.1184043237460386,0.1184043237460386,0.1184043237460386,-0.008824392066943715,2,0.0,,5.0,1.0,fixture,5,False,2,0.09999999999999999,0.15775,0.57775
run.fixture.fixed.105,edge.market,105,fixed,10.0,0.1140061957749113,0.11693828108899618,0.11693828108899618,0.11693828108899618,-0.002645910813848653,2,0.0,,10.0,1.0,fixture,5,False,2,0.09999999999999999,0.17525000000000002,0.59525
run.fixture.fixed.105,edge.market,105,fixed,15.0,0.1301851086339647,0.12024998797523831,0.12024998797523831,0.12024998797523831,-0.0002635546728413487,2,0.0,,15.0,1.0,fixture,5,False,2,0.09999999999999999,0.19275,0.61275
run.fixture.fixed.105,edge.market,105,fixed,20.0,0.1206058367374509,0.12032115772768082,0.12032115772768082,0.12032115772768082,-0.0001175433859321648,2,0.0,,20.0,1.0,fixture,5,False,2,0.09999999999999999,0.21025000000000002,0.6302500000000001
run.fixture.fixed.105,edge.market,105,fixed,25.0,0.083992949810607,0.11426645640816852,0.11426645640816852,0.11426645640816852,-0.0011051164467347763,2,0.0,,25.0,1.0,fixture,5,False,2,0.09999999999999999,0.22775,0.6477499999999999
run.fixture.fixed.105,edge.market,105,fixed,30.0,0.0863321468674817,0.11027584075949896,0.11027584075949896,0.11027584075949896,-0.0012892901265096697,2,0.0,,30.0,1.0,fixture,5,False,2,0.09999999999999999,0.24525,0.66525
run.fixture.fixed.105,edge.market,105,fixed,35.0,0.0833838104677475,0.10212134169583462,0.10691433697303004,0.10691433697303004,-0.0013077272558689667,2,0.0,,35.0,1.0,fixture,5,False,2,0.09999999999999999,0.26275,0.68275
run.fixture.fixed.105,edge.market,105,fixed,40.0,0.0598772557580067,0.09691190057859568,0.10168799461580523,0.10168799461580523,-0.0015425701619752568,2,0.0,,40.0,1.0,fixture,5,False,2,0.10233333333333333,0.28025,0.70025
run.fixture.fixed.105,edge.market,105,fixed,45.0,0.0749740992200636,0.09133588678504602,0.09901660507623107,0.09901660507623107,-0.0014132935221173708,2,0.0,,45.0,1.0,fixture,5,False,2,0.10758333333333332,0.29775,0.7177500000000001
run.fixture.fixed.105,edge.market,105,fixed,50.0,0.1001247731025009,0.08704155313769404,0.09911734762407377,0.09911734762407377,-0.0010498958868037547,2,0.0,,50.0,1.0,fixture,5,False,2,0.11574999999999998,0.31525,0.7352500000000001
run.fixture.fixed.105,edge.market,105,fixed,55.0,0.0846414715824671,0.08190378668698206,0.09791102462060654,0.09791102462060654,-0.0009189651132460153,2,0.0,,55.0,1.0,fixture,5,False,2,0.12683333333333333,0.33275,0.7527499999999999
run.fixture.fixed.105,edge.market,105,fixed,60.0,0.1181348261346695,0.08678119759041956,0.09946670166014984,0.09946670166014984,-0.0005887002713038735,2,0.0,,60.0,1.0,fixture,5,True,2,0.14083333333333334,0.35025,0.7702499999999999
run.fixture.fixed.105,edge.market,105,fixed,65.0,0.1004775698850771,0.0888019723072189,0.09639072211950979,0.09953890653335894,-0.0002666613425980498,2,0.0,,65.0,1.0,fixture,5,True,2,0.15775,0.36774999999999997,0.78775
run.fixture.fixed.105,edge.market,105,fixed,70.0,0.0858376265555168,0.08915251746261453,0.09558259004080497,0.09862548786816945,-0.00033660664278461106,2,0.0,,70.0,1.0,fixture,5,True,2,0.17525000000000002,0.38525000000000004,0.80525
run.fixture.fixed.105,edge.market,105,fixed,75.0,0.118687472078965,0.09755397693703714,0.09594268821803988,0.09987936188134419,-4.254671710581582e-05,2,0.0,,75.0,1.0,fixture,5,True,2,0.19275,0.40275,0.8227500000000001
run.fixture.fixed.105,edge.market,105,fixed,80.0,0.0978708155023759,0.1008249364059389,0.09345697336176383,0.09976121209434606,0.00023356944401230564,2,0.0,,80.0,1.0,fixture,5,True,2,0.21025000000000002,0.42025,0.84025
run.fixture.fixed.105,edge.market,105,fixed,85.0,0.1162893877337559,0.10313416706754674,0.09312493882301805,0.10067944407431327,0.0005929502460581987,2,0.0,,85.0,1.0,fixture,5,True,2,0.22775,0.43775000000000003,0.8575
run.fixture.fixed.105,edge.market,105,fixed,90.0,0.0742422736140369,0.10164856735777102,0.09237488680789728,0.0992880140500882,0.0003982030874419734,2,0.0,,90.0,1.0,fixture,5,True,2,0.24525,0.45524999999999993,0.8718333333333335
run.fixture.fixed.105,edge.market,105,fixed,95.0,0.1121725060580436,0.10079680734682447,0.09436260674563281,0.09993223865048598,0.0004822542258133685,2,0.0,,95.0,1.0,fixture,5,True,2,0.26275,0.47274999999999995,0.88325
run.fixture.fixed.105,edge.market,105,fixed,100.0,0.102705384835108,0.1011150666254003,0.09584888169696824,0.10006429323070606,0.0004528092748151853,2,0.0,,100.0,1.0,fixture,5,True,2,0.28025,0.49025,0.89175
run.fixture.fixed.105,edge.market,105,fixed,105.0,0.1047141364719351,0.10381171089917432,0.09929787252111656,0.10027564974167102,0.00023455668918559186,2,0.0,,105.0,1.0,fixture,5,True,2,0.29775,0.50775,0.8973333333333334
run.fixture.fixed.105,edge.market,105,fixed,110.0,0.0882294616921941,0.09946056655820709,0.10031751578820354,0.09975190243517203,-2.5527792221995736e-05,2,0.0,,110.0,1.0,fixture,5,True,2,0.31525,0.5252500000000001,0.9
run.fixture.fixed.105,edge.market,105,fixed,115.0,0.0884615087036735,0.09811637987267817,0.09942034160367835,0.09928146936302625,-0.00010518190354847798,2,0.0,,115.0,1.0,fixture,5,True,2,0.33275,0.54275,0.9
run.fixture.fixed.105,edge.market,105,fixed,120.0,0.0789994065205779,0.09278923969936702,0.09898633659891765,0.0984701868493283,-0.0003535090471166999,2,0.0,,120.0,1.0,fixture,5,True,2,0.35025,0.5602499999999999,0.9
run.fixture.fixed.105,edge.market,105,fixed,125.0,0.0802460455319693,0.09364692140192879,0.09607181501409455,0.09606141651407117,-0.00032977533244793776,2,0.0,,120.0,1.0,fixture,5,True,2,0.36774999999999997,0.57775,0.9
run.fixture.fixed.105,edge.market,105,fixed,130.0,0.1268519619445058,0.09574398652856624,0.09810061440328138,0.09728176124870423,-9.293888664645925e-05,2,0.0,,120.0,1.0,fixture,5,True,2,0.38525000000000004,0.59525,0.896
run.fixture.fixed.105,edge.market,105,fixed,135.0,0.0993743890204399,0.09526812998361367,0.09914190382366007,0.09669648897852536,-0.00017887104843920725,2,0.0,,120.0,1.0,fixture,5,True,2,0.40275,0.61275,0.8853333333333334
run.fixture.fixed.105,edge.market,105,fixed,140.0,0.0934340360671512,0.09365668706864452,0.09719933182275133,0.09522644607585284,-6.615481629845916e-05,2,0.0,,120.0,1.0,fixture,5,True,2,0.42025,0.6302500000000001,0.868
run.fixture.fixed.105,edge.market,105,fixed,145.0,0.0786013283370771,0.09228123944648495,0.09571706357926679,0.09354626573983787,-0.00018361375603106718,2,0.0,,120.0,1.0,fixture,5,True,2,0.43775000000000003,0.6477499999999999,0.844
run.fixture.fixed.105,edge.market,105,fixed,150.0,0.0874609380552673,0.09213830078242694,0.09349949052707537,0.0936849852696243,-7.98011011547733e-05,2,0.0,,120.0,1.0,fixture,5,True,2,0.45524999999999993,0.66525,0.8133333333333334
run.fixture.fixed.105,edge.market,105,fixed,155.0,0.0862295915505264,0.09317118435813386,0.09442159190680534,0.09368088305694608,-0.00027586693879275484,2,0.0,,120.0,1.0,fixture,5,True,2,0.47274999999999995,0.68275,0.7760000000000001
run.fixture.fixed.105,edge.market,105,fixed,160.0,0.1235356636987704,0.09935541552481973,0.095295680956092,0.09528695718618702,5.2639467592364515e-05,2,0.0,,120.0,1.0,fixture,5,True,2,0.49025,0.70025,0.7360000000000001
run.fixture.fixed.105,edge.market,105,fixed,165.0,0.1332149303301388,0.10026441100848159,0.09764256907109438,0.09822046416907229,0.0003596542185785098,2,0.0,,120.0,1.0,fixture,5,True,2,0.50775,0.7177500000000001,0.6960000000000002
run.fixture.fixed.105,edge.market,105,fixed,170.0,0.155540755010459,0.1082881775784843,0.10155230895867315,0.10144313040068809,0.0007957971718115575,2,0.0,,120.0,1.0,fixture,5,True,2,0.5252500000000001,0.7352500000000001,0.6560000000000001
run.fixture.fixed.105,edge.market,105,fixed,175.0,0.188041605187856,0.12180354459572786,0.10923016615064712,0.10495980368410232,0.00126357282731677,2,0.0,,120.0,1.0,fixture,5,True,2,0.54275,0.7527499999999999,0.6160000000000001
run.fixture.fixed.105,edge.market,105,fixed,180.0,0.2191850568839726,0.14188693438814148,0.11928582370297783,0.11034154709616253,0.0018287912254169223,2,0.0,,120.0,1.0,fixture,5,True,2,0.5602499999999999,0.7702499999999999,0.5760000000000001
run.fixture.fixed.105,edge.market,105,fixed,185.0,0.2077470985554098,0.15907067160244756,0.1291894923210418,0.11392603799299214,0.002102156861502409,2,0.0,,120.0,1.0,fixture,5,True,2,0.57775,0.78775,0.536
run.fixture.fixed.105,edge.market,105,fixed,190.0,0.2366261940739751,0.18055590053436882,0.1412187345165807,0.11937198296054806,0.002434042666990421,2,0.0,,120.0,1.0,fixture,5,True,2,0.59525,0.80525,0.496
run.fixture.fixed.105,edge.market,105,fixed,195.0,0.2168855786729026,0.1938916026735306,0.14814439734184198,0.1246139010452435,0.0028224313009831753,2,0.0,,120.0,1.0,fixture,5,True,2,0.61275,0.8227500000000001,0.45599999999999996
run.fixture.fixed.105,edge.market,105,fixed,200.0,0.2458302989648656,0.20997951247849153,0.15941023656833628,0.1296996141206795,0.003091360258662655,2,0.0,,120.0,1.0,fixture,5,True,2,0.6302500000000001,0.84025,0.416
run.fixture.fixed.105,edge.market,105,fixed,205.0,0.2485295979864347,0.2232636329036309,0.17134066440828116,0.13572596542004187,0.0031714512092124313,2,0.0,,120.0,1.0,fixture,5,True,2,0.6477499999999999,0.8575,0.37600000000000006
run.fixture.fixed.105,edge.market,105,fixed,210.0,0.2925638164931767,0.2381953773758196,0.18779931734336575,0.1427769425704187,0.0032573452312024778,2,0.0,,120.0,1.0,fixture,5,True,2,0.66525,0.8718333333333335,0.336
run.fixture.fixed.105,edge.market,105,fixed,215.0,0.3329355560517923,0.25444544868550817,0.20668198026617532,0.15312467386792888,0.003442453777613325,2,0.0,,120.0,1.0,fixture,5,True,2,0.68275,0.88325,0.296
run.fixture.fixed.105,edge.market,105,fixed,220.0,0.2974477237488683,0.26725982371314505,0.22292952889681705,0.1605356825755619,0.0031143523928733427,2,0.0,,120.0,1.0,fixture,5,True,2,0.70025,0.89175,0.256
run.fixture.fixed.105,edge.market,105,fixed,225.0,0.3375234834866696,0.2816737222006728,0.23939013041896315,0.16992840652162436,0.003105348734799484,2,0.0,,120.0,1.0,fixture,5,True,2,0.7177500000000001,0.8973333333333334,0.216
run.fixture.fixed.105,edge.market,105,fixed,230.0,0.316659670446892,0.2959271638826713,0.253501264274098,0.17840622788062266,0.002798085921113551,2,0.0,,120.0,1.0,fixture,5,True,2,0.7352500000000001,0.9,0.17999999999999997
run.fixture.fixed.105,edge.market,105,fixed,235.0,0.3689929449220006,0.31352182759083347,0.26992066349806276,0.1896367672098149,0.002806027150829971,2,0.0,,120.0,1.0,fixture,5,True,2,0.7527499999999999,0.9,0.15066666666666664
run.fixture.fixed.105,edge.market,105,fixed,240.0,0.4243097387688177,0.33863327627403106,0.28809513531198294,0.20307069641242065,0.003194138187591602,2,0.0,,120.0,1.0,fixture,5,True,2,0.7702499999999999,0.9,0.128
run.fixture.fixed.105,edge.market,105,fixed,245.0,0.429266344287142,0.35816220881602606,0.30425523434299595,0.21708137392308324,0.003594859841278284,2,0.0,,120.0,1.0,fixture,5,True,2,0.78775,0.9,0.11199999999999999
run.fixture.fixed.105,edge.market,105,fixed,250.0,0.4187913906106759,0.3704273280387237,0.3204894106549395,0.2306231877262315,0.003607673013907931,2,0.0,,120.0,1.0,fixture,5,True,2,0.80525,0.896,0.10266666666666664
run.fixture.fixed.105,edge.market,105,fixed,255.0,0.4519139592289033,0.3924939331073002,0.3370500079745493,0.2436256676176074,0.00382910683300357,2,0.0,,120.0,1.0,fixture,5,True,2,0.8227500000000001,0.8853333333333334,0.09999999999999999
run.fixture.fixed.105,edge.market,105,fixed,260.0,0.4697899376167311,0.4113891408401661,0.356504189431767,0.25844228956145904,0.003779973396455838,2,0.0,,120.0,1.0,fixture,5,True,2,0.84025,0.868,0.09999999999999999
run.fixture.fixed.105,edge.market,105,fixed,265.0,0.4766215572550731,0.4342408389556205,0.37425736314639824,0.2737697904089759,0.0037206184224685044,2,0.0,,120.0,1.0,fixture,5,True,2,0.8575,0.844,0.09999999999999999
run.fixture.fixed.105,edge.market,105,fixed,270.0,0.5180555120136392,0.4555354913972831,0.3949901257638755,0.2913479577560384,0.0037016014302527914,2,0.0,,120.0,1.0,fixture,5,True,2,0.8718333333333335,0.8133333333333334,0.09999999999999999
run.fixture.fixed.105,edge.market,105,fixed,275.0,0.4766699907534146,0.4630155273950828,0.40915213916850923,0.3069163198639643,0.003452255303925696,2,0.0,,120.0,1.0,fixture,5,True,2,0.88325,0.7760000000000001,0.09999999999999999
run.fixture.fixed.105,edge.market,105,fixed,280.0,0.5241961603810374,0.47657692969421067,0.4238644933476819,0.32443498261718473,0.003624505903330261,2,0.0,,120.0,1.0,fixture,5,True,2,0.89175,0.7360000000000001,0.09999999999999999
run.fixture.fixed.105,edge.market,105,fixed,285.0,0.5643575054835805,0.4973720889617685,0.4443960150195828,0.34206785628857717,0.0035783967666529986,2,0.0,,120.0,1.0,fixture,5,True,2,0.8973333333333334,0.6960000000000002,0.09999999999999999
run.fixture.fixed.105,edge.market,105,fixed,290.0,0.568838550154668,0.5140756019511634,0.46218948168635193,0.35949280108155834,0.003576800601905878,2,0.0,,120.0,1.0,fixture,5,True,2,0.9,0.6560000000000001,0.09999999999999999
run.fixture.fixed.105,edge.market,105,fixed,295.0,0.604778415492456,0.5333596702191242,0.4843524620744723,0.3774623075008382,0.00339748733175247,2,0.0,,120.0,1.0,fixture,5,True,2,0.9,0.6160000000000001,0.09999999999999999
run.fixture.fixed.105,edge.market,105,fixed,300.0,0.6350999933941942,0.5559994468104271,0.5048222350338718,0.3953446430290917,0.0035040461975228395,2,0.0,,120.0,1.0,fixture,5,True,2,0.9,0.5760000000000001,0.09999999999999999
run.fixture.fixed.105,edge.market,105,fixed,305.0,0.6242234167530647,0.5711662903446307,0.5202002102634292,0.4115461774238554,0.0036719798419841336,2,0.0,,120.0,1.0,fixture,5,True,2,0.9,0.536,0.09999999999999999
run.fixture.fixed.105,edge.market,105,fixed,310.0,0.6486094995356904,0.5957290773135273,0.5370727606671637,0.42918067346306665,0.003819143219785847,2,0.0,,120.0,1.0,fixture,5,True,2,0.896,0.496,0.09999999999999999
run.fixture.fixed.105,edge.market,105,fixed,315.0,0.6373521717429351,0.6118942217937985,0.5538851284465683,0.445209712569825,0.0035704694572135506,2,0.0,,120.0,1.0,fixture,5,True,2,0.8853333333333334,0.45599999999999996,0.09999999999999999
run.fixture.fixed.105,edge.market,105,fixed,320.0,0.6658681476588718,0.6263957421045543,0.5703431429411812,0.46316901532926374,0.0035244254250708725,2,0.0,,120.0,1.0,fixture,5,True,2,0.868,0.416,0.09999999999999999
run.fixture.fixed.105,edge.market,105,fixed,325.0,0.7245635525536922,0.6486421710187006,0.5899411133209476,0.4823183454728169,0.003767777095844409,2,0.0,,120.0,1.0,fixture,5,True,2,0.844,0.37600000000000006,0.09999999999999999
run.fixture.fixed.105,edge.market,105,fixed,330.0,0.7173930797410586,0.6647299801970724,0.6084619996660233,0.5010728847430017,0.003736430838766986,2,0.0,,120.0,1.0,fixture,5,True,2,0.8133333333333334,0.336,0.09999999999999999
run.fixture.fixed.105,edge.market,105,fixed,335.0,0.7093692329710619,0.6753398715651964,0.6231784397396711,0.5177451014021173,0.0037063187357598863,2,0.0,,120.0,1.0,fixture,5,True,2,0.7760000000000001,0.296,0.09999999999999999
run.fixture.fixed.105,edge.market,105,fixed,340.0,0.7244559872944335,0.6896588102139634,0.6422389010120573,0.5334059186518229,0.00324709471644646,2,0.0,,120.0,1.0,fixture,5,True,2,0.7360000000000001,0.256,0.09999999999999999
run.fixture.fixed.105,edge.market,105,fixed,345.0,0.7614164903250986,0.7057740946124502,0.660486618700062,0.5519646693148721,0.003124859937832289,2,0.0,,120.0,1.0,fixture,5,True,2,0.6960000000000002,0.216,0.09999999999999999
run.fixture.fixed.105,edge.market,105,fixed,350.0,0.784877812533719,0.7268491861539907,0.6774497192423803,0.569858842476754,0.003205566938366994,2,0.0,,120.0,1.0,fixture,5,True,2,0.6560000000000001,0.17999999999999997,0.09999999999999999
run.fixture.fixed.105,edge.market,105,fixed,355.0,0.7902360628057057,0.7446160311749671,0.6944802971386139,0.5888018981711066,0.003113742628219703,2,0.0,,120.0,1.0,fixture,5,True,2,0.6160000000000001,0.15066666666666664,0.09999999999999999
run.fixture.fixed.105,edge.market,105,fixed,360.0,0.8269385237210338,0.7592410270560158,0.7115695362331198,0.607119721323068,0.003297079098517959,2,0.0,,120.0,1.0,fixture,5,True,2,0.5760000000000001,0.128,0.09999999999999999
run.fixture.fixed.105,edge.market,105,fixed,365.0,0.8238308648049493,0.774446424922286,0.7260872955724088,0.6231005663645132,0.003449036429900913,2,0.0,,120.0,1.0,fixture,5,True,2,0.536,0.11199999999999999,0.09999999999999999
run.fixture.fixed.105,edge.market,105,fixed,370.0,0.8459330614047926,0.7939555432699619,0.7431418836225417,0.6397672350492193,0.003455659993921684,2,0.0,,120.0,1.0,fixture,5,True,2,0.496,0.10266666666666664,0.09999999999999999
run.fixture.fixed.105,edge.market,105,fixed,375.0,0.8665156709701398,0.8142497837950627,0.7599038968098071,0.6576762062635979,0.003541941351589404,2,0.0,,120.0,1.0,fixture,5,True,2,0.45599999999999996,0.09999999999999999,0.09999999999999999
run.fixture.fixed.105,edge.market,105,fixed,380.0,0.8787954240116189,0.8310182028931371,0.7784764546766288,0.6747514648549064,0.003383135953504539,2,0.0,,120.0,1.0,fixture,5,True,2,0.416,0.09999999999999999,0.09999999999999999
run.fixture.fixed.105,edge.market,105,fixed,385.0,0.929365255559155,0.851659266182485,0.7987454629766508,0.6931344775726034,0.003511789421824156,2,0.0,,120.0,1.0,fixture,5,True,2,0.37600000000000006,0.09999999999999999,0.09999999999999999
run.fixture.fixed.105,edge.market,105,fixed,390.0,0.890354796585902,0.8659619424367987,0.811498635594513,0.7096838071458366,0.0035451769258843754,2,0.0,,120.0,1.0,fixture,5,True,2,0.336,0.09999999999999999,0.09999999999999999
run.fixture.fixed.105,edge.market,105,fixed,395.0,0.9496528278241996,0.8834925573086797,0.8293647700624468,0.7269476997782589,0.003732194796657932,2,0.0,,120.0,1.0,fixture,5,True,2,0.296,0.09999999999999999,0.09999999999999999
run.fixture.fixed.105,edge.market,105,fixed,400.0,0.8694384473730064,0.8900079262469733,0.8416777865549041,0.7426584380430427,0.003073374251848771,2,0.0,,120.0,1.0,fixture,5,True,2,0.256,0.09999999999999999,0.09999999999999999
run.fixture.fixed.105,edge.market,105,fixed,405.0,0.8889492049212153,0.8961530896064623,0.8543311109877335,0.7572485598246498,0.0024833477852274246,2,0.0,,120.0,1.0,fixture,5,True,2,0.216,0.09999999999999999,0.09999999999999999
run.fixture.fixed.105,edge.market,105,fixed,410.0,0.879336593466108,0.8979846499630292,0.8634018881524265,0.7698477233439508,0.0019334912470206035,2,0.0,,120.0,1.0,fixture,5,True,2,0.17999999999999997,0.09999999999999999,0.09999999999999999
run.fixture.fixed.105,edge.market,105,fixed,415.0,0.91367630650581,0.9029676331764851,0.8733094646118181,0.7836412335979965,0.0016609395775583548,2,0.0,,120.0,1.0,fixture,5,True,2,0.15066666666666664,0.09999999999999999,0.09999999999999999
run.fixture.fixed.105,edge.market,105,fixed,420.0,0.9055498517907764,0.8995654326381454,0.8821797560722083,0.7956720910499293,0.0012344873912187545,2,0.0,,120.0,1.0,fixture,5,True,2,0.128,0.09999999999999999,0.09999999999999999
run.fixture.fixed.105,edge.market,105,fixed,425.0,0.9275527719459188,0.9048794291181478,0.8899193136279687,0.8073702021919982,0.0011087175766957198,2,0.0,,120.0,1.0,fixture,5,True,2,0.11199999999999999,0.09999999999999999,0.09999999999999999
run.fixture.fixed.105,edge.market,105,fixed,430.0,0.8878886674965085,0.8960559776427635,0.8948468369119348,0.8179168122217361,0.0005869560178496876,2,0.0,,120.0,1.0,fixture,5,True,2,0.10266666666666664,0.09999999999999999,0.09999999999999999
run.fixture.fixed.105,edge.market,105,fixed,435.0,0.8203521654304607,0.8890436516509712,0.89287907568314,0.8247865188575269,-0.00028047745186332443,2,0.0,,120.0,1.0,fixture,5,True,2,0.09999999999999999,0.09999999999999999,0.09999999999999999
run.fixture.fixed.105,edge.market,105,fixed,440.0,0.7938424272627669,0.8754569691283356,0.8872888261671881,0.8310461290783202,-0.001136261763416336,2,0.0,,120.0,1.0,fixture,5,True,2,0.09999999999999999,0.09999999999999999,0.09999999999999999
run.fixture.fixed.105,edge.market,105,fixed,445.0,0.7827610796243134,0.8616604671509364,0.8799015689066262,0.8357218463569379,-0.0018907895594012093,2,0.0,,120.0,1.0,fixture,5,True,2,0.09999999999999999,0.09999999999999999,0.09999999999999999
run.fixture.fixed.105,edge.market,105,fixed,450.0,0.7063649621674031,0.8320445608168782,0.8627477001841837,0.8349939027414862,-0.002654497069145863,2,0.0,,120.0,1.0,fixture,5,True,2,0.09999999999999999,0.09999999999999999,0.09999999999999999
run.fixture.fixed.105,edge.market,105,fixed,455.0,0.6574905232305075,0.796607513879697,0.8448350637722302,0.8325978004810642,-0.0037954788130030504,2,0.0,,120.0,1.0,fixture,5,True,2,0.09999999999999999,0.09999999999999999,0.09999999999999999
run.fixture.fixed.105,edge.market,105,fixed,460.0,0.6260975471267818,0.7535424817626774,0.8199461960262752,0.8292669330472932,-0.004431413704771072,2,0.0,,120.0,1.0,fixture,5,True,2,0.09999999999999999,0.09999999999999999,0.09999999999999999
run.fixture.fixed.105,edge.market,105,fixed,465.0,0.5877080195398976,0.7106595320545903,0.7982746246544975,0.8237970143371115,-0.005581944803112992,2,0.0,,120.0,1.0,fixture,5,True,2,0.09999999999999999,0.09999999999999999,0.09999999999999999
run.fixture.fixed.105,edge.market,105,fixed,470.0,0.5535505762377654,0.6725450193127765,0.772474730140386,0.8154823777736182,-0.006498013186226581,2,0.0,,120.0,1.0,fixture,5,True,2,0.09999999999999999,0.09999999999999999,0.09999999999999999
run.fixture.fixed.105,edge.market,105,fixed,475.0,0.4883654887858928,0.6289054566732231,0.7424000297803696,0.8036218848237051,-0.007549246598146266,2,0.0,,120.0,1.0,fixture,5,True,2,0.09999999999999999,0.09999999999999999,0.09999999999999999
run.fixture.fixed.105,edge.market,105,fixed,480.0,0.522466374566785,0.5917204988078619,0.7123069580927521,0.7929110972941484,-0.007681848789578592,2,0.0,,120.0,1.0,fixture,5,True,2,0.09999999999999999,0.09999999999999999,0.09999999999999999
run.fixture.fixed.105,edge.market,105,fixed,485.0,0.4420327773562729,0.5539587581205575,0.6766517985208673,0.7775148674395581,-0.007977392557196952,2,0.0,,120.0,1.0,fixture,5,True,2,0.09999999999999999,0.09999999999999999,0.09999999999999999
run.fixture.fixed.105,edge.market,105,fixed,490.0,0.3957012786298386,0.5165602946061764,0.635740145188861,0.7603896839925536,-0.007899806079582461,2,0.0,,120.0,1.0,fixture,5,True,2,0.09999999999999999,0.09999999999999999,0.09999999999999999
run.fixture.fixed.105,edge.market,105,fixed,495.0,0.3616032757632332,0.4787753986970979,0.5952566535170707,0.7410164925668912,-0.0077676979041981006,2,0.0,,120.0,1.0,fixture,5,True,2,0.09999999999999999,0.09999999999999999,0.09999999999999999
run.fixture.fixed.105,edge.market,105,fixed,500.0,0.2794531677624595,0.4347389913003211,0.5536490383118399,0.7175339924385838,-0.008118414751598033,2,0.0,,120.0,1.0,fixture,5,True,2,0.09999999999999999,0.09999999999999999,0.09999999999999999
run.fixture.fixed.105,edge.market,105,fixed,505.0,0.247045404755326,0.3909525382314012,0.5115877288881905,0.6922639916683322,-0.008292335717183304,2,0.0,,120.0,1.0,fixture,5,True,2,0.09999999999999999,0.09999999999999999,0.09999999999999999
run.fixture.fixed.105,edge.market,105,fixed,510.0,0.2289677827483671,0.3538957230831832,0.46898824451311777,0.6642480927559007,-0.008069815081673497,2,0.0,,120.0,1.0,fixture,5,True,2,0.09999999999999999,0.09999999999999999,0.09999999999999999
run.fixture.fixed.105,edge.market,105,fixed,515.0,0.1928223844700063,0.3068037244979291,0.42948496930562563,0.6363467962712649,-0.008064714132968743,2,0.0,,120.0,1.0,fixture,5,True,2,0.09999999999999999,0.09999999999999999,0.09999999999999999
run.fixture.fixed.105,edge.market,105,fixed,520.0,0.1490336348689694,0.2649467041426,0.3903729009701227,0.6043220285530556,-0.00815995493422782,2,0.0,,120.0,1.0,fixture,5,True,2,0.09999999999999999,0.09999999999999999,0.09999999999999999
run.fixture.fixed.105,edge.market,105,fixed,525.0,0.0842257560293605,0.22045020091396025,0.34869045550109035,0.5729135208993098,-0.008365241029335474,2,0.0,,120.0,1.0,fixture,5,True,2,0.09999999999999999,0.09999999999999999,0.09999999999999999
run.fixture.fixed.105,edge.market,105,fixed,530.0,0.1395538327279168,0.1887288519089151,0.3142170565155534,0.5429377060115779,-0.007905567170398534,2,0.0,,120.0,1.0,fixture,5,True,2,0.09999999999999999,0.09999999999999999,0.09999999999999999
run.fixture.fixed.105,edge.market,105,fixed,535.0,0.1177812102509779,0.16563285797870342,0.2806963360550312,0.5124754906829727,-0.0073597214995545415,2,0.0,,120.0,1.0,fixture,5,True,2,0.09999999999999999,0.09999999999999999,0.09999999999999999
run.fixture.fixed.105,edge.market,105,fixed,540.0,0.0881850738515325,0.14293852499244722,0.24991322721392661,0.4794558413768016,-0.007031571504065489,2,0.0,,120.0,1.0,fixture,5,True,2,0.09999999999999999,0.09999999999999999,0.09999999999999999
run.fixture.fixed.105,edge.market,105,fixed,545.0,0.11032318693477,0.12598929701907619,0.21820990508838695,0.4476467747825613,-0.005855382724070909,2,0.0,,120.0,1.0,fixture,5,True,2,0.09999999999999999,0.09999999999999999,0.09999999999999999
run.fixture.fixed.105,edge.market,105,fixed,550.0,0.0912949430051121,0.1114853768098056,0.19123007167675923,0.414196461624929,-0.004970470269812061,2,0.0,,120.0,1.0,fixture,5,True,2,0.09999999999999999,0.09999999999999999,0.09999999999999999
run.fixture.fixed.105,edge.market,105,fixed,555.0,0.099211999713223,0.10436800035898468,0.16842320406778877,0.38264939491359756,-0.004004327394108393,2,0.0,,120.0,1.0,fixture,5,True,2,0.09999999999999999,0.09999999999999999,0.09999999999999999
run.fixture.fixed.105,edge.market,105,fixed,560.0,0.1339625201228319,0.11147325237233775,0.15091237671083482,0.35519380910129245,-0.002745540143340954,2,0.0,,120.0,1.0,fixture,5,True,2,0.09999999999999999,0.09999999999999999,0.09999999999999999
run.fixture.fixed.105,edge.market,105,fixed,565.0,0.1078519179429532,0.10694440740305723,0.1377122805708728,0.3277541887285,-0.002040679940314488,2,0.0,,120.0,1.0,fixture,5,True,2,0.09999999999999999,0.09999999999999999,0.09999999999999999
run.fixture.fixed.105,edge.market,105,fixed,570.0,0.0965087575413072,0.10390548558738999,0.12613253847748676,0.30030409584517964,-0.0014713274885411053,2,0.0,,120.0,1.0,fixture,5,True,2,0.09999999999999999,0.09999999999999999,0.09999999999999999
run.fixture.fixed.105,edge.market,105,fixed,575.0,0.0823509836750233,0.10307204413360295,0.11485432316415263,0.27534353670548445,-0.0009689567401000265,2,0.0,,120.0,1.0,fixture,5,True,2,0.09999999999999999,0.09999999999999999,0.09999999999999999
run.fixture.fixed.105,edge.market,105,fixed,580.0,0.0972896639354923,0.10121011227656328,0.1075056523538054,0.25293550233368384,-0.0004850133623318786,2,0.0,,120.0,1.0,fixture,5,True,2,0.09999999999999999,0.09999999999999999,0.09999999999999999
run.fixture.fixed.105,edge.market,105,fixed,585.0,0.1382631627572281,0.10791985795543702,0.10667715449905607,0.23342212695890172,3.722942890623583e-05,2,0.0,,120.0,1.0,fixture,5,True,2,0.09999999999999999,0.09999999999999999,0.09999999999999999
run.fixture.fixed.105,edge.market,105,fixed,590.0,0.1119088113688466,0.10973368819195466,0.10880662029440115,0.21439015863205962,-0.00010097919534555047,2,0.0,,120.0,1.0,fixture,5,True,2,0.09999999999999999,0.09999999999999999,0.09999999999999999
run.fixture.fixed.105,edge.market,105,fixed,595.0,0.1042049222934078,0.1054826027877512,0.10608747333790047,0.19641633247428536,0.00010519695743318472,2,0.0,,120.0,1.0,fixture,5,True,2,0.09999999999999999,0.09999999999999999,0.09999999999999999
run.fixture.fixed.105,edge.market,105,fixed,600.0,0.124584269237592,0.10787293868698533,0.10661078556764,0.1818650836923533,0.0003171056758833957,2,0.0,,120.0,1.0,fixture,5,True,2,0.09999999999999999,0.09999999999999999,0.09999999999999999
run.fixture.fixed.105,edge.market,105,fixed,605.0,0.1256542671785098,0.11203658292087142,0.10949303120817672,0.16599259939682232,0.0003009308491278636,2,0.0,,120.0,1.0,fixture,5,True,2,0.09999999999999999,0.09999999999999999,
run.fixture.fixed.105,edge.market,105,fixed,610.0,0.0909358918066434,0.11326299836824572,0.10800170081370544,0.1519487239748371,0.00018496189712451588,2,0.0,,120.0,1.0,fixture,5,True,2,0.09999999999999999,0.09999999999999999,
run.fixture.fixed.105,edge.market,105,fixed,615.0,0.0967259503614806,0.11318246785767262,0.10841947061034916,0.13998971084410283,-1.789723185735437e-05,2,0.0,,120.0,1.0,fixture,5,True,2,0.09999999999999999,0.09999999999999999,
run.fixture.fixed.105,edge.market,105,fixed,620.0,0.1088468920890269,0.108980143476501,0.1091606161777187,0.12987945549713456,-8.590576747034162e-05,2,0.0,,120.0,1.0,fixture,5,True,2,0.09999999999999999,0.09999999999999999,
run.fixture.fixed.105,edge.market,105,fixed,625.0,0.0612919857785023,0.1017491683921661,0.10357057507430872,0.12115300821777626,-0.0002107392342610064,2,0.0,,120.0,1.0,fixture,5,True,2,0.09999999999999999,0.09999999999999999,
run.fixture.fixed.105,edge.market,105,fixed,630.0,0.0970843350963548,0.10073194164972997,0.10274229947072425,0.11515456543141743,-0.0002205722450161854,2,0.0,,120.0,1.0,fixture,5,True,2,0.09999999999999999,0.09999999999999999,
run.fixture.fixed.105,edge.market,105,fixed,635.0,0.1039705873296898,0.09778712994860107,0.10331628637752291,0.11015467761467032,-0.00026042396628225795,2,0.0,,120.0,1.0,fixture,5,True,2,0.09999999999999999,0.09999999999999999,
run.fixture.fixed.105,edge.market,105,fixed,640.0,0.1104123565310171,0.0956097141418164,0.10547485352029165,0.10685827649711077,-0.00037490824979493015,2,0.0,,120.0,1.0,fixture,5,True,2,0.09999999999999999,0.09999999999999999,
run.fixture.fixed.105,edge.market,105,fixed,645.0,0.0991163389376446,0.09677834944624517,0.10561536698199568,0.10486158465985777,-0.00047979551857457655,2,0.0,,120.0,1.0,fixture,5,True,2,0.09999999999999999,0.09999999999999999,
run.fixture.fixed.105,edge.market,105,fixed,650.0,0.100988987973659,0.09738735481941349,0.10274812276787498,0.10553211393762973,-0.00025916222585302986,2,0.0,,120.0,1.0,fixture,5,True,2,0.09999999999999999,0.09999999999999999,
run.fixture.fixed.105,edge.market,105,fixed,655.0,0.1013553697860623,0.09631713734756141,0.10193631956919925,0.10400417541995555,-0.00019787837715421058,2,0.0,,120.0,1.0,fixture,5,True,2,0.09999999999999999,0.09999999999999999,
run.fixture.fixed.105,edge.market,105,fixed,660.0,0.0944053755491329,0.10104762160050863,0.10118250828117813,0.10306914203188175,-0.00023008216292447293,2,0.0,,120.0,1.0,fixture,5,True,2,0.09999999999999999,0.09999999999999999,
run.fixture.fixed.105,edge.market,105,fixed,665.0,0.1280209562705125,0.1054671389111026,0.101446868822172,0.10466257732864094,0.000126888182823773,2,0.0,,120.0,1.0,fixture,5,True,2,0.09999999999999999,0.09999999999999999,
run.fixture.fixed.105,edge.market,105,fixed,670.0,0.1022302931607462,0.10521852545839637,0.09964502466695942,0.10433886157768,0.0003182643746103778,2,0.0,,120.0,1.0,fixture,5,True,2,0.09999999999999999,0.09999999999999999,
run.fixture.fixed.105,edge.market,105,fixed,675.0,0.135000289687343,0.1087310873378715,0.10303459373470554,0.10608707544496923,0.0004843826824126737,2,0.0,,120.0,1.0,fixture,5,True,2,0.09999999999999999,0.09999999999999999,
run.fixture.fixed.105,edge.market,105,fixed,680.0,0.0998047465744651,0.10882943128598872,0.10327142421262743,0.10611078531941892,0.0004145589609027645,2,0.0,,120.0,1.0,fixture,5,True,2,0.09999999999999999,0.09999999999999999,
run.fixture.fixed.105,edge.market,105,fixed,685.0,0.1087808120813335,0.1099425490156565,0.10326634113511254,0.10510351699775898,0.0004937728096357671,2,0.0,,120.0,1.0,fixture,5,True,2,0.09999999999999999,0.09999999999999999,
run.fixture.fixed.105,edge.market,105,fixed,690.0,0.1222236244480192,0.11292372825307892,0.10795339026353694,0.10567838525796161,0.0002958862298348529,2,0.0,,120.0,1.0,fixture,5,True,2,0.09999999999999999,0.09999999999999999,
run.fixture.fixed.105,edge.market,105,fixed,695.0,0.1098097130254485,0.11512434789255256,0.10893226548885183,0.10621042347732727,0.0002245176039020989,2,0.0,,120.0,1.0,fixture,5,True,2,0.09999999999999999,0.09999999999999999,
run.fixture.fixed.105,edge.market,105,fixed,700.0,0.1044680207383642,0.11175964281653138,0.10897052959721142,0.1070951049598609,0.00015691626805917737,2,0.0,,120.0,1.0,fixture,5,True,2,0.09999999999999999,0.09999999999999999,
run.fixture.fixed.105,edge.market,105,fixed,705.0,0.1226519121179793,0.11467701695327896,0.10991203387313156,0.10810959488716039,0.00025821416219241606,2,0.0,,120.0,1.0,fixture,5,True,2,0.09999999999999999,0.09999999999999999,
run.fixture.fixed.105,edge.market,105,fixed,710.0,0.1074169528096747,0.1107365402564692,0.11055054263251847,0.10687574648925825,0.00015871927106148232,2,0.0,,120.0,1.0,fixture,5,True,2,0.09999999999999999,0.09999999999999999,
run.fixture.fixed.105,edge.market,105,fixed,715.0,0.0853481630298699,0.10867131403581276,0.109347402252227,0.10581332055569918,-8.100068523292305e-05,2,0.0,,120.0,1.0,fixture,5,True,2,0.09999999999999999,0.09999999999999999,
run.fixture.fixed.105,edge.market,105,fixed,720.0,0.0925246871195127,0.10634901046983836,0.10866811897018473,0.10534611114874337,-0.00025339685892461315,2,0.0,,120.0,1.0,fixture,5,True,2,0.09999999999999999,0.09999999999999999,
run.fixture.fixed.105,edge.market,105,fixed,725.0,0.0619661269706345,0.09774079654449767,0.10617279215645407,0.10284138545806508,-0.0006710354918308383,2,0.0,,120.0,1.0,fixture,5,True,2,0.09999999999999999,,
run.fixture.fixed.105,edge.market,105,fixed,730.0,0.0774579033295843,0.09311910944508853,0.10228332654561346,0.10091353090410805,-0.0006923016282734863,2,0.0,,120.0,1.0,fixture,5,True,2,0.09999999999999999,,
run.fixture.fixed.105,edge.market,105,fixed,735.0,0.1102278097443475,0.09394193644594327,0.10289852012896741,0.10168520762161622,-0.0006403283694841093,2,0.0,,120.0,1.0,fixture,5,True,2,0.09999999999999999,,
run.fixture.fixed.105,edge.market,105,fixed,740.0,0.0933963955034796,0.08976257692958615,0.09969822057636252,0.10155202542729617,-0.0004560430517305905,2,0.0,,120.0,1.0,fixture,5,True,2,0.09999999999999999,,
run.fixture.fixed.105,edge.market,105,fixed,745.0,0.0880790568783259,0.0870000203679649,0.09879624444589029,0.10072131201886814,-0.0005318334915124602,2,0.0,,120.0,1.0,fixture,5,True,2,0.09999999999999999,,
run.fixture.fixed.105,edge.market,105,fixed,750.0,0.0989078604892,0.08893712000501207,0.09803678663111079,0.10222594700729605,-0.00045429319513008536,2,0.0,,120.0,1.0,fixture,5,True,2,0.09999999999999999,,
run.fixture.fixed.105,edge.market,105,fixed,755.0,0.095318555053479,0.08933624399557868,0.09596716590845385,0.10215531580558102,-0.0002861630025448469,2,0.0,,120.0,1.0,fixture,5,True,2,0.09999999999999999,,
run.fixture.fixed.105,edge.market,105,fixed,760.0,0.1055295630767894,0.09555959201074367,0.09563792360471084,0.10221767483546501,-0.00011663309833718097,2,0.0,,120.0,1.0,fixture,5,True,2,0.09999999999999999,,
run.fixture.fixed.105,edge.market,105,fixed,765.0,0.1205918103934632,0.10172157873415495,0.09687821511664153,0.10262485298996284,0.00011582184745192561,2,0.0,,120.0,1.0,fixture,5,True,2,0.09999999999999999,,
run.fixture.fixed.105,edge.market,105,fixed,770.0,0.1022431089804083,0.10058090719644934,0.09530830718298224,0.1027499237916734,0.00034945398172881034,2,0.0,,120.0,1.0,fixture,5,True,2,0.09999999999999999,,
run.fixture.fixed.105,edge.market,105,fixed,775.0,0.1046032695165155,0.10218188919831163,0.09509187000658538,0.10289449505338764,0.000503882875561829,2,0.0,,120.0,1.0,fixture,5,True,2,0.09999999999999999,,
run.fixture.fixed.105,edge.market,105,fixed,780.0,0.1004004428768645,0.10394208719810284,0.09624973768712342,0.10285629797701974,0.00046393286279772765,2,0.0,,120.0,1.0,fixture,5,True,2,0.09999999999999999,,
run.fixture.fixed.105,edge.market,105,fixed,785.0,0.0794911354009093,0.10116826932834704,0.09524715678569239,0.10225972837109079,0.0003247823488520563,2,0.0,,120.0,1.0,fixture,5,True,2,,,
run.fixture.fixed.105,edge.market,105,fixed,790.0,0.10758594848675,0.10292075410452861,0.0987563738253936,0.10144232805974028,0.00015012909775418947,2,0.0,,120.0,1.0,fixture,5,True,2,,,
run.fixture.fixed.105,edge.market,105,fixed,795.0,0.0991722602937763,0.10201256799266958,0.10042670897648528,0.10132000674506149,-1.0963182092369769e-05,2,0.0,,120.0,1.0,fixture,5,True,2,,,
run.fixture.fixed.105,edge.market,105,fixed,800.0,0.0939750381888118,0.09821017196343367,0.09917649577990563,0.09967899668512023,2.1891412027405102e-05,2,0.0,,120.0,1.0,fixture,5,True,2,,,
run.fixture.fixed.105,edge.market,105,fixed,805.0,0.1127801378388859,0.09971546180035903,0.10066755288262917,0.10019801233569708,6.712344545476743e-05,2,0.0,,120.0,1.0,fixture,5,True,2,,,
run.fixture.fixed.105,edge.market,105,fixed,810.0,0.1003198477375904,0.09910354440336974,0.10160915217949566,0.09985957376194737,-3.200370058957999e-05,2,0.0,,120.0,1.0,fixture,5,True,2,,,
run.fixture.fixed.105,edge.market,105,fixed,815.0,0.0775368806109308,0.09583732122252207,0.09996523065039804,0.09807210400846382,-0.0002115011415164582,2,0.0,,120.0,1.0,fixture,5,True,2,,,
run.fixture.fixed.105,edge.market,105,fixed,820.0,0.0864226322094767,0.0968275350523174,0.0992809288931671,0.09713662077582494,-0.0003365366578065246,2,0.0,,120.0,1.0,fixture,5,True,2,,,
run.fixture.fixed.105,edge.market,105,fixed,825.0,0.1040050563370271,0.09631597903092841,0.09916365914395461,0.09711810219977146,-0.0002573221479729897,2,0.0,,120.0,1.0,fixture,5,True,2,,,
run.fixture.fixed.105,edge.market,105,fixed,830.0,0.1357815373558711,0.10154587575408482,0.10033209967952443,0.09764328720928712,0.00014894634435454724,2,0.0,,120.0,1.0,fixture,5,True,2,,,
run.fixture.fixed.105,edge.market,105,fixed,835.0,0.0948619087537,0.10167257154906886,0.0997643150467007,0.09714108544704816,0.0001275792229822842,2,0.0,,120.0,1.0,fixture,5,True,2,,,
run.fixture.fixed.105,edge.market,105,fixed,840.0,0.0961273466509101,0.09929360137935804,0.09911232098011567,0.09757225279188976,0.00014082193827234958,2,0.0,,120.0,1.0,fixture,5,True,2,,,
run.fixture.fixed.105,edge.market,105,fixed,845.0,0.111499285120195,0.10089066386258726,0.0999660780757565,0.09833123671191704,0.00023240285928083072,2,0.0,,120.0,1.0,fixture,5,True,2,,,
run.fixture.fixed.105,edge.market,105,fixed,850.0,0.0986382377582316,0.10390514345505879,0.10143893210324281,0.09979812114342092,6.614830913898406e-05,2,0.0,,120.0,1.0,fixture,5,True,2,,,
run.fixture.fixed.105,edge.market,105,fixed,855.0,0.0949277868903448,0.10512016555232565,0.10046522736505782,0.10049691648585134,7.050242277322747e-05,2,0.0,,120.0,1.0,fixture,5,True,2,,,
run.fixture.fixed.105,edge.market,105,fixed,860.0,0.1015755933874722,0.10477309941667498,0.10065009914149596,0.10015082783157632,6.787761687819065e-05,2,0.0,,120.0,1.0,fixture,5,True,2,,,
run.fixture.fixed.105,edge.market,105,fixed,865.0,0.0845854101212492,0.09745936695458614,0.09992782005937575,0.0997983884162871,-8.939003234188547e-05,2,0.0,,120.0,1.0,fixture,5,True,2,,,
run.fixture.fixed.105,edge.market,105,fixed,870.0,0.1221140337611835,0.10135252766994092,0.10064581205339868,0.10115978749160143,0.00015575667828164982,2,0.0,,120.0,1.0,fixture,5,True,2,,,
run.fixture.fixed.105,edge.market,105,fixed,875.0,0.0977366586806404,0.10158242938847381,0.10044710520286403,0.10111293941925904,0.00013406802943856445,2,0.0,,120.0,1.0,fixture,5,True,2,,,
run.fixture.fixed.105,edge.market,105,fixed,880.0,0.1113640513447371,0.10156311027769413,0.10304919525931068,0.10175475927090936,2.9815397249230342e-05,2,0.0,,120.0,1.0,fixture,5,True,2,,,
run.fixture.fixed.105,edge.market,105,fixed,885.0,0.080649553671301,0.09899329826527546,0.10260511229483563,0.10075955889468982,-0.00024577118613197283,2,0.0,,120.0,1.0,fixture,5,True,2,,,
run.fixture.fixed.105,edge.market,105,fixed,890.0,0.0836478564381284,0.09738187962924456,0.10103917384107418,0.09928180073647644,-0.0003599952815659334,2,0.0,,120.0,1.0,fixture,5,True,2,,,
run.fixture.fixed.105,edge.market,105,fixed,895.0,0.0960845032186634,0.09659743817655757,0.09798555583051975,0.09903545650600665,-0.00012541448940207116,2,0.0,,120.0,1.0,fixture,5,True,2,,,
run.fixture.fixed.105,edge.market,105,fixed,900.0,0.0697495157224388,0.09447802469101323,0.09605383328965351,0.09764130635424358,-0.0003356142368594605,2,0.0,,120.0,1.0,fixture,5,True,2,,,
run.fixture.fixed.106,edge.market,106,fixed,0.0,0.1102047261731169,0.1102047261731169,0.1102047261731169,0.1102047261731169,0.0,2,0.0,,0.0,1.0,fixture,5,False,2,0.09999999999999999,0.10641666666666666,0.50425
run.fixture.fixed.106,edge.market,106,fixed,5.0,0.109859750713779,0.11003223844344795,0.11003223844344795,0.11003223844344795,-6.899509186757983e-05,2,0.0,,5.0,1.0,fixture,5,False,2,0.09999999999999999,0.11399999999999999,0.5217499999999999
run.fixture.fixed.106,edge.market,106,fixed,10.0,0.0950636395960782,0.1050427054943247,0.1050427054943247,0.1050427054943247,-0.001514108657703868,2,0.0,,10.0,1.0,fixture,5,False,2,0.09999999999999999,0.1245,0.5392499999999999
run.fixture.fixed.106,edge.market,106,fixed,15.0,0.0941312420194659,0.10231483962561,0.10231483962561,0.10231483962561,-0.001260331271573076,2,0.0,,15.0,1.0,fixture,5,False,2,0.09999999999999999,0.13791666666666666,0.55675
run.fixture.fixed.106,edge.market,106,fixed,20.0,0.0663478554944007,0.09512144279936814,0.09512144279936814,0.09512144279936814,-0.0020688450010349084,2,0.0,,20.0,1.0,fixture,5,False,2,0.09999999999999999,0.15425,0.57425
run.fixture.fixed.106,edge.market,106,fixed,25.0,0.1030231466196639,0.09643839343608411,0.09643839343608411,0.09643839343608411,-0.0009564341771543529,2,0.0,,25.0,1.0,fixture,5,False,2,0.09999999999999999,0.17174999999999999,0.59175
run.fixture.fixed.106,edge.market,106,fixed,30.0,0.1142944504583647,0.09898925872498134,0.09898925872498134,0.09898925872498134,-0.00021514156738688858,2,0.0,,30.0,1.0,fixture,5,False,2,0.09999999999999999,0.18925000000000003,0.60925
run.fixture.fixed.106,edge.market,106,fixed,35.0,0.0996032405051335,0.09747476077241227,0.09906600644750035,0.09906600644750035,-0.00013319468192205108,2,0.0,,35.0,1.0,fixture,5,False,2,0.09999999999999999,0.20675000000000002,0.62675
run.fixture.fixed.106,edge.market,106,fixed,40.0,0.0846253109255791,0.09386984080266943,0.09746148472284244,0.09746148472284244,-0.0002857788843043907,2,0.0,,40.0,1.0,fixture,5,False,2,0.09999999999999999,0.22424999999999998,0.64425
run.fixture.fixed.106,edge.market,106,fixed,45.0,0.0929275010018259,0.09356467814634768,0.09700808635074079,0.09700808635074079,-0.0002573008291779204,2,0.0,,45.0,1.0,fixture,5,False,2,0.09999999999999999,0.24175000000000002,0.66175
run.fixture.fixed.106,edge.market,106,fixed,50.0,0.1069255966121387,0.09539244308815807,0.09790967819268605,0.09790967819268605,-0.00010281643768891238,2,0.0,,50.0,1.0,fixture,5,False,2,0.09999999999999999,0.25925000000000004,0.67925
run.fixture.fixed.106,edge.market,106,fixed,55.0,0.1058529752291758,0.10103603162169739,0.09857161961239354,0.09857161961239354,-1.7987282556932684e-05,2,0.0,,55.0,1.0,fixture,5,False,2,0.10175,0.27675,0.6967499999999999
run.fixture.fixed.106,edge.market,106,fixed,60.0,0.1096557516252918,0.10198354662250135,0.09942424515184725,0.09942424515184725,5.894932422986937e-05,2,0.0,,60.0,1.0,fixture,5,True,2,0.10641666666666666,0.29424999999999996,0.7142499999999998
run.fixture.fixed.106,edge.market,106,fixed,65.0,0.1000769322795338,0.09995247259695408,0.09864518408311009,0.09947086566096773,0.00014617953292768,2,0.0,,65.0,1.0,fixture,5,True,2,0.11399999999999999,0.31175,0.7317499999999999
run.fixture.fixed.106,edge.market,106,fixed,70.0,0.1007123659016177,0.10011091908216611,0.09794153909755919,0.09955363234367773,0.00024607520031858947,2,0.0,,70.0,1.0,fixture,5,True,2,0.1245,0.32925,0.74925
run.fixture.fixed.106,edge.market,106,fixed,75.0,0.1220871360621416,0.10546260838738933,0.10002026959494871,0.1009619763260817,0.0003831392500736743,2,0.0,,75.0,1.0,fixture,5,True,2,0.13791666666666666,0.34674999999999995,0.76675
run.fixture.fixed.106,edge.market,106,fixed,80.0,0.0991885377483992,0.10635704220832835,0.1004092923433282,0.10085765640974743,0.00033235509171359093,2,0.0,,80.0,1.0,fixture,5,True,2,0.15425,0.36425,0.7842500000000001
run.fixture.fixed.106,edge.market,106,fixed,85.0,0.0683551859394331,0.100846983540799,0.10056370237756143,0.09905196360584108,-0.0001410017174796655,2,0.0,,85.0,1.0,fixture,5,True,2,0.17174999999999999,0.38175,0.8017500000000001
run.fixture.fixed.106,edge.market,106,fixed,90.0,0.0904630841871446,0.09864842767765168,0.09959754372890611,0.09859991732064653,-0.00018868039819151594,2,0.0,,90.0,1.0,fixture,5,True,2,0.18925000000000003,0.39925000000000005,0.8192499999999999
run.fixture.fixed.106,edge.market,106,fixed,95.0,0.0918739868178295,0.09610817556229992,0.09787289267963417,0.09826362079550569,-0.00012655182056541667,2,0.0,,95.0,1.0,fixture,5,True,2,0.20675000000000002,0.41674999999999995,0.83675
run.fixture.fixed.106,edge.market,106,fixed,100.0,0.1148471191122519,0.09821820225268822,0.0990454987263356,0.0990533111915412,-1.3234761981615198e-06,2,0.0,,100.0,1.0,fixture,5,True,2,0.22424999999999998,0.43424999999999997,0.85425
run.fixture.fixed.106,edge.market,106,fixed,105.0,0.0681620673902024,0.09356815960820032,0.09777909537746046,0.09764916374602581,-0.0003158750175411233,2,0.0,,105.0,1.0,fixture,5,True,2,0.24175000000000002,0.45175000000000004,0.8691666666666668
run.fixture.fixed.106,edge.market,106,fixed,110.0,0.1081728848626017,0.09158040943683747,0.09895181721290477,0.09810671683805083,-0.0002846644941549637,2,0.0,,110.0,1.0,fixture,5,True,2,0.25925000000000004,0.46925,0.8811666666666667
run.fixture.fixed.106,edge.market,106,fixed,115.0,0.0715179654766432,0.08762747054087236,0.0962281532794051,0.0969988521979922,-0.0004042102684658775,2,0.0,,115.0,1.0,fixture,5,True,2,0.27675,0.48675,0.89025
run.fixture.fixed.106,edge.market,106,fixed,120.0,0.089430435643678,0.09063822049862161,0.09496488100359755,0.09669611553581964,-0.00037499329282408335,2,0.0,,120.0,1.0,fixture,5,True,2,0.29424999999999996,0.50425,0.8964166666666666
run.fixture.fixed.106,edge.market,106,fixed,125.0,0.1192186689280679,0.09474616117589638,0.09570049002688805,0.09705667324601767,-0.00010207151051784008,2,0.0,,120.0,1.0,fixture,5,True,2,0.31175,0.5217499999999999,0.8996666666666666
run.fixture.fixed.106,edge.market,106,fixed,130.0,0.0957318573682378,0.0952972855402404,0.09536625349524988,0.09649155751219603,-6.81997524775994e-05,2,0.0,,120.0,1.0,fixture,5,True,2,0.32925,0.5392499999999999,0.9
run.fixture.fixed.106,edge.market,106,fixed,135.0,0.1295028964854104,0.0973909680221202,0.09758090969400317,0.09786912778776932,0.0001980009560779367,2,0.0,,120.0,1.0,fixture,5,True,2,0.34674999999999995,0.55675,0.9
run.fixture.fixed.106,edge.market,106,fixed,140.0,0.0957472772046014,0.10133171228132007,0.0955547667049616,0.09793376919517473,0.00037442050513349513,2,0.0,,120.0,1.0,fixture,5,True,2,0.36425,0.57425,0.9
run.fixture.fixed.106,edge.market,106,fixed,145.0,0.1053716601051923,0.10093153731597586,0.096030391501638,0.09949472137960638,0.0004670993597548665,2,0.0,,120.0,1.0,fixture,5,True,2,0.38175,0.59175,0.9
run.fixture.fixed.106,edge.market,106,fixed,150.0,0.0964752024627386,0.10449685688541806,0.09819346969573843,0.09923280361332937,0.0002571459826462609,2,0.0,,120.0,1.0,fixture,5,True,2,0.39925000000000005,0.60925,0.9
run.fixture.fixed.106,edge.market,106,fixed,155.0,0.099238431181325,0.10589799910508191,0.09886849638759847,0.09863056284224779,0.00020457133468292283,2,0.0,,120.0,1.0,fixture,5,True,2,0.41674999999999995,0.62675,0.9
run.fixture.fixed.106,edge.market,106,fixed,160.0,0.0856793906416399,0.1011066736355922,0.09839198898943004,0.09807360884770805,6.38062781289279e-05,2,0.0,,120.0,1.0,fixture,5,True,2,0.43424999999999997,0.64425,0.9
run.fixture.fixed.106,edge.market,106,fixed,165.0,0.0896999580142846,0.10024497372788461,0.09645759198189409,0.09827659473125629,0.0001330741078090172,2,0.0,,120.0,1.0,fixture,5,True,2,0.45175000000000004,0.66175,0.9
run.fixture.fixed.106,edge.market,106,fixed,170.0,0.0949403687181179,0.0953074697611285,0.09851746131481066,0.09835710943990796,-9.458744353658636e-05,2,0.0,,120.0,1.0,fixture,5,True,2,0.46925,0.67925,0.9
run.fixture.fixed.106,edge.market,106,fixed,175.0,0.1361129219061085,0.10107399043277239,0.10066669493354197,0.09952460245166675,0.00022756720303739603,2,0.0,,120.0,1.0,fixture,5,True,2,0.48675,0.6967499999999999,0.8933333333333334
run.fixture.fixed.106,edge.market,106,fixed,180.0,0.1175998440763088,0.10282087385721761,0.10421145482582393,0.09999447720555205,0.00011499334442015471,2,0.0,,120.0,1.0,fixture,5,True,2,0.50425,0.7142499999999998,0.88
run.fixture.fixed.106,edge.market,106,fixed,185.0,0.1183980996325596,0.10595271631004917,0.10643973667112251,0.10034417112584278,9.483151427223428e-05,2,0.0,,120.0,1.0,fixture,5,True,2,0.5217499999999999,0.7317499999999999,0.86
run.fixture.fixed.106,edge.market,106,fixed,190.0,0.1987762283809508,0.12017240162428142,0.1125595489367289,0.10429214296989946,0.0008019430264234282,2,0.0,,120.0,1.0,fixture,5,True,2,0.5392499999999999,0.74925,0.8333333333333334
run.fixture.fixed.106,edge.market,106,fixed,195.0,0.1705201143593125,0.13229250501252038,0.11831249178219617,0.10708445290820726,0.0010546568193421793,2,0.0,,120.0,1.0,fixture,5,True,2,0.55675,0.76675,0.7999999999999999
run.fixture.fixed.106,edge.market,106,fixed,200.0,0.200995325880146,0.148191843279072,0.12381190942794507,0.11024078050092742,0.0016858983990237176,2,0.0,,120.0,1.0,fixture,5,True,2,0.57425,0.7842500000000001,0.7600000000000001
run.fixture.fixed.106,edge.market,106,fixed,205.0,0.22852240346585,0.1672749911001766,0.13402538067881034,0.11541413512962545,0.0021604154744786874,2,0.0,,120.0,1.0,fixture,5,True,2,0.59175,0.8017500000000001,0.7200000000000001
run.fixture.fixed.106,edge.market,106,fixed,210.0,0.2147242527654178,0.17850518122293507,0.14243711857575075,0.12126889780266485,0.002472082714593324,2,0.0,,120.0,1.0,fixture,5,True,2,0.60925,0.8192499999999999,0.6800000000000002
run.fixture.fixed.106,edge.market,106,fixed,215.0,0.2768383623144042,0.2012535409712344,0.15631120779510965,0.1287239089277552,0.003004691560352484,2,0.0,,120.0,1.0,fixture,5,True,2,0.62675,0.83675,0.6400000000000001
run.fixture.fixed.106,edge.market,106,fixed,220.0,0.2829407495683896,0.22475963381921013,0.17044215536334542,0.13636657943777764,0.0034005902574329094,2,0.0,,120.0,1.0,fixture,5,True,2,0.64425,0.85425,0.6000000000000001
run.fixture.fixed.106,edge.market,106,fixed,225.0,0.2437652845376984,0.23118664184160265,0.18260260873996528,0.1415233060547955,0.0032320181936902515,2,0.0,,120.0,1.0,fixture,5,True,2,0.66175,0.8691666666666668,0.56
run.fixture.fixed.106,edge.market,106,fixed,230.0,0.3133442941597777,0.25159009609881194,0.19980601921269556,0.1513305951255785,0.003379415509557403,2,0.0,,120.0,1.0,fixture,5,True,2,0.67925,0.8811666666666667,0.52
run.fixture.fixed.106,edge.market,106,fixed,235.0,0.3170616107794546,0.2681709939415703,0.2168922686020291,0.1596861441622526,0.003345870450149175,2,0.0,,120.0,1.0,fixture,5,True,2,0.6967499999999999,0.89025,0.48
run.fixture.fixed.106,edge.market,106,fixed,240.0,0.3226524612277037,0.28161814505040655,0.23124146393445955,0.16973152399229502,0.0034218108115586275,2,0.0,,120.0,1.0,fixture,5,True,2,0.7142499999999998,0.8964166666666666,0.43999999999999995
run.fixture.fixed.106,edge.market,106,fixed,245.0,0.3587617182950809,0.3021949258403584,0.2497923773359035,0.18050477529835113,0.003388437390851677,2,0.0,,120.0,1.0,fixture,5,True,2,0.7317499999999999,0.8996666666666666,0.39999999999999997
run.fixture.fixed.106,edge.market,106,fixed,250.0,0.3922599267703939,0.3186837207626427,0.27085867173112155,0.19142642561204418,0.003317058657536878,2,0.0,,120.0,1.0,fixture,5,True,2,0.74925,0.9,0.35999999999999993
run.fixture.fixed.106,edge.market,106,fixed,255.0,0.3862165667038091,0.33343740892484547,0.2852771592944183,0.20304581398546706,0.0035231798293884507,2,0.0,,120.0,1.0,fixture,5,True,2,0.76675,0.9,0.3199999999999999
run.fixture.fixed.106,edge.market,106,fixed,260.0,0.3925061169704632,0.3546860992723833,0.30235300564912226,0.21356594280486918,0.003347437446432985,2,0.0,,120.0,1.0,fixture,5,True,2,0.7842500000000001,0.9,0.27999999999999997
run.fixture.fixed.106,edge.market,106,fixed,265.0,0.4437611204533179,0.37331707445717477,0.3210272975393662,0.2274864965348178,0.0035001241831828086,2,0.0,,120.0,1.0,fixture,5,True,2,0.8017500000000001,0.9,0.23999999999999996
run.fixture.fixed.106,edge.market,106,fixed,270.0,0.4525574160221222,0.3926736180632701,0.3382607600436949,0.241373926771495,0.003655779625360747,2,0.0,,120.0,1.0,fixture,5,True,2,0.8192499999999999,0.9,0.19999999999999998
run.fixture.fixed.106,edge.market,106,fixed,275.0,0.4391143656041025,0.4093110329741842,0.3555215379543629,0.2550794932971496,0.0033704676280140507,2,0.0,,120.0,1.0,fixture,5,True,2,0.83675,0.9,0.16666666666666666
run.fixture.fixed.106,edge.market,106,fixed,280.0,0.4929532969627426,0.42848125849813595,0.37214576369654273,0.2708280879284063,0.003671355896772916,2,0.0,,120.0,1.0,fixture,5,True,2,0.85425,0.9,0.13999999999999999
run.fixture.fixed.106,edge.market,106,fixed,285.0,0.5110657022011325,0.4454535121310986,0.3896938369759845,0.28784354039078597,0.0039011191188943074,2,0.0,,120.0,1.0,fixture,5,True,2,0.8691666666666668,0.9,0.12
run.fixture.fixed.106,edge.market,106,fixed,290.0,0.5239742980820561,0.46513318804227666,0.41124837647939666,0.3052145139934968,0.0036639574700683985,2,0.0,,120.0,1.0,fixture,5,True,2,0.8811666666666667,0.9,0.10666666666666667
run.fixture.fixed.106,edge.market,106,fixed,295.0,0.546480839387985,0.4871295769590655,0.4291819568815664,0.32327613282029155,0.0038024917571169658,2,0.0,,120.0,1.0,fixture,5,True,2,0.89025,0.8933333333333334,0.09999999999999999
run.fixture.fixed.106,edge.market,106,fixed,300.0,0.546480839387985,0.5018038225211608,0.4468295898514534,0.3396908495195666,0.0037134267816485394,2,5.0,,120.0,1.0,fixture,5,True,2,0.8964166666666666,0.88,0.09999999999999999
run.fixture.fixed.106,edge.market,106,fixed,305.0,0.546480839387985,0.5152214544305698,0.4640471574022442,0.35684608933203366,0.003415259305662761,2,10.0,,120.0,1.0,fixture,5,True,2,0.8996666666666666,0.86,0.09999999999999999
run.fixture.fixed.106,edge.market,106,fixed,310.0,0.546480839387985,0.5305595221139815,0.47848708979400606,0.3739693989222506,0.003148890094854295,2,15.0,,120.0,1.0,fixture,5,True,2,0.9,0.8333333333333334,0.09999999999999999
run.fixture.fixed.106,edge.market,106,fixed,315.0,,0.5368272263058547,0.4856726867126404,0.3812691143614715,0.0032237950023271773,2,20.0,,120.0,0.9230769230769231,fixture,5,False,0,0.9,0.7999999999999999,0.09999999999999999
run.fixture.fixed.106,edge.market,106,fixed,320.0,,0.5419795311267992,0.49471415216798875,0.39043211436156533,0.003105957648383537,2,25.0,,120.0,0.8461538461538461,fixture,5,False,0,0.9,0.7600000000000001,0.09999999999999999
run.fixture.fixed.106,edge.market,106,fixed,325.0,,0.546480839387985,0.5049349556877413,0.39904287747435707,0.0027785030618776977,2,30.0,,120.0,0.7692307692307693,fixture,5,False,0,0.9,0.7200000000000001,0.09999999999999999
run.fixture.fixed.106,edge.market,106,fixed,330.0,,0.546480839387985,0.5117320484915662,0.4071629000461908,0.002800877789508118,2,35.0,,120.0,0.6923076923076923,fixture,5,False,0,0.9,0.6800000000000002,0.09999999999999999
run.fixture.fixed.106,edge.market,106,fixed,335.0,,0.546480839387985,0.5191288775502467,0.41678483241022946,0.002733226146380656,2,40.0,,120.0,0.6153846153846154,fixture,5,False,0,0.9,0.6400000000000001,0.09999999999999999
run.fixture.fixed.106,edge.market,106,fixed,340.0,,0.546480839387985,0.5305595221139815,0.42415043609948344,0.0018137103068240124,2,45.0,,120.0,0.5384615384615384,fixture,5,False,0,0.9,0.6000000000000001,0.09999999999999999
run.fixture.fixed.106,edge.market,106,fixed,345.0,,,0.5368272263058547,0.4319954186845442,0.0013976874848688542,2,50.0,,120.0,0.46153846153846156,fixture,5,False,0,0.9,0.56,0.09999999999999999
run.fixture.fixed.106,edge.market,106,fixed,350.0,,,0.5419795311267992,0.44306777951671156,0.0009002616522371552,2,55.0,,120.0,0.38461538461538464,fixture,5,False,0,0.9,0.52,0.09999999999999999
run.fixture.fixed.106,edge.market,106,fixed,355.0,0.7396362302911054,0.7396362302911054,0.585111917568609,0.4681437757597309,0.0034817709948202066,2,0.0,,120.0,0.38461538461538464,fixture,5,False,2,0.8933333333333334,0.48,0.09999999999999999
run.fixture.fixed.106,edge.market,106,fixed,360.0,0.7780077324915315,0.7588219813913184,0.6314172961893184,0.4952582535075,0.003998047685967682,2,0.0,,120.0,0.38461538461538464,fixture,5,False,2,0.88,0.43999999999999995,0.09999999999999999
run.fixture.fixed.106,edge.market,106,fixed,365.0,0.7988305888072003,0.7721581838632791,0.6818872460731613,0.5232687316004117,0.0043067194345768525,2,0.0,,120.0,0.38461538461538464,fixture,5,False,2,0.86,0.39999999999999997,0.09999999999999999
run.fixture.fixed.106,edge.market,106,fixed,370.0,0.7675131409875011,0.7709969231443345,0.7260937063930646,0.5473129329352598,0.0041591457033385544,2,0.0,,120.0,0.38461538461538464,fixture,5,False,2,0.8333333333333334,0.35999999999999993,0.09999999999999999
run.fixture.fixed.106,edge.market,106,fixed,375.0,0.7887057252028934,0.7745386835560464,0.7745386835560464,0.5706332740195246,0.0017528879663909296,2,0.0,,120.0,0.38461538461538464,fixture,5,False,2,0.7999999999999999,0.3199999999999999,0.09999999999999999
run.fixture.fixed.106,edge.market,106,fixed,380.0,0.8524475798492523,0.7875234996049141,0.7875234996049141,0.5980586277339625,0.003227618732029258,2,0.0,,120.0,0.46153846153846156,fixture,5,False,2,0.7600000000000001,0.27999999999999997,0.09999999999999999
run.fixture.fixed.106,edge.market,106,fixed,385.0,0.811279985709435,0.7909172833341314,0.7909172833341314,0.6226923847186078,0.0025263292669008646,2,0.0,,120.0,0.5384615384615384,fixture,5,False,2,0.7200000000000001,0.23999999999999996,0.09999999999999999
run.fixture.fixed.106,edge.market,106,fixed,390.0,0.8676362155705619,0.8092029955169109,0.8005071498636851,0.6476262138431514,0.0029628683818744626,2,0.0,,120.0,0.6153846153846154,fixture,5,False,2,0.6800000000000002,0.19999999999999998,0.09999999999999999
run.fixture.fixed.106,edge.market,106,fixed,395.0,0.874304007373704,0.8229596062143639,0.8087068006981316,0.6724348368638329,0.0030579659674456793,2,0.0,,120.0,0.6923076923076923,fixture,5,False,2,0.6400000000000001,0.16666666666666666,0.09999999999999999
run.fixture.fixed.106,edge.market,106,fixed,400.0,0.904976382790324,0.8381232910690961,0.8183337589073508,0.6998384849336106,0.0032741888718753054,2,0.0,,120.0,0.7692307692307693,fixture,5,False,2,0.6000000000000001,0.13999999999999999,0.09999999999999999
run.fixture.fixed.106,edge.market,106,fixed,405.0,0.9038810045616468,0.8576044144368312,0.8261107812395596,0.7240107030276638,0.003233343887127361,2,0.0,,120.0,0.8461538461538461,fixture,5,True,2,0.56,0.12,0.09999999999999999
run.fixture.fixed.106,edge.market,106,fixed,410.0,0.8794380534919598,0.8705661756209834,0.8305547205939262,0.7456796648683007,0.0028973973920395227,2,0.0,,120.0,0.9230769230769231,fixture,5,True,2,0.52,0.10666666666666667,0.09999999999999999
run.fixture.fixed.106,edge.market,106,fixed,415.0,0.9024122725496372,0.8777039888638954,0.8360822245905195,0.7679407221899232,0.0027503125791676097,2,0.0,,120.0,1.0,fixture,5,True,2,0.48,0.09999999999999999,0.09999999999999999
run.fixture.fixed.106,edge.market,106,fixed,420.0,0.9040019356565104,0.8909499817134777,0.8487257403878583,0.788971374911601,0.0024562425860907284,2,0.0,,120.0,1.0,fixture,5,True,2,0.43999999999999995,0.09999999999999999,0.09999999999999999
run.fixture.fixed.106,edge.market,106,fixed,425.0,0.9039917982716288,0.8961436363850587,0.8584168223709429,0.8100014313165214,0.0022766495004075786,2,0.0,,120.0,1.0,fixture,5,True,2,0.39999999999999997,0.09999999999999999,0.09999999999999999
run.fixture.fixed.106,edge.market,106,fixed,430.0,0.9107399472874144,0.9013487706584459,0.8670252345617283,0.8314284376635466,0.002163281494421458,2,0.0,,120.0,1.0,fixture,5,True,2,0.35999999999999993,0.09999999999999999,0.09999999999999999
run.fixture.fixed.106,edge.market,106,fixed,435.0,0.9095727292988908,0.902005391588241,0.877952895201066,0.852786784128894,0.0016783367838757316,2,0.0,,120.0,1.0,fixture,5,True,2,0.3199999999999999,0.09999999999999999,0.09999999999999999
run.fixture.fixed.106,edge.market,106,fixed,440.0,0.8943143381531382,0.9006387249584541,0.8860766346587771,0.8550938704635742,0.0010996977374199352,2,0.0,,120.0,1.0,fixture,5,True,2,0.27999999999999997,0.09999999999999999,0.09999999999999999
run.fixture.fixed.106,edge.market,106,fixed,445.0,0.8870715452024118,0.901729223774233,0.8887400166090202,0.8567769059761446,0.000847572550161841,2,0.0,,120.0,1.0,fixture,5,True,2,0.23999999999999996,0.09999999999999999,0.09999999999999999
run.fixture.fixed.106,edge.market,106,fixed,450.0,0.928424766928274,0.9054452943997527,0.897751153625854,0.8603592990237511,0.0005133838530392313,2,0.0,,120.0,1.0,fixture,5,True,2,0.19999999999999998,0.09999999999999999,0.09999999999999999
run.fixture.fixed.106,edge.market,106,fixed,455.0,0.8970366758308472,0.9044502572818008,0.9000127274920298,0.8621058407764699,0.0002770196407786996,2,0.0,,120.0,1.0,fixture,5,True,2,0.16666666666666666,0.09999999999999999,0.09999999999999999
run.fixture.fixed.106,edge.market,106,fixed,460.0,0.901731226152136,0.9041273184075875,0.9021225135519091,0.863906994657182,9.059101564941572e-05,2,0.0,,120.0,1.0,fixture,5,True,2,0.13999999999999999,0.09999999999999999,0.09999999999999999
run.fixture.fixed.106,edge.market,106,fixed,465.0,0.9132485323263956,0.9044856876988705,0.9027588327469916,0.8660522789036696,0.00018590222149097852,2,0.0,,120.0,1.0,fixture,5,True,2,0.12,0.09999999999999999,0.09999999999999999
run.fixture.fixed.106,edge.market,106,fixed,470.0,0.9025558532211752,0.9034832768306255,0.9026568980284938,0.8675732611668989,0.0001931959858290945,2,0.0,,120.0,1.0,fixture,5,True,2,0.10666666666666667,0.09999999999999999,0.09999999999999999
run.fixture.fixed.106,edge.market,106,fixed,475.0,0.8659752705011339,0.8994348385946248,0.9016212993368917,0.8675093415402684,-0.00022726739540156405,2,0.0,,120.0,1.0,fixture,5,True,2,0.09999999999999999,0.09999999999999999,0.09999999999999999
run.fixture.fixed.106,edge.market,106,fixed,480.0,0.8110952160125356,0.8885810772817855,0.8945969103724993,0.8703677009691255,-0.0008180582607388335,2,0.0,,120.0,1.0,fixture,5,True,2,0.09999999999999999,0.09999999999999999,0.09999999999999999
run.fixture.fixed.106,edge.market,106,fixed,485.0,0.7672709673512257,0.8655591059136356,0.884079143579785,0.8699382303635133,-0.0015852236246284624,2,0.0,,120.0,1.0,fixture,5,True,2,0.09999999999999999,0.09999999999999999,0.09999999999999999
run.fixture.fixed.106,edge.market,106,fixed,490.0,0.7239591975790364,0.8408337518776626,0.8702304819880473,0.8669433747143868,-0.002487785265465375,2,0.0,,120.0,1.0,fixture,5,True,2,0.09999999999999999,0.09999999999999999,0.09999999999999999
run.fixture.fixed.106,edge.market,106,fixed,495.0,0.7171695495586439,0.8144677980785924,0.8553404513935265,0.8649296310572325,-0.003185366955004769,2,0.0,,120.0,1.0,fixture,5,True,2,0.09999999999999999,0.09999999999999999,0.09999999999999999
run.fixture.fixed.106,edge.market,106,fixed,500.0,0.6610587714979054,0.7784406893888081,0.8362239931011431,0.8598237529090329,-0.004049173695703861,2,0.0,,120.0,1.0,fixture,5,True,2,0.09999999999999999,0.09999999999999999,0.09999999999999999
run.fixture.fixed.106,edge.market,106,fixed,505.0,0.6184665216928436,0.7378564991704748,0.8150049302965049,0.8504645105827767,-0.0050380884353586255,2,0.0,,120.0,1.0,fixture,5,True,2,0.09999999999999999,0.09999999999999999,0.09999999999999999
run.fixture.fixed.106,edge.market,106,fixed,510.0,0.6373338801685093,0.7051934434086714,0.7957943406785125,0.8435066663611396,-0.005655187332530743,2,0.0,,120.0,1.0,fixture,5,True,2,0.09999999999999999,0.09999999999999999,0.09999999999999999
run.fixture.fixed.106,edge.market,106,fixed,515.0,0.5655096457430184,0.6701097905130261,0.7678777928950312,0.8314216035680378,-0.006153313910403963,2,0.0,,120.0,1.0,fixture,5,True,2,0.09999999999999999,0.09999999999999999,0.09999999999999999
run.fixture.fixed.106,edge.market,106,fixed,520.0,0.4984914737362235,0.6317127199965972,0.7372204696569832,0.8163891022225386,-0.006935957574582138,2,0.0,,120.0,1.0,fixture,5,True,2,0.09999999999999999,0.09999999999999999,0.09999999999999999
run.fixture.fixed.106,edge.market,106,fixed,525.0,0.4424872611914969,0.591502443369806,0.701894010813857,0.7978895373585856,-0.007613786096919334,2,0.0,,120.0,1.0,fixture,5,True,2,0.09999999999999999,0.09999999999999999,0.09999999999999999
run.fixture.fixed.106,edge.market,106,fixed,530.0,0.4120379350688803,0.5479122127284111,0.6633393494863561,0.7782158145788749,-0.007899121046240314,2,0.0,,120.0,1.0,fixture,5,True,2,0.09999999999999999,0.09999999999999999,0.09999999999999999
run.fixture.fixed.106,edge.market,106,fixed,535.0,0.3741864158367087,0.5069304476339543,0.6226955466106279,0.7580057490726648,-0.00796549695366245,2,0.0,,120.0,1.0,fixture,5,True,2,0.09999999999999999,0.09999999999999999,0.09999999999999999
run.fixture.fixed.106,edge.market,106,fixed,540.0,0.3500421897760919,0.4685841145029898,0.5830083865548553,0.7359109457617231,-0.007891828902864287,2,0.0,,120.0,1.0,fixture,5,True,2,0.09999999999999999,0.09999999999999999,0.09999999999999999
run.fixture.fixed.106,edge.market,106,fixed,545.0,0.2853086685667341,0.4182947985598791,0.5425632675205629,0.711163215078132,-0.008100170113551068,2,0.0,,120.0,1.0,fixture,5,True,2,0.09999999999999999,0.09999999999999999,0.09999999999999999
run.fixture.fixed.106,edge.market,106,fixed,550.0,0.253352889625295,0.3737009762573472,0.5030311076954914,0.6851376587322785,-0.008278530958119161,2,0.0,,120.0,1.0,fixture,5,True,2,0.09999999999999999,0.09999999999999999,0.09999999999999999
run.fixture.fixed.106,edge.market,106,fixed,555.0,0.1953412953825768,0.330393807921112,0.46236819214191754,0.656521712656085,-0.00860780815008913,2,0.0,,120.0,1.0,fixture,5,True,2,0.09999999999999999,0.09999999999999999,0.09999999999999999
run.fixture.fixed.106,edge.market,106,fixed,560.0,0.1787241563175833,0.29271336436769574,0.42094931573875904,0.6272877697368329,-0.00851797816440663,2,0.0,,120.0,1.0,fixture,5,True,2,0.09999999999999999,0.09999999999999999,0.09999999999999999
run.fixture.fixed.106,edge.market,106,fixed,565.0,0.1038354908680545,0.24868444376757776,0.3780859864595398,0.5956686158454294,-0.008761842734637617,2,0.0,,120.0,1.0,fixture,5,True,2,0.09999999999999999,0.09999999999999999,0.09999999999999999
run.fixture.fixed.106,edge.market,106,fixed,570.0,0.1503836972919676,0.21671262683261475,0.3420796153517801,0.5662011019290119,-0.008414095469112683,2,0.0,,120.0,1.0,fixture,5,True,2,0.09999999999999999,0.09999999999999999,0.09999999999999999
run.fixture.fixed.106,edge.market,106,fixed,575.0,0.1052032419747867,0.18173563428957115,0.30114648933687826,0.5332722409308722,-0.00770473105872241,2,0.0,,120.0,1.0,fixture,5,True,2,0.09999999999999999,0.09999999999999999,0.09999999999999999
run.fixture.fixed.106,edge.market,106,fixed,580.0,0.0981290298066751,0.154995685895277,0.2651941342648519,0.5013159350899054,-0.007009744973379814,2,0.0,,120.0,1.0,fixture,5,True,2,0.09999999999999999,0.09999999999999999,0.09999999999999999
run.fixture.fixed.106,edge.market,106,fixed,585.0,0.0924056262105473,0.1320032196931702,0.23395676137826138,0.4689429110922418,-0.006354414942639404,2,0.0,,120.0,1.0,fixture,5,True,2,0.09999999999999999,0.09999999999999999,0.09999999999999999
run.fixture.fixed.106,edge.market,106,fixed,590.0,0.1154782281254787,0.12059421008501332,0.20880222037318305,0.4370320989242052,-0.005531511317171324,2,0.0,,120.0,1.0,fixture,5,True,2,0.09999999999999999,0.09999999999999999,0.09999999999999999
run.fixture.fixed.106,edge.market,106,fixed,595.0,0.0925145331858002,0.10827854963761573,0.1842234971514077,0.40463044612279014,-0.004734891669099255,2,0.0,,120.0,1.0,fixture,5,True,2,0.09999999999999999,0.09999999999999999,0.09999999999999999
run.fixture.fixed.106,edge.market,106,fixed,600.0,0.1303601902514131,0.11206779240666696,0.16546763364484646,0.37520584291280124,-0.0036287811313002005,2,0.0,,120.0,1.0,fixture,5,True,2,0.09999999999999999,0.09999999999999999,0.09999999999999999
run.fixture.fixed.106,edge.market,106,fixed,605.0,0.0859557317587252,0.10286379733048946,0.14515329072043365,0.3462002635426489,-0.0027332311515177927,2,0.0,,120.0,1.0,fixture,5,True,2,0.09999999999999999,0.09999999999999999,
run.fixture.fixed.106,edge.market,106,fixed,610.0,0.1035251024933536,0.10262406311885618,0.13116993948401978,0.31965042894833395,-0.0019295844311204042,2,0.0,,120.0,1.0,fixture,5,True,2,0.09999999999999999,0.09999999999999999,
run.fixture.fixed.106,edge.market,106,fixed,615.0,0.077944215302414,0.09974051818967601,0.11767696453610585,0.2938098296572691,-0.001340654424637665,2,0.0,,120.0,1.0,fixture,5,True,2,0.09999999999999999,0.09999999999999999,
run.fixture.fixed.106,edge.market,106,fixed,620.0,0.1172458912016246,0.10328912747411564,0.11166962575295568,0.2698128833229883,-0.0007460787368152395,2,0.0,,120.0,1.0,fixture,5,True,2,0.09999999999999999,0.09999999999999999,
run.fixture.fixed.106,edge.market,106,fixed,625.0,0.1019682652601463,0.10135913277906816,0.10576532644084514,0.24744926307347798,-0.00029423966978717485,2,0.0,,120.0,1.0,fixture,5,True,2,0.09999999999999999,0.09999999999999999,
run.fixture.fixed.106,edge.market,106,fixed,630.0,0.1246022409838871,0.10594309103593769,0.10736276875744766,0.22769469184511973,-0.00018488512226111288,2,0.0,,120.0,1.0,fixture,5,True,2,0.09999999999999999,0.09999999999999999,
run.fixture.fixed.106,edge.market,106,fixed,635.0,0.1126039248011345,0.10340648168589787,0.10445663241199897,0.20670549363042473,0.00018060217005071204,2,0.0,,120.0,1.0,fixture,5,True,2,0.09999999999999999,0.09999999999999999,
run.fixture.fixed.106,edge.market,106,fixed,640.0,0.1056237705071099,0.1062162015070957,0.10448898076063921,0.18831005862098837,0.00019404073654541608,2,0.0,,120.0,1.0,fixture,5,True,2,0.09999999999999999,0.09999999999999999,
run.fixture.fixed.106,edge.market,106,fixed,645.0,0.1262836110547575,0.10946741701586771,0.10665471777972248,0.17342174411372974,0.00028881889598163604,2,0.0,,120.0,1.0,fixture,5,True,2,0.09999999999999999,0.09999999999999999,
run.fixture.fixed.106,edge.market,106,fixed,650.0,0.1350444193024136,0.11762458901586766,0.10993462494063527,0.16112403043816637,0.00036639534450023004,2,0.0,,120.0,1.0,fixture,5,True,2,0.09999999999999999,0.09999999999999999,
run.fixture.fixed.106,edge.market,106,fixed,655.0,0.0879547241932009,0.11344013658609285,0.10781743233046003,0.14816070200313922,0.0002641160234115472,2,0.0,,120.0,1.0,fixture,5,True,2,0.09999999999999999,0.09999999999999999,
run.fixture.fixed.106,edge.market,106,fixed,660.0,0.1232323831345872,0.11647786771101296,0.11018034386498211,0.13812254069505436,0.0002480384528754431,2,0.0,,120.0,1.0,fixture,5,True,2,0.09999999999999999,0.09999999999999999,
run.fixture.fixed.106,edge.market,106,fixed,665.0,0.0993793100663914,0.11287459186565643,0.10779719923536504,0.12809602550666635,0.0003320524330001372,2,0.0,,120.0,1.0,fixture,5,True,2,0.09999999999999999,0.09999999999999999,
run.fixture.fixed.106,edge.market,106,fixed,670.0,0.1141849706018603,0.11310045555147441,0.10996867914637544,0.12125107758807138,0.00020615831856331637,2,0.0,,120.0,1.0,fixture,5,True,2,0.09999999999999999,0.09999999999999999,
run.fixture.fixed.106,edge.market,106,fixed,675.0,0.1186830466501229,0.11496606642904769,0.11113467485074233,0.11586428386906449,0.0002140497124658768,2,0.0,,120.0,1.0,fixture,5,True,2,0.09999999999999999,0.09999999999999999,
run.fixture.fixed.106,edge.market,106,fixed,680.0,0.108735483964186,0.11245919113039461,0.11350323397857094,0.11240005141232887,-5.7080355839217076e-05,2,0.0,,120.0,1.0,fixture,5,True,2,0.09999999999999999,0.09999999999999999,
run.fixture.fixed.106,edge.market,106,fixed,685.0,0.1194399065380021,0.11022997502119296,0.11367200438906153,0.11002868142114564,1.0852211103600296e-05,2,0.0,,120.0,1.0,fixture,5,True,2,0.09999999999999999,0.09999999999999999,
run.fixture.fixed.106,edge.market,106,fixed,690.0,0.0976874149520419,0.11162035941531312,0.11334270821151504,0.10978275838450509,-0.0001845694488134599,2,0.0,,120.0,1.0,fixture,5,True,2,0.09999999999999999,0.09999999999999999,
run.fixture.fixed.106,edge.market,106,fixed,695.0,0.0889638415771857,0.10672485347854146,0.110601292872538,0.10732596415591383,-0.000258697438263319,2,0.0,,120.0,1.0,fixture,5,True,2,0.09999999999999999,0.09999999999999999,
run.fixture.fixed.106,edge.market,106,fixed,700.0,0.1077671469912957,0.10792311589638495,0.11022923304101194,0.10742852035657417,-0.0002619792534141744,2,0.0,,120.0,1.0,fixture,5,True,2,0.09999999999999999,0.09999999999999999,
run.fixture.fixed.106,edge.market,106,fixed,705.0,0.0717631460045297,0.10186285523962345,0.10762456961773653,0.10637388500448837,-0.0005510284401792375,2,0.0,,120.0,1.0,fixture,5,True,2,0.09999999999999999,0.09999999999999999,
run.fixture.fixed.106,edge.market,106,fixed,710.0,0.1114508890468854,0.10082968986773236,0.10648359100174637,0.1071356955179419,-0.0003822688724495233,2,0.0,,120.0,1.0,fixture,5,True,2,0.09999999999999999,0.09999999999999999,
run.fixture.fixed.106,edge.market,106,fixed,715.0,0.0853824372996741,0.09749354034423066,0.10266343853999717,0.1059318638849097,-0.00030169867916135073,2,0.0,,120.0,1.0,fixture,5,True,2,0.09999999999999999,0.09999999999999999,
run.fixture.fixed.106,edge.market,106,fixed,720.0,0.1127439418152895,0.09653697395527171,0.104570301434004,0.10674104023008928,-0.00034837777891499937,2,0.0,,120.0,1.0,fixture,5,True,2,0.09999999999999999,0.09999999999999999,
run.fixture.fixed.106,edge.market,106,fixed,725.0,0.1014344194591835,0.09707226031343481,0.10289353499743448,0.10558400939840011,-0.00022549944918405404,2,0.0,,120.0,1.0,fixture,5,True,2,0.09999999999999999,,
run.fixture.fixed.106,edge.market,106,fixed,730.0,0.0741574500539566,0.09495706152440207,0.10095339191955488,0.10511207813020937,-0.00044200064058863564,2,0.0,,120.0,1.0,fixture,5,True,2,0.09999999999999999,,
run.fixture.fixed.106,edge.market,106,fixed,735.0,0.0889553524226254,0.09226966230030631,0.09901265205961372,0.10452928812738023,-0.00041932721883637046,2,0.0,,120.0,1.0,fixture,5,True,2,0.09999999999999999,,
run.fixture.fixed.106,edge.market,106,fixed,740.0,0.0919246181267601,0.09514987260348208,0.09695431140397044,0.10508850424035408,-0.00031475078088423497,2,0.0,,120.0,1.0,fixture,5,True,2,0.09999999999999999,,
run.fixture.fixed.106,edge.market,106,fixed,745.0,0.099847670490669,0.09349226995259403,0.09627063344446912,0.10439257541191584,-0.00020504928369555458,2,0.0,,120.0,1.0,fixture,5,True,2,0.09999999999999999,,
run.fixture.fixed.106,edge.market,106,fixed,750.0,0.1191604496674297,0.09831770029084483,0.09624913676211741,0.1050802627882072,0.00012409775915334033,2,0.0,,120.0,1.0,fixture,5,True,2,0.09999999999999999,,
run.fixture.fixed.106,edge.market,106,fixed,755.0,0.0969139331691341,0.09605627048425121,0.09618963816343218,0.10397273047561707,0.00013954471055067216,2,0.0,,120.0,1.0,fixture,5,True,2,0.09999999999999999,,
run.fixture.fixed.106,edge.market,106,fixed,760.0,0.0847985829761419,0.09367972241524525,0.09586923365565961,0.10286051680261736,8.855801509498817e-06,2,0.0,,120.0,1.0,fixture,5,True,2,0.09999999999999999,,
run.fixture.fixed.106,edge.market,106,fixed,765.0,0.1057708153138875,0.09819591745237824,0.09571566968047433,0.10286639859488847,0.00016566336557413653,2,0.0,,120.0,1.0,fixture,5,True,2,0.09999999999999999,,
run.fixture.fixed.106,edge.market,106,fixed,770.0,0.1054765445728513,0.10055608775955337,0.09830900803188371,0.10203411593561221,4.57706003243003e-05,2,0.0,,120.0,1.0,fixture,5,True,2,0.09999999999999999,,
run.fixture.fixed.106,edge.market,106,fixed,775.0,0.0995015363983007,0.10163850465548774,0.09738982705891565,0.10061240061944769,0.00015472481714134948,2,0.0,,120.0,1.0,fixture,5,True,2,0.09999999999999999,,
run.fixture.fixed.106,edge.market,106,fixed,780.0,0.0667525526835396,0.0969106306830407,0.09595675901152068,0.09976431375906125,-0.00013964372633881316,2,0.0,,120.0,1.0,fixture,5,True,2,0.09999999999999999,,
run.fixture.fixed.106,edge.market,106,fixed,785.0,0.0852296429175367,0.09206337257591311,0.09384027448092433,0.09824420415037922,-8.12397889075195e-05,2,0.0,,120.0,1.0,fixture,5,True,2,,,
run.fixture.fixed.106,edge.market,106,fixed,790.0,0.1012897710870778,0.0926884922784765,0.09382914768307002,0.09832062259120666,2.6294270965816322e-05,2,0.0,,120.0,1.0,fixture,5,True,2,,,
run.fixture.fixed.106,edge.market,106,fixed,795.0,0.0992240216111234,0.094749269226331,0.09575734549515977,0.09772218463157722,-8.9455882699539e-05,2,0.0,,120.0,1.0,fixture,5,True,2,,,
run.fixture.fixed.106,edge.market,106,fixed,800.0,0.1032255084802997,0.09438565396438989,0.09685504980728857,0.0971038831047843,-9.253827126756296e-05,2,0.0,,120.0,1.0,fixture,5,True,2,,,
run.fixture.fixed.106,edge.market,106,fixed,805.0,0.0958974669234425,0.09301721430018862,0.09716065356087954,0.09659036242315454,-0.00013677840211017252,2,0.0,,120.0,1.0,fixture,5,True,2,,,
run.fixture.fixed.106,edge.market,106,fixed,810.0,0.0969955074152306,0.09265921015975005,0.09694125640123043,0.09569258645824366,-0.00011719791679738966,2,0.0,,120.0,1.0,fixture,5,True,2,,,
run.fixture.fixed.106,edge.market,106,fixed,815.0,0.0845420597913897,0.09520056831801435,0.09427830333384274,0.09516677225181759,-2.803399019920335e-05,2,0.0,,120.0,1.0,fixture,5,True,2,,,
run.fixture.fixed.106,edge.market,106,fixed,820.0,0.1450976114944702,0.10375313525757626,0.09798474012809934,0.09741212304850898,0.00032731244695552707,2,0.0,,120.0,1.0,fixture,5,True,2,,,
run.fixture.fixed.106,edge.market,106,fixed,825.0,0.0950312192566954,0.1028590564246645,0.09877186599583422,0.09690268593912497,0.00020640670487626813,2,0.0,,120.0,1.0,fixture,5,True,2,,,
run.fixture.fixed.106,edge.market,106,fixed,830.0,0.1110156620784759,0.10454357649142916,0.0991753157469564,0.0984727865820828,0.00034097310237321614,2,0.0,,120.0,1.0,fixture,5,True,2,,,
run.fixture.fixed.106,edge.market,106,fixed,835.0,0.0862594639050774,0.10211985583782597,0.09769707877251227,0.0974651295764105,0.0003042846306479301,2,0.0,,120.0,1.0,fixture,5,True,2,,,
run.fixture.fixed.106,edge.market,106,fixed,840.0,0.1106721197319282,0.10423052052475248,0.09855635441356053,0.09847671687370065,0.00040371479453475906,2,0.0,,120.0,1.0,fixture,5,True,2,,,
run.fixture.fixed.106,edge.market,106,fixed,845.0,0.094265881019551,0.10384057389679825,0.1006727642855614,0.09773759444187112,0.00013078133027739314,2,0.0,,120.0,1.0,fixture,5,True,2,,,
run.fixture.fixed.106,edge.market,106,fixed,850.0,0.1112203171153712,0.10765175351450988,0.10267204691616406,0.09812903034811862,8.153239335726782e-05,2,0.0,,120.0,1.0,fixture,5,True,2,,,
run.fixture.fixed.106,edge.market,106,fixed,855.0,0.0861288674241634,0.09922764721875177,0.10150582355747834,0.09860788704292692,-3.817640637417086e-05,2,0.0,,120.0,1.0,fixture,5,True,2,,,
run.fixture.fixed.106,edge.market,106,fixed,860.0,0.0919756111013327,0.09879113176798568,0.10094825351826368,0.0987286973900752,-0.00011856529468335538,2,0.0,,120.0,1.0,fixture,5,True,2,,,
run.fixture.fixed.106,edge.market,106,fixed,865.0,0.1123520148443601,0.09898203930596913,0.10165029246934527,0.09954579325877919,-2.585831370442023e-05,2,0.0,,120.0,1.0,fixture,5,True,2,,,
run.fixture.fixed.106,edge.market,106,fixed,870.0,0.1073512656753745,0.101995153844583,0.10253135391180157,0.09984593706616743,-3.2521983578205023e-05,2,0.0,,120.0,1.0,fixture,5,True,2,,,
run.fixture.fixed.106,edge.market,106,fixed,875.0,0.1013992666762643,0.10067046055091673,0.10287010462418876,0.09913548974652081,-8.256972961031542e-05,2,0.0,,120.0,1.0,fixture,5,True,2,,,
run.fixture.fixed.106,edge.market,106,fixed,880.0,0.1022285802504938,0.10180798901247999,0.10423060619796601,0.09934807562977516,-0.00022778452089796742,2,0.0,,120.0,1.0,fixture,5,True,2,,,
run.fixture.fixed.106,edge.market,106,fixed,885.0,0.1176936794706481,0.10273275506323384,0.10212261142690277,0.10066387948955542,0.00017534457438952856,2,0.0,,120.0,1.0,fixture,5,True,2,,,
run.fixture.fixed.106,edge.market,106,fixed,890.0,0.1491935932897679,0.11174200161546306,0.10628894789098527,0.10240079060859063,0.00043115352602220906,2,0.0,,120.0,1.0,fixture,5,True,2,,,
run.fixture.fixed.106,edge.market,106,fixed,895.0,0.1101153960758477,0.11433339946896519,0.10621969666001387,0.10258634466871051,0.0004927421946173851,2,0.0,,120.0,1.0,fixture,5,True,2,,,
run.fixture.fixed.106,edge.market,106,fixed,900.0,0.0789806933165764,0.10956606782213897,0.10565979123012917,0.10176551094544152,0.00015960411841388984,2,0.0,,120.0,1.0,fixture,5,True,2,,,
run.fixture.fixed.107,edge.market,107,fixed,0.0,0.0758530327356432,0.0758530327356432,0.0758530327356432,0.0758530327356432,0.0,2,0.0,,0.0,1.0,fixture,5,False,2,0.09999999999999999,0.17525000000000002,0.59525
run.fixture.fixed.107,edge.market,107,fixed,5.0,0.1034462244416433,0.08964962858864325,0.08964962858864325,0.08964962858864325,0.005518638341200018,2,0.0,,5.0,1.0,fixture,5,False,2,0.09999999999999999,0.19275,0.61275
run.fixture.fixed.107,edge.market,107,fixed,10.0,0.1000908348943632,0.09313003069054991,0.09313003069054991,0.09313003069054991,0.0024237802158720042,2,0.0,,10.0,1.0,fixture,5,False,2,0.09999999999999999,0.21025000000000002,0.6302500000000001
run.fixture.fixed.107,edge.market,107,fixed,15.0,0.1142969032221277,0.09842174882344436,0.09842174882344436,0.09842174882344436,0.0022395244382434672,2,0.0,,15.0,1.0,fixture,5,False,2,0.09999999999999999,0.22775,0.6477499999999999
run.fixture.fixed.107,edge.market,107,fixed,20.0,0.1137445063370681,0.1014863003261691,0.1014863003261691,0.1014863003261691,0.0017326725196666892,2,0.0,,20.0,1.0,fixture,5,False,2,0.09999999999999999,0.24525,0.66525
run.fixture.fixed.107,edge.market,107,fixed,25.0,0.1123160937412699,0.10329126589535258,0.10329126589535258,0.10329126589535258,0.0012995212516695566,2,0.0,,25.0,1.0,fixture,5,False,2,0.09999999999999999,0.26275,0.68275
run.fixture.fixed.107,edge.market,107,fixed,30.0,0.0542912522595597,0.09629126394738216,0.09629126394738216,0.09629126394738216,-0.00023779950990208916,2,0.0,,30.0,1.0,fixture,5,False,2,0.10233333333333333,0.28025,0.70025
run.fixture.fixed.107,edge.market,107,fixed,35.0,0.1122281053374522,0.10148770289049772,0.09828336912114091,0.09828336912114091,0.00010708101656644541,2,0.0,,35.0,1.0,fixture,5,False,2,0.10758333333333332,0.29775,0.7177500000000001
run.fixture.fixed.107,edge.market,107,fixed,40.0,0.0982316609258642,0.10074276524538643,0.09827762376611017,0.09827762376611017,7.426726899281844e-05,2,0.0,,40.0,1.0,fixture,5,False,2,0.11574999999999998,0.31525,0.7352500000000001
run.fixture.fixed.107,edge.market,107,fixed,45.0,0.1007156803738219,0.10083202888530911,0.09852142942688134,0.09852142942688134,8.060954044253906e-05,2,0.0,,45.0,1.0,fixture,5,False,2,0.12683333333333333,0.33275,0.7527499999999999
run.fixture.fixed.107,edge.market,107,fixed,50.0,0.1011852550413821,0.09895893628805974,0.09876359539183598,0.09876359539183598,8.467375182736842e-05,2,0.0,,50.0,1.0,fixture,5,False,2,0.14083333333333334,0.35025,0.7702499999999999
run.fixture.fixed.107,edge.market,107,fixed,55.0,0.1018982035414485,0.09726660731725692,0.09902481273763701,0.09902481273763701,8.924602563345847e-05,2,0.0,,55.0,1.0,fixture,5,False,2,0.15775,0.36774999999999997,0.78775
run.fixture.fixed.107,edge.market,107,fixed,60.0,0.0962865781402545,0.09497667651711186,0.09881417930706912,0.09881417930706912,5.20675832347542e-05,2,0.0,,60.0,1.0,fixture,5,True,2,0.17525000000000002,0.38525000000000004,0.80525
run.fixture.fixed.107,edge.market,107,fixed,65.0,0.1180823586906824,0.10408969172155798,0.10206258899591826,0.10019047783447006,2.4863198300274167e-06,2,0.0,,65.0,1.0,fixture,5,True,2,0.19275,0.40275,0.8227500000000001
run.fixture.fixed.107,edge.market,107,fixed,70.0,0.0815525795697376,0.09970747375474161,0.10037846246731015,0.09894795128348789,-0.00012210116196888395,2,0.0,,70.0,1.0,fixture,5,True,2,0.21025000000000002,0.42025,0.84025
run.fixture.fixed.107,edge.market,107,fixed,75.0,0.089023637532334,0.09839204184138015,0.09952713959330789,0.09832768167404078,-0.00019918065935403334,2,0.0,,75.0,1.0,fixture,5,True,2,0.22775,0.43775000000000003,0.8575
run.fixture.fixed.107,edge.market,107,fixed,80.0,0.0885068438885919,0.09664792234349015,0.09754328887534364,0.09774998533372026,-0.0001582283833392611,2,0.0,,80.0,1.0,fixture,5,True,2,0.24525,0.45524999999999993,0.8718333333333335
run.fixture.fixed.107,edge.market,107,fixed,85.0,0.1358163685135498,0.10159522426808554,0.09924112442738067,0.09986478439926634,0.00021874634200283588,2,0.0,,85.0,1.0,fixture,5,True,2,0.26275,0.47274999999999995,0.88325
run.fixture.fixed.107,edge.market,107,fixed,90.0,0.0909156580793068,0.10002628920206529,0.09759493706876815,0.09939377775084741,0.0002644298443201787,2,0.0,,90.0,1.0,fixture,5,True,2,0.28025,0.49025,0.89175
run.fixture.fixed.107,edge.market,107,fixed,95.0,0.1022055130512896,0.10087185133221314,0.10128064943736273,0.09953436451586953,-3.827602136040552e-05,2,0.0,,95.0,1.0,fixture,5,True,2,0.29775,0.50775,0.8973333333333334
run.fixture.fixed.107,edge.market,107,fixed,100.0,0.1136788857512399,0.10024278376943564,0.10139224793073101,0.10020791314612526,0.00012768179092958445,2,0.0,,100.0,1.0,fixture,5,True,2,0.31525,0.5252500000000001,0.9
run.fixture.fixed.107,edge.market,107,fixed,105.0,0.0849259797788452,0.10072469808502245,0.10036873399634491,0.0995132798112489,-5.199217801606177e-06,2,0.0,,105.0,1.0,fixture,5,True,2,0.33275,0.54275,0.9
run.fixture.fixed.107,edge.market,107,fixed,110.0,0.1476989418045423,0.10910688440962366,0.10398283102947728,0.10160830859356601,0.00030953690471655093,2,0.0,,110.0,1.0,fixture,5,True,2,0.35025,0.5602499999999999,0.9
run.fixture.fixed.107,edge.market,107,fixed,115.0,0.1042741980793998,0.11135936357973904,0.1042204420324017,0.1017193873221424,0.0002899381908515731,2,0.0,,115.0,1.0,fixture,5,True,2,0.36774999999999997,0.57775,0.9
run.fixture.fixed.107,edge.market,107,fixed,120.0,0.1304925235040615,0.1105988142926693,0.10642000510644886,0.10287031276941917,0.0004452973330419965,2,0.0,,120.0,1.0,fixture,5,True,2,0.38525000000000004,0.59525,0.896
run.fixture.fixed.107,edge.market,107,fixed,125.0,0.0697252142655049,0.10757160803355474,0.10437682326992967,0.10262520003061365,0.00012540421896614534,2,0.0,,120.0,1.0,fixture,5,True,2,0.40275,0.61275,0.8853333333333334
run.fixture.fixed.107,edge.market,107,fixed,130.0,0.0851219354673571,0.10513109695013581,0.10184140609890464,0.10189222847164217,0.00010387611031761171,2,0.0,,120.0,1.0,fixture,5,True,2,0.42025,0.6302500000000001,0.868
run.fixture.fixed.107,edge.market,107,fixed,135.0,0.0694785894077302,0.09881676890106302,0.10091263762490407,0.10066773865217687,-0.0002655729950133954,2,0.0,,120.0,1.0,fixture,5,True,2,0.43775000000000003,0.6477499999999999,0.844
run.fixture.fixed.107,edge.market,107,fixed,140.0,0.1200030054021441,0.10382777256153429,0.10329566592258178,0.10089598273937753,-0.000231156285106308,2,0.0,,120.0,1.0,fixture,5,True,2,0.45524999999999993,0.66525,0.8133333333333334
run.fixture.fixed.107,edge.market,107,fixed,145.0,0.1121769767791907,0.09875320612934117,0.10511644537570476,0.10083328155706242,-0.0002863583610384791,2,0.0,,120.0,1.0,fixture,5,True,2,0.47274999999999995,0.68275,0.7760000000000001
run.fixture.fixed.107,edge.market,107,fixed,150.0,0.0919338988579028,0.0969903062405559,0.10174087078680884,0.10001799376172774,-0.00013712299526034313,2,0.0,,120.0,1.0,fixture,5,True,2,0.49025,0.70025,0.7360000000000001
run.fixture.fixed.107,edge.market,107,fixed,155.0,0.1335182325631777,0.09742255039185822,0.10501799190095275,0.10318707297387246,-1.0872795583751312e-05,2,0.0,,120.0,1.0,fixture,5,True,2,0.50775,0.7177500000000001,0.6960000000000002
run.fixture.fixed.107,edge.market,107,fixed,160.0,0.1671526033975489,0.11134074883929308,0.11001392192758806,0.10538405289627634,0.0003771715088469474,2,0.0,,120.0,1.0,fixture,5,True,2,0.5252500000000001,0.7352500000000001,0.6560000000000001
run.fixture.fixed.107,edge.market,107,fixed,165.0,0.1905047205210529,0.1263954324183925,0.11592360152526601,0.10907497528008386,0.0009360721004143666,2,0.0,,120.0,1.0,fixture,5,True,2,0.54275,0.7527499999999999,0.6160000000000001
run.fixture.fixed.107,edge.market,107,fixed,170.0,0.1645449217523248,0.13997633703904885,0.12204813552322596,0.111628144935224,0.0010182089895763508,2,0.0,,120.0,1.0,fixture,5,True,2,0.5602499999999999,0.7702499999999999,0.5760000000000001
run.fixture.fixed.107,edge.market,107,fixed,175.0,0.177135152289761,0.14813807230870843,0.12431245940670434,0.11466614082515914,0.0015787339836075874,2,0.0,,120.0,1.0,fixture,5,True,2,0.57775,0.78775,0.536
run.fixture.fixed.107,edge.market,107,fixed,180.0,0.2199268525769915,0.16353091170839423,0.13320881744498062,0.11938728678658088,0.0020550180822126326,2,0.0,,120.0,1.0,fixture,5,True,2,0.59525,0.80525,0.496
run.fixture.fixed.107,edge.market,107,fixed,185.0,0.2176291779909216,0.18148738015596838,0.13991163702089293,0.12424099078060756,0.0025907412752777,2,0.0,,120.0,1.0,fixture,5,True,2,0.61275,0.8227500000000001,0.45599999999999996
run.fixture.fixed.107,edge.market,107,fixed,190.0,0.2539537493402297,0.1986924539812615,0.15408306279587175,0.12967584640658944,0.0028027717309131992,2,0.0,,120.0,1.0,fixture,5,True,2,0.6302500000000001,0.84025,0.416
run.fixture.fixed.107,edge.market,107,fixed,195.0,0.2577653628554334,0.21163713390381642,0.16736332644110843,0.13672435773801728,0.002955921081526131,2,0.0,,120.0,1.0,fixture,5,True,2,0.6477499999999999,0.8575,0.37600000000000006
run.fixture.fixed.107,edge.market,107,fixed,200.0,0.307358258439411,0.2283304964635819,0.18566176252046848,0.14545774257430036,0.003126005073565875,2,0.0,,120.0,1.0,fixture,5,True,2,0.66525,0.8718333333333335,0.336
run.fixture.fixed.107,edge.market,107,fixed,205.0,0.3051859912470489,0.24842207781997103,0.19990660758546114,0.15412490846863863,0.003409009548874901,2,0.0,,120.0,1.0,fixture,5,True,2,0.68275,0.88325,0.296
run.fixture.fixed.107,edge.market,107,fixed,210.0,0.3378921902306413,0.2713873689543825,0.2172693163124958,0.1622079413373223,0.0036439612853882914,2,0.0,,120.0,1.0,fixture,5,True,2,0.70025,0.89175,0.256
run.fixture.fixed.107,edge.market,107,fixed,215.0,0.3269433804525141,0.28667544436517145,0.2353469687428505,0.1716490502322506,0.003402968387210229,2,0.0,,120.0,1.0,fixture,5,True,2,0.7177500000000001,0.8973333333333334,0.216
run.fixture.fixed.107,edge.market,107,fixed,220.0,0.339191135259124,0.3040414382606289,0.2511679612579233,0.181128475120564,0.003304357228792568,2,0.0,,120.0,1.0,fixture,5,True,2,0.7352500000000001,0.9,0.17999999999999997
run.fixture.fixed.107,edge.market,107,fixed,225.0,0.395440319820511,0.32425380547209764,0.26872855482892033,0.19239893248333484,0.0036093315654441116,2,0.0,,120.0,1.0,fixture,5,True,2,0.7527499999999999,0.9,0.15066666666666664
run.fixture.fixed.107,edge.market,107,fixed,230.0,0.3664540540780455,0.3397807613610423,0.28226311894868905,0.20366005545530283,0.0036519537141690333,2,0.0,,120.0,1.0,fixture,5,True,2,0.7702499999999999,0.9,0.128
run.fixture.fixed.107,edge.market,107,fixed,235.0,0.421011863607128,0.3560169906707161,0.3019913452452123,0.21459257232740625,0.003661256008208685,2,0.0,,120.0,1.0,fixture,5,True,2,0.78775,0.9,0.11199999999999999
run.fixture.fixed.107,edge.market,107,fixed,240.0,0.4113703904148116,0.37118619055182506,0.3200094404856009,0.2268764200208227,0.0034220042723069662,2,0.0,,120.0,1.0,fixture,5,True,2,0.80525,0.896,0.10266666666666664
run.fixture.fixed.107,edge.market,107,fixed,245.0,0.4777384376416326,0.3911642258962524,0.3398411008751887,0.24076625658632558,0.0036921096212914994,2,0.0,,120.0,1.0,fixture,5,True,2,0.8227500000000001,0.8853333333333334,0.09999999999999999
run.fixture.fixed.107,edge.market,107,fixed,250.0,0.4496462002030152,0.40869320014632393,0.35768856412227285,0.255963096023826,0.0034760075726948943,2,0.0,,120.0,1.0,fixture,5,True,2,0.84025,0.868,0.09999999999999999
run.fixture.fixed.107,edge.market,107,fixed,255.0,0.4711206233019164,0.42754026986672283,0.3743937082731718,0.2714030435372084,0.0034259511458856187,2,0.0,,120.0,1.0,fixture,5,True,2,0.8575,0.844,0.09999999999999999
run.fixture.fixed.107,edge.market,107,fixed,260.0,0.4771098508145626,0.439207345723016,0.39126636119310476,0.28770829399348163,0.003206059318769327,2,0.0,,120.0,1.0,fixture,5,True,2,0.8718333333333335,0.8133333333333334,0.09999999999999999
run.fixture.fixed.107,edge.market,107,fixed,265.0,0.5041031712907758,0.45887150532483467,0.4064005852585944,0.30307230062902696,0.003304591342187096,2,0.0,,120.0,1.0,fixture,5,True,2,0.88325,0.7760000000000001,0.09999999999999999
run.fixture.fixed.107,edge.market,107,fixed,270.0,0.5511005437175815,0.4774556024834709,0.4253170892947891,0.32062924330656256,0.0034800832022674278,2,0.0,,120.0,1.0,fixture,5,True,2,0.89175,0.7360000000000001,0.09999999999999999
run.fixture.fixed.107,edge.market,107,fixed,275.0,0.5396784988995285,0.4957853322670018,0.4408391130385497,0.3385390273082276,0.0035616152508162265,2,0.0,,120.0,1.0,fixture,5,True,2,0.8973333333333334,0.6960000000000002,0.09999999999999999
run.fixture.fixed.107,edge.market,107,fixed,280.0,0.5808208022654311,0.5105113843561159,0.4603681454856972,0.35643113009631777,0.0036084504236283564,2,0.0,,120.0,1.0,fixture,5,True,2,0.9,0.6560000000000001,0.09999999999999999
run.fixture.fixed.107,edge.market,107,fixed,285.0,0.6119725875279327,0.5337008682596754,0.4813513341217594,0.3742239294615331,0.0036759093034826416,2,0.0,,120.0,1.0,fixture,5,True,2,0.9,0.6160000000000001,0.09999999999999999
run.fixture.fixed.107,edge.market,107,fixed,290.0,0.589376979561668,0.55059463343964,0.49626953871723306,0.39017881982315766,0.003727312350219686,2,0.0,,120.0,1.0,fixture,5,True,2,0.9,0.5760000000000001,0.09999999999999999
run.fixture.fixed.107,edge.market,107,fixed,295.0,0.6261563122291763,0.5718869850702991,0.5162466354980892,0.40864327544223167,0.00358512800801897,2,0.0,,120.0,1.0,fixture,5,True,2,0.9,0.536,0.09999999999999999
run.fixture.fixed.107,edge.market,107,fixed,300.0,0.6441443972497625,0.5918928744930115,0.5334106765475227,0.42732364524063177,0.003695834785242385,2,0.0,,120.0,1.0,fixture,5,True,2,0.896,0.496,0.09999999999999999
run.fixture.fixed.107,edge.market,107,fixed,305.0,0.6345532204077711,0.6038146854487528,0.5505785865469812,0.44390869995386295,0.003423937269014383,2,0.0,,120.0,1.0,fixture,5,True,2,0.8853333333333334,0.45599999999999996,0.09999999999999999
run.fixture.fixed.107,edge.market,107,fixed,310.0,0.6633889932186359,0.6214876132086253,0.5648593985144429,0.4617390925629715,0.003607433310434707,2,0.0,,120.0,1.0,fixture,5,True,2,0.868,0.416,0.09999999999999999
run.fixture.fixed.107,edge.market,107,fixed,315.0,0.665464726687836,0.6335796024118261,0.5814608236286599,0.47819953165687573,0.0033845097729186106,2,0.0,,120.0,1.0,fixture,5,True,2,0.844,0.37600000000000006,0.09999999999999999
run.fixture.fixed.107,edge.market,107,fixed,320.0,0.6912154889622626,0.6449000169024446,0.598391197910225,0.4955375367011489,0.003259396135242143,2,0.0,,120.0,1.0,fixture,5,True,2,0.8133333333333334,0.336,0.09999999999999999
run.fixture.fixed.107,edge.market,107,fixed,325.0,0.7314279623506946,0.665193014443734,0.6179541295668505,0.5125003248576003,0.0032036281758720153,2,0.0,,120.0,1.0,fixture,5,True,2,0.7760000000000001,0.296,0.09999999999999999
run.fixture.fixed.107,edge.market,107,fixed,330.0,0.7640265305320397,0.6848887599155716,0.6379482341238708,0.530853946429,0.003290966305386974,2,0.0,,120.0,1.0,fixture,5,True,2,0.7360000000000001,0.256,0.09999999999999999
run.fixture.fixed.107,edge.market,107,fixed,335.0,0.7469795231130674,0.6995794921817582,0.6530158479235235,0.547217439744297,0.0033417947681245014,2,0.0,,120.0,1.0,fixture,5,True,2,0.6960000000000002,0.216,0.09999999999999999
run.fixture.fixed.107,edge.market,107,fixed,340.0,0.7730774364033703,0.7193686658954151,0.670969612346896,0.5650628019823312,0.003261583875499359,2,0.0,,120.0,1.0,fixture,5,True,2,0.6560000000000001,0.17999999999999997,0.09999999999999999
run.fixture.fixed.107,edge.market,107,fixed,345.0,0.7911561815014313,0.737621121364386,0.6871492569035115,0.5831414038320236,0.0033605704077597502,2,0.0,,120.0,1.0,fixture,5,True,2,0.6160000000000001,0.15066666666666664,0.09999999999999999
run.fixture.fixed.107,edge.market,107,fixed,350.0,0.8109294981857973,0.7584018030069518,0.702453634646424,0.5997609709666349,0.0035984217946439935,2,0.0,,120.0,1.0,fixture,5,True,2,0.5760000000000001,0.128,0.09999999999999999
run.fixture.fixed.107,edge.market,107,fixed,355.0,0.8284502196062814,0.778006764527526,0.7208438838806251,0.6182408175877644,0.003559348084936135,2,0.0,,120.0,1.0,fixture,5,True,2,0.536,0.11199999999999999,0.09999999999999999
run.fixture.fixed.107,edge.market,107,fixed,360.0,0.8557910157364594,0.7957729150112066,0.7385080918427238,0.6356319836729376,0.003720743458095336,2,0.0,,120.0,1.0,fixture,5,True,2,0.496,0.10266666666666664,0.09999999999999999
run.fixture.fixed.107,edge.market,107,fixed,365.0,0.8692192533213814,0.8108004468382555,0.7558215423097714,0.6539459381892005,0.003856700718228533,2,0.0,,120.0,1.0,fixture,5,True,2,0.45599999999999996,0.09999999999999999,0.09999999999999999
run.fixture.fixed.107,edge.market,107,fixed,370.0,0.8896580637754867,0.8311830955043155,0.7754449917995957,0.6704227232345545,0.003806306075899191,2,0.0,,120.0,1.0,fixture,5,True,2,0.416,0.09999999999999999,0.09999999999999999
run.fixture.fixed.107,edge.market,107,fixed,375.0,0.9252556617665888,0.8529228419847751,0.7955885816878998,0.6894471016970977,0.003932099515168674,2,0.0,,120.0,1.0,fixture,5,True,2,0.37600000000000006,0.09999999999999999,0.09999999999999999
run.fixture.fixed.107,edge.market,107,fixed,380.0,0.885619836101253,0.8664176497847498,0.8125235901043163,0.7060270702090711,0.0035247594508606294,2,0.0,,120.0,1.0,fixture,5,True,2,0.336,0.09999999999999999,0.09999999999999999
run.fixture.fixed.107,edge.market,107,fixed,385.0,0.8949385568284656,0.8784189438765596,0.8281945953247936,0.722740218449627,0.003135015596300758,2,0.0,,120.0,1.0,fixture,5,True,2,0.296,0.09999999999999999,0.09999999999999999
run.fixture.fixed.107,edge.market,107,fixed,390.0,0.8909614875421648,0.8873491250102571,0.8404664049549068,0.7382145510996827,0.0028045045221090333,2,0.0,,120.0,1.0,fixture,5,True,2,0.256,0.09999999999999999,0.09999999999999999
run.fixture.fixed.107,edge.market,107,fixed,395.0,0.8999179448220662,0.8936529720224867,0.8509195906695243,0.7521672471438621,0.0026084936630352946,2,0.0,,120.0,1.0,fixture,5,True,2,0.216,0.09999999999999999,0.09999999999999999
run.fixture.fixed.107,edge.market,107,fixed,400.0,0.9229120118373062,0.9013233660961902,0.8644528590329271,0.7674965876613732,0.002283629986234737,2,0.0,,120.0,1.0,fixture,5,True,2,0.17999999999999997,0.09999999999999999,0.09999999999999999
run.fixture.fixed.107,edge.market,107,fixed,405.0,0.8957212237401808,0.9021895318054323,0.8738869965203742,0.7800926045203633,0.0017869071618793794,2,0.0,,120.0,1.0,fixture,5,True,2,0.15066666666666664,0.09999999999999999,0.09999999999999999
run.fixture.fixed.107,edge.market,107,fixed,410.0,0.9304404864840516,0.9029302210507841,0.8846011738267294,0.792831320478608,0.0015233964307249336,2,0.0,,120.0,1.0,fixture,5,True,2,0.128,0.09999999999999999,0.09999999999999999
run.fixture.fixed.107,edge.market,107,fixed,415.0,0.9015911274595104,0.9052118341019638,0.8915751453093228,0.8053198863945218,0.0010687129057910505,2,0.0,,120.0,1.0,fixture,5,True,2,0.11199999999999999,0.09999999999999999,0.09999999999999999
run.fixture.fixed.107,edge.market,107,fixed,420.0,0.88952884265961,0.9044390177921272,0.8962735009288096,0.815854787611739,0.0005696444488464703,2,0.0,,120.0,1.0,fixture,5,True,2,0.10266666666666664,0.09999999999999999,0.09999999999999999
run.fixture.fixed.107,edge.market,107,fixed,425.0,0.8703643440990869,0.9014965687288302,0.8973945261874733,0.8249035854857121,8.741111112692372e-05,2,0.0,,120.0,1.0,fixture,5,True,2,0.09999999999999999,0.09999999999999999,0.09999999999999999
run.fixture.fixed.107,edge.market,107,fixed,430.0,0.7977393544762102,0.8868996272508508,0.8918960724301525,0.8314310308484495,-0.0007863888233019,2,0.0,,120.0,1.0,fixture,5,True,2,0.09999999999999999,0.09999999999999999,0.09999999999999999
run.fixture.fixed.107,edge.market,107,fixed,435.0,0.7195813136330245,0.8578523846502392,0.878813245496117,0.8336787236650252,-0.0019397455412858834,2,0.0,,120.0,1.0,fixture,5,True,2,0.09999999999999999,0.09999999999999999,0.09999999999999999
run.fixture.fixed.107,edge.market,107,fixed,440.0,0.7405671420103658,0.8356875158316941,0.8646064362840998,0.8366828202779263,-0.002494008955594892,2,0.0,,120.0,1.0,fixture,5,True,2,0.09999999999999999,0.09999999999999999,0.09999999999999999
run.fixture.fixed.107,edge.market,107,fixed,445.0,0.691735247506664,0.8015867674063532,0.8496922371614392,0.8367036106197024,-0.003472177454435039,2,0.0,,120.0,1.0,fixture,5,True,2,0.09999999999999999,0.09999999999999999,0.09999999999999999
run.fixture.fixed.107,edge.market,107,fixed,450.0,0.6364129384740799,0.7637041689798629,0.8298056511341787,0.8329030096646377,-0.004530365975814127,2,0.0,,120.0,1.0,fixture,5,True,2,0.09999999999999999,0.09999999999999999,0.09999999999999999
run.fixture.fixed.107,edge.market,107,fixed,455.0,0.5885983785985829,0.7207141026854307,0.8065469504462107,0.8258858835872993,-0.005650314086097278,2,0.0,,120.0,1.0,fixture,5,True,2,0.09999999999999999,0.09999999999999999,0.09999999999999999
run.fixture.fixed.107,edge.market,107,fixed,460.0,0.5858794286075758,0.6800734004723575,0.7823901415066347,0.8194418798070798,-0.00638702636126302,2,0.0,,120.0,1.0,fixture,5,True,2,0.09999999999999999,0.09999999999999999,0.09999999999999999
run.fixture.fixed.107,edge.market,107,fixed,465.0,0.4825374470540033,0.6350445565548994,0.7485151749848421,0.8078202802331051,-0.007283139629835645,2,0.0,,120.0,1.0,fixture,5,True,2,0.09999999999999999,0.09999999999999999,0.09999999999999999
run.fixture.fixed.107,edge.market,107,fixed,470.0,0.4642422275329542,0.5985675442548893,0.7153244829689016,0.794743722074366,-0.008025112534697136,2,0.0,,120.0,1.0,fixture,5,True,2,0.09999999999999999,0.09999999999999999,0.09999999999999999
run.fixture.fixed.107,edge.market,107,fixed,475.0,0.4639194153660048,0.5590464404485521,0.6794382467290517,0.7808633187615743,-0.008027989876467833,2,0.0,,120.0,1.0,fixture,5,True,2,0.09999999999999999,0.09999999999999999,0.09999999999999999
run.fixture.fixed.107,edge.market,107,fixed,480.0,0.3992211233948792,0.5172587084325829,0.6407944002625416,0.7636941549131183,-0.008166706991733566,2,0.0,,120.0,1.0,fixture,5,True,2,0.09999999999999999,0.09999999999999999,0.09999999999999999
run.fixture.fixed.107,edge.market,107,fixed,485.0,0.3575539495378466,0.47742171001312095,0.5998732546377906,0.7437646722651737,-0.008120884582468393,2,0.0,,120.0,1.0,fixture,5,True,2,0.09999999999999999,0.09999999999999999,0.09999999999999999
run.fixture.fixed.107,edge.market,107,fixed,490.0,0.3247921748293176,0.4397351094746545,0.5579061646939621,0.7219875891254911,-0.007853905299635167,2,0.0,,120.0,1.0,fixture,5,True,2,0.09999999999999999,0.09999999999999999,0.09999999999999999
run.fixture.fixed.107,edge.market,107,fixed,495.0,0.2791942189364136,0.39592293666448847,0.518018077344747,0.6975690353319284,-0.007846695789821494,2,0.0,,120.0,1.0,fixture,5,True,2,0.09999999999999999,0.09999999999999999,0.09999999999999999
run.fixture.fixed.107,edge.market,107,fixed,500.0,0.2263185064918553,0.3593202308698959,0.48007478448773405,0.6696115491209389,-0.00821950323059008,2,0.0,,120.0,1.0,fixture,5,True,2,0.09999999999999999,0.09999999999999999,0.09999999999999999
run.fixture.fixed.107,edge.market,107,fixed,505.0,0.1935959267639526,0.32065647361718136,0.43800007562262544,0.6419305927474468,-0.00810458745441894,2,0.0,,120.0,1.0,fixture,5,True,2,0.09999999999999999,0.09999999999999999,0.09999999999999999
run.fixture.fixed.107,edge.market,107,fixed,510.0,0.1253098061218203,0.2722836722965836,0.39442888782379126,0.611145442719181,-0.008214472524547026,2,0.0,,120.0,1.0,fixture,5,True,2,0.09999999999999999,0.09999999999999999,0.09999999999999999
run.fixture.fixed.107,edge.market,107,fixed,515.0,0.1098910705881707,0.23095080760991096,0.3539272056787214,0.5799026260410214,-0.008229130270548899,2,0.0,,120.0,1.0,fixture,5,True,2,0.09999999999999999,0.09999999999999999,0.09999999999999999
run.fixture.fixed.107,edge.market,107,fixed,520.0,0.0934704700379172,0.19322459625277819,0.315840443481747,0.5476447270496554,-0.008141264560005817,2,0.0,,120.0,1.0,fixture,5,True,2,0.09999999999999999,0.09999999999999999,0.09999999999999999
run.fixture.fixed.107,edge.market,107,fixed,525.0,0.0810041802802636,0.15839773988862765,0.27700388591810765,0.5139684137873737,-0.007612412563663065,2,0.0,,120.0,1.0,fixture,5,True,2,0.09999999999999999,0.09999999999999999,0.09999999999999999
run.fixture.fixed.107,edge.market,107,fixed,530.0,0.1231283646177263,0.13610261784310085,0.24935703342300938,0.48306469942247554,-0.007045949047015831,2,0.0,,120.0,1.0,fixture,5,True,2,0.09999999999999999,0.09999999999999999,0.09999999999999999
run.fixture.fixed.107,edge.market,107,fixed,535.0,0.1150550241495821,0.12020783465134753,0.2224964793165962,0.45044928092909664,-0.006278493768852041,2,0.0,,120.0,1.0,fixture,5,True,2,0.09999999999999999,0.09999999999999999,0.09999999999999999
run.fixture.fixed.107,edge.market,107,fixed,540.0,0.1041148665097221,0.10742482604360035,0.19481920632765132,0.4185502304911051,-0.0052019323671986155,2,0.0,,120.0,1.0,fixture,5,True,2,0.09999999999999999,0.09999999999999999,0.09999999999999999
run.fixture.fixed.107,edge.market,107,fixed,545.0,0.087297669328841,0.10199452078746042,0.17082509447641764,0.38646098355787445,-0.0043385431392011075,2,0.0,,120.0,1.0,fixture,5,True,2,0.09999999999999999,0.09999999999999999,0.09999999999999999
run.fixture.fixed.107,edge.market,107,fixed,550.0,0.0938965019984611,0.09970958241750193,0.15054375235800332,0.35540226987384943,-0.0034093888199019156,2,0.0,,120.0,1.0,fixture,5,True,2,0.09999999999999999,0.09999999999999999,0.09999999999999999
run.fixture.fixed.107,edge.market,107,fixed,555.0,0.0930768170770491,0.09965334628023503,0.13271949406936728,0.3272157683778829,-0.002447919209337657,2,0.0,,120.0,1.0,fixture,5,True,2,0.09999999999999999,0.09999999999999999,0.09999999999999999
run.fixture.fixed.107,edge.market,107,fixed,560.0,0.0908105975039046,0.10105426302646947,0.1182284462668666,0.30206493973271814,-0.0015975129514513406,2,0.0,,120.0,1.0,fixture,5,True,2,0.09999999999999999,0.09999999999999999,0.09999999999999999
run.fixture.fixed.107,edge.market,107,fixed,565.0,0.1069569034157833,0.09874405428333477,0.10904678449178415,0.27672053018893483,-0.000840368814672856,2,0.0,,120.0,1.0,fixture,5,True,2,0.09999999999999999,0.09999999999999999,0.09999999999999999
run.fixture.fixed.107,edge.market,107,fixed,570.0,0.0879874339278966,0.09487725568023683,0.100923054273626,0.25257061764578415,-0.000328843658055435,2,0.0,,120.0,1.0,fixture,5,True,2,0.09999999999999999,0.09999999999999999,0.09999999999999999
run.fixture.fixed.107,edge.market,107,fixed,575.0,0.1133277392477329,0.0961933803570955,0.10000135682177312,0.23164720967673028,-5.9464127525762125e-05,2,0.0,,120.0,1.0,fixture,5,True,2,0.09999999999999999,0.09999999999999999,0.09999999999999999
run.fixture.fixed.107,edge.market,107,fixed,580.0,0.1180940746886587,0.10059286683706947,0.10063235713719529,0.2128270375203333,0.00013590323903038863,2,0.0,,120.0,1.0,fixture,5,True,2,0.09999999999999999,0.09999999999999999,0.09999999999999999
run.fixture.fixed.107,edge.market,107,fixed,585.0,0.0861027189413036,0.09947946925747554,0.10006560705284039,0.1928359691336824,-1.4988012475432592e-05,2,0.0,,120.0,1.0,fixture,5,True,2,0.09999999999999999,0.09999999999999999,0.09999999999999999
run.fixture.fixed.107,edge.market,107,fixed,590.0,0.0936698837930418,0.09956419307404593,0.10103989193843871,0.17728126660324395,-0.00020378397617524456,2,0.0,,120.0,1.0,fixture,5,True,2,0.09999999999999999,0.09999999999999999,0.09999999999999999
run.fixture.fixed.107,edge.market,107,fixed,595.0,0.09842141563518,0.10065145280708528,0.09913935740131974,0.16264843412733299,-5.113732679561835e-05,2,0.0,,120.0,1.0,fixture,5,True,2,0.09999999999999999,0.09999999999999999,0.09999999999999999
run.fixture.fixed.107,edge.market,107,fixed,600.0,0.1050888159436788,0.1003845831682132,0.09837272600086565,0.14829521015043995,0.00011051807814063493,2,0.0,,120.0,1.0,fixture,5,True,2,0.09999999999999999,0.09999999999999999,0.09999999999999999
run.fixture.fixed.107,edge.market,107,fixed,605.0,0.0756095877151785,0.09861631942353918,0.09618001224743922,0.13535074872325192,4.601763687749518e-06,2,0.0,,120.0,1.0,fixture,5,True,2,0.09999999999999999,0.09999999999999999,
run.fixture.fixed.107,edge.market,107,fixed,610.0,0.1136660022753396,0.0986646427131973,0.09820834555101604,0.12559523083275165,5.1568290871500766e-05,2,0.0,,120.0,1.0,fixture,5,True,2,0.09999999999999999,0.09999999999999999,
run.fixture.fixed.107,edge.market,107,fixed,615.0,0.1201948905867336,0.09896475927006512,0.10023129851934469,0.11741133946304828,0.00016336649454888762,2,0.0,,120.0,1.0,fixture,5,True,2,0.09999999999999999,0.09999999999999999,
run.fixture.fixed.107,edge.market,107,fixed,620.0,0.085145394627677,0.09882799865383275,0.09962118910016222,0.10964938649069883,8.864523729022615e-06,2,0.0,,120.0,1.0,fixture,5,True,2,0.09999999999999999,0.09999999999999999,
run.fixture.fixed.107,edge.market,107,fixed,625.0,0.1193880663813597,0.10250202473787817,0.10181945593688956,0.105372168886279,7.142180121625498e-05,2,0.0,,120.0,1.0,fixture,5,True,2,0.09999999999999999,0.09999999999999999,
run.fixture.fixed.107,edge.market,107,fixed,630.0,0.1464745148025408,0.10936675319035828,0.10485927219740937,0.1034873124078225,0.0004053695875307206,2,0.0,,120.0,1.0,fixture,5,True,2,0.09999999999999999,0.09999999999999999,
run.fixture.fixed.107,edge.market,107,fixed,635.0,0.104006047156826,0.10921207193509361,0.10609147321501931,0.10263516204922275,0.00026996055661853346,2,0.0,,120.0,1.0,fixture,5,True,2,0.09999999999999999,0.09999999999999999,
run.fixture.fixed.107,edge.market,107,fixed,640.0,0.0971071896424845,0.11228315792470876,0.10484373863000021,0.1021238068113953,0.000266387106941377,2,0.0,,120.0,1.0,fixture,5,True,2,0.09999999999999999,0.09999999999999999,
run.fixture.fixed.107,edge.market,107,fixed,645.0,0.1155691362029933,0.11255503420008786,0.10464951259264134,0.10300775345799833,0.0004390296760057374,2,0.0,,120.0,1.0,fixture,5,True,2,0.09999999999999999,0.09999999999999999,
run.fixture.fixed.107,edge.market,107,fixed,650.0,0.0795503254244301,0.10674866774833018,0.1041454823221126,0.10294959926376501,0.0001308728863698784,2,0.0,,120.0,1.0,fixture,5,True,2,0.09999999999999999,0.09999999999999999,
run.fixture.fixed.107,edge.market,107,fixed,655.0,0.0759909217103462,0.1054408859029972,0.10278556216190525,0.1010641015474698,-0.00013534310634890574,2,0.0,,120.0,1.0,fixture,5,True,2,0.09999999999999999,0.09999999999999999,
run.fixture.fixed.107,edge.market,107,fixed,660.0,0.0946060457425002,0.10190059724030301,0.10249207217016064,0.10024614241118651,-0.00022284434173737522,2,0.0,,120.0,1.0,fixture,5,True,2,0.09999999999999999,0.09999999999999999,
run.fixture.fixed.107,edge.market,107,fixed,665.0,0.0764971167117396,0.0919038260844743,0.1002927106907807,0.09914143241926723,-0.00037426470034825283,2,0.0,,120.0,1.0,fixture,5,True,2,0.09999999999999999,0.09999999999999999,
run.fixture.fixed.107,edge.market,107,fixed,670.0,0.0744759643076692,0.08768524282030901,0.10020550889020306,0.09862856421842035,-0.0007343551829063677,2,0.0,,120.0,1.0,fixture,5,True,2,0.09999999999999999,0.09999999999999999,
run.fixture.fixed.107,edge.market,107,fixed,675.0,0.1389620206662627,0.09366450439513448,0.1021513564587356,0.10043118496513241,-0.00037527548581591294,2,0.0,,120.0,1.0,fixture,5,True,2,0.09999999999999999,0.09999999999999999,
run.fixture.fixed.107,edge.market,107,fixed,680.0,0.1173396926873856,0.09391744103576195,0.10193172585109345,0.10140169998954589,-0.00013633619321384068,2,0.0,,120.0,1.0,fixture,5,True,2,0.09999999999999999,0.09999999999999999,
run.fixture.fixed.107,edge.market,107,fixed,685.0,0.1060405702710802,0.09770176172814053,0.10353904705443216,0.1020108989002329,-0.00023837053611932985,2,0.0,,120.0,1.0,fixture,5,True,2,0.09999999999999999,0.09999999999999999,
run.fixture.fixed.107,edge.market,107,fixed,690.0,0.0700218107413837,0.09684903158971732,0.099741642774434,0.10053349519325692,-0.0003374477697344915,2,0.0,,120.0,1.0,fixture,5,True,2,0.09999999999999999,0.09999999999999999,
run.fixture.fixed.107,edge.market,107,fixed,695.0,0.0973659620572323,0.09724330534896475,0.09596406179402567,0.10090863631843035,6.3720323463174285e-06,2,0.0,,120.0,1.0,fixture,5,True,2,0.09999999999999999,0.09999999999999999,
run.fixture.fixed.107,edge.market,107,fixed,700.0,0.111633532082337,0.10226279325905008,0.09655079140368035,0.10084086803181451,0.00017154864692815354,2,0.0,,120.0,1.0,fixture,5,True,2,0.09999999999999999,0.09999999999999999,
run.fixture.fixed.107,edge.market,107,fixed,705.0,0.089559253527088,0.10441754886182421,0.09597018093326523,0.0996994751853517,0.0001297305814469173,2,0.0,,120.0,1.0,fixture,5,True,2,0.09999999999999999,0.09999999999999999,
run.fixture.fixed.107,edge.market,107,fixed,710.0,0.1120007520212894,0.10056593905539946,0.09569568984236493,0.10073539650855112,0.0003861878489372915,2,0.0,,120.0,1.0,fixture,5,True,2,0.09999999999999999,0.09999999999999999,
run.fixture.fixed.107,edge.market,107,fixed,715.0,0.0900920623903317,0.09667342044153462,0.09650659268589581,0.10059228365244272,0.0002250457438408712,2,0.0,,120.0,1.0,fixture,5,True,2,0.09999999999999999,0.09999999999999999,
run.fixture.fixed.107,edge.market,107,fixed,720.0,0.0732114214154104,0.09198354203358179,0.09629278497090077,0.09958388388365191,-8.636164566655761e-05,2,0.0,,120.0,1.0,fixture,5,True,2,0.09999999999999999,0.09999999999999999,
run.fixture.fixed.107,edge.market,107,fixed,725.0,0.1153031216397846,0.09845230073335334,0.09788486773223036,0.09999245611149615,2.6006316327398125e-05,2,0.0,,120.0,1.0,fixture,5,True,2,0.09999999999999999,,
run.fixture.fixed.107,edge.market,107,fixed,730.0,0.1074959993778815,0.0998994489220175,0.1002693971680874,0.10126791257800428,-7.514474660614876e-05,2,0.0,,120.0,1.0,fixture,5,True,2,0.09999999999999999,,
run.fixture.fixed.107,edge.market,107,fixed,735.0,0.0935759452432261,0.09731979365928738,0.10173862647082256,0.10046431029671975,-0.0003176884186633977,2,0.0,,120.0,1.0,fixture,5,True,2,0.09999999999999999,,
run.fixture.fixed.107,edge.market,107,fixed,740.0,0.1015305271625918,0.09902997560721649,0.09885928081669401,0.09971773575975407,-3.272670051098349e-05,2,0.0,,120.0,1.0,fixture,5,True,2,0.09999999999999999,,
run.fixture.fixed.107,edge.market,107,fixed,745.0,0.0834441715053649,0.09495046410494157,0.09625193303346166,0.09964968683486158,7.792230507551e-06,2,0.0,,120.0,1.0,fixture,5,True,2,0.09999999999999999,,
run.fixture.fixed.107,edge.market,107,fixed,750.0,0.0866674330226497,0.09446123133812986,0.09476169170665931,0.09834086150051319,1.9894934461901155e-05,2,0.0,,120.0,1.0,fixture,5,True,2,0.09999999999999999,,
run.fixture.fixed.107,edge.market,107,fixed,755.0,0.1409005343884303,0.10413110461998984,0.10021390121797061,0.09811790228394875,0.00013380030735607275,2,0.0,,120.0,1.0,fixture,5,True,2,0.09999999999999999,,
run.fixture.fixed.107,edge.market,107,fixed,760.0,0.0903212700024294,0.10056226867179625,0.09967200182913961,0.09757051119777291,4.666694316001169e-05,2,0.0,,120.0,1.0,fixture,5,True,2,0.09999999999999999,,
run.fixture.fixed.107,edge.market,107,fixed,765.0,0.1082851449873263,0.10067500375885978,0.09941443359106185,0.09801762941156657,0.00019546866922759664,2,0.0,,120.0,1.0,fixture,5,True,2,0.09999999999999999,,
run.fixture.fixed.107,edge.market,107,fixed,770.0,0.0799806009775931,0.09873281172091221,0.09867761416417764,0.09659408800255057,-8.475568276391565e-06,2,0.0,,120.0,1.0,fixture,5,True,2,0.09999999999999999,,
run.fixture.fixed.107,edge.market,107,fixed,775.0,0.0936563368683034,0.09760792739315673,0.09726650530625564,0.09715832846030549,6.090278471760398e-05,2,0.0,,120.0,1.0,fixture,5,True,2,0.09999999999999999,,
run.fixture.fixed.107,edge.market,107,fixed,780.0,0.0814087538384814,0.0973171534407448,0.09659855849457484,0.09737504174543091,-9.884184079680525e-05,2,0.0,,120.0,1.0,fixture,5,True,2,0.09999999999999999,,
run.fixture.fixed.107,edge.market,107,fixed,785.0,0.084520754930115,0.09701048514181128,0.09746850722647521,0.09697163011293548,-0.0003583767649076946,2,0.0,,120.0,1.0,fixture,5,True,2,,,
run.fixture.fixed.107,edge.market,107,fixed,790.0,0.1006750734301856,0.09126399071920488,0.09634327274881374,0.09793874838167335,-0.00020004522851711467,2,0.0,,120.0,1.0,fixture,5,True,2,,,
run.fixture.fixed.107,edge.market,107,fixed,795.0,0.0744736917569532,0.08900005096985113,0.09380309523951155,0.09793865747964471,-0.0002584500631849045,2,0.0,,120.0,1.0,fixture,5,True,2,,,
run.fixture.fixed.107,edge.market,107,fixed,800.0,0.1058349534549659,0.08865002360808537,0.09474609587118385,0.09661357479119281,-0.00018086643755992835,2,0.0,,120.0,1.0,fixture,5,True,2,,,
run.fixture.fixed.107,edge.market,107,fixed,805.0,0.113500556162706,0.09343858863453007,0.0956668673327311,0.09646000933020563,-5.022722407194806e-06,2,0.0,,120.0,1.0,fixture,5,True,2,,,
run.fixture.fixed.107,edge.market,107,fixed,810.0,0.1228078376581855,0.09760308874737036,0.09869484165217884,0.09713070002568985,7.990799315452403e-05,2,0.0,,120.0,1.0,fixture,5,True,2,,,
run.fixture.fixed.107,edge.market,107,fixed,815.0,0.1062515475752003,0.10115205928118735,0.10020131200237503,0.09857988949904252,3.721389989235267e-05,2,0.0,,120.0,1.0,fixture,5,True,2,,,
run.fixture.fixed.107,edge.market,107,fixed,820.0,0.0854608205906781,0.10128635437555351,0.09593671863331718,0.09810368384038033,0.00025309478805961104,2,0.0,,120.0,1.0,fixture,5,True,2,,,
run.fixture.fixed.107,edge.market,107,fixed,825.0,0.1290292524796334,0.10533695138261746,0.09891425574694826,0.09879951265627218,0.0004280915602153069,2,0.0,,120.0,1.0,fixture,5,True,2,,,
run.fixture.fixed.107,edge.market,107,fixed,830.0,0.0952207913874589,0.108300822758404,0.09790930547003537,0.09902597417068705,0.0004758228113424615,2,0.0,,120.0,1.0,fixture,5,True,2,,,
run.fixture.fixed.107,edge.market,107,fixed,835.0,0.130650653430681,0.11184592275493475,0.1018070018125806,0.09977197022706269,0.0005537867193828768,2,0.0,,120.0,1.0,fixture,5,True,2,,,
run.fixture.fixed.107,edge.market,107,fixed,840.0,0.1260304339607728,0.1136359052975157,0.10429731697353978,0.10120950508988034,0.000650804233975418,2,0.0,,120.0,1.0,fixture,5,True,2,,,
run.fixture.fixed.107,edge.market,107,fixed,845.0,0.0875407387320986,0.1085977483080747,0.10476900811920263,0.10178267778254786,0.00036425543024568713,2,0.0,,120.0,1.0,fixture,5,True,2,,,
run.fixture.fixed.107,edge.market,107,fixed,850.0,0.1001060577292152,0.1077198211872197,0.10596787756528725,0.10117479522612509,0.00017775490863740256,2,0.0,,120.0,1.0,fixture,5,True,2,,,
run.fixture.fixed.107,edge.market,107,fixed,855.0,0.1003128754067173,0.10984154330379674,0.10594001617886661,0.10088747026727855,9.975530215703871e-05,2,0.0,,120.0,1.0,fixture,5,True,2,,,
run.fixture.fixed.107,edge.market,107,fixed,860.0,0.1110741756146987,0.10727653232309177,0.10875543801407782,0.10158739948213745,-0.0001084417465664792,2,0.0,,120.0,1.0,fixture,5,True,2,,,
run.fixture.fixed.107,edge.market,107,fixed,865.0,0.0854786629039914,0.10588479968259643,0.10718956951015671,0.10094532491179342,-0.00028438025488988875,2,0.0,,120.0,1.0,fixture,5,True,2,,,
run.fixture.fixed.107,edge.market,107,fixed,870.0,0.1045727571625377,0.10215938593000452,0.10650281574091298,0.10179046833808032,-0.0002530879115029313,2,0.0,,120.0,1.0,fixture,5,True,2,,,
run.fixture.fixed.107,edge.market,107,fixed,875.0,0.1052919854856313,0.09919675043355573,0.10515544249687037,0.10253545043659958,-0.0001356481621741204,2,0.0,,120.0,1.0,fixture,5,True,2,,,
run.fixture.fixed.107,edge.market,107,fixed,880.0,0.1166180916124697,0.10335065798789447,0.1059528689612757,0.10156415272556117,-5.1638678391806186e-05,2,0.0,,120.0,1.0,fixture,5,True,2,,,
run.fixture.fixed.107,edge.market,107,fixed,885.0,0.0658494072636006,0.09845685077852095,0.10444429870534667,0.10058527821600803,-0.0004736882484799756,2,0.0,,120.0,1.0,fixture,5,True,2,,,
run.fixture.fixed.107,edge.market,107,fixed,890.0,0.1397322217544554,0.10408818597105496,0.10526760403417913,0.10184316128669316,-5.190559494738198e-05,2,0.0,,120.0,1.0,fixture,5,True,2,,,
run.fixture.fixed.107,edge.market,107,fixed,895.0,0.0849478686526428,0.10035585640504698,0.10447737920842405,0.10204185199369517,-0.0002631650463938226,2,0.0,,120.0,1.0,fixture,5,True,2,,,
run.fixture.fixed.107,edge.market,107,fixed,900.0,0.1039900540586939,0.10300034085571877,0.10242656387211735,0.10245520068131078,-6.50453006164407e-05,2,0.0,,120.0,1.0,fixture,5,True,2,,,
run.fixture.fixed.200,edge.market,200,fixed,0.0,0.0883307845311038,0.0883307845311038,0.0883307845311038,0.0883307845311038,0.0,2,0.0,,0.0,1.0,fixture,5,False,2,0.09999999999999999,0.18925000000000003,0.60925
run.fixture.fixed.200,edge.market,200,fixed,5.0,0.1161654285870511,0.10224810655907746,0.10224810655907746,0.10224810655907746,0.005566928811189468,2,0.0,,5.0,1.0,fixture,5,False,2,0.09999999999999999,0.20675000000000002,0.62675
run.fixture.fixed.200,edge.market,200,fixed,10.0,0.1011369921662111,0.10187773509478866,0.10187773509478866,0.10187773509478866,0.0012806207635107307,2,0.0,,10.0,1.0,fixture,5,False,2,0.09999999999999999,0.22424999999999998,0.64425
run.fixture.fixed.200,edge.market,200,fixed,15.0,0.0717197176844475,0.09433823074220338,0.09433823074220338,0.09433823074220338,-0.0012972327392161756,2,0.0,,15.0,1.0,fixture,5,False,2,0.09999999999999999,0.24175000000000002,0.66175
run.fixture.fixed.200,edge.market,200,fixed,20.0,0.1063222696714148,0.09673503852804566,0.09673503852804566,0.09673503852804566,-0.00016925481243963006,2,0.0,,20.0,1.0,fixture,5,False,2,0.09999999999999999,0.25925000000000004,0.67925
run.fixture.fixed.200,edge.market,200,fixed,25.0,0.0801810839218315,0.09397604609367664,0.09397604609367664,0.09397604609367664,-0.0005696871672859084,2,0.0,,25.0,1.0,fixture,5,False,2,0.10175,0.27675,0.6967499999999999
run.fixture.fixed.200,edge.market,200,fixed,30.0,0.1000254399365921,0.09484024521409314,0.09484024521409314,0.09484024521409314,-0.0002264246114912189,2,0.0,,30.0,1.0,fixture,5,False,2,0.10641666666666666,0.29424999999999996,0.7142499999999998
run.fixture.fixed.200,edge.market,200,fixed,35.0,0.0735199660497276,0.09272441400246796,0.09217521031854745,0.09217521031854745,-0.0005062877270669021,2,0.0,,35.0,1.0,fixture,5,False,2,0.11399999999999999,0.31175,0.7317499999999999
run.fixture.fixed.200,edge.market,200,fixed,40.0,0.1074874254529028,0.09148469926901821,0.09387656755569804,0.09387656755569804,-0.00015023854048876273,2,0.0,,40.0,1.0,fixture,5,False,2,0.1245,0.32925,0.74925
run.fixture.fixed.200,edge.market,200,fixed,45.0,0.1169847472166267,0.09374866427622043,0.0961873855217909,0.0961873855217909,0.0001428248395819387,2,0.0,,45.0,1.0,fixture,5,False,2,0.13791666666666666,0.34674999999999995,0.76675
run.fixture.fixed.200,edge.market,200,fixed,50.0,0.0871092914071833,0.09594717480803983,0.09536210423864476,0.09536210423864476,2.4590501371841854e-05,2,0.0,,50.0,1.0,fixture,5,False,2,0.15425,0.36425,0.7842500000000001
run.fixture.fixed.200,edge.market,200,fixed,55.0,0.0859292455972265,0.09303388565458436,0.09457603268519323,0.09457603268519323,-5.364468080179987e-05,2,0.0,,55.0,1.0,fixture,5,False,2,0.17174999999999999,0.38175,0.8017500000000001
run.fixture.fixed.200,edge.market,200,fixed,60.0,0.1362111642614554,0.10103818284595921,0.09777873511413647,0.09777873511413647,0.00023236795899371927,2,0.0,,60.0,1.0,fixture,5,True,2,0.18925000000000003,0.39925000000000005,0.8192499999999999
run.fixture.fixed.200,edge.market,200,fixed,65.0,0.1053281572952087,0.10179571389719015,0.09908622532675992,0.09831797955564163,0.0002094678260324061,2,0.0,,65.0,1.0,fixture,5,True,2,0.20675000000000002,0.41674999999999995,0.83675
run.fixture.fixed.200,edge.market,200,fixed,70.0,0.1177531677879859,0.10811474271694134,0.09920835911144722,0.09961365877113125,0.00046392505415261936,2,0.0,,70.0,1.0,fixture,5,True,2,0.22424999999999998,0.43424999999999997,0.85425
run.fixture.fixed.200,edge.market,200,fixed,75.0,0.0826978667493714,0.10457337718786543,0.09778996484861341,0.09855642176977125,0.0003699003038349183,2,0.0,,75.0,1.0,fixture,5,True,2,0.24175000000000002,0.45175000000000004,0.8691666666666668
run.fixture.fixed.200,edge.market,200,fixed,80.0,0.0799153518865726,0.09927774928357198,0.09842039824877687,0.09745988824723015,5.150535007513154e-05,2,0.0,,80.0,1.0,fixture,5,True,2,0.25925000000000004,0.46925,0.8811666666666667
run.fixture.fixed.200,edge.market,200,fixed,85.0,0.0943012497420394,0.10030517190283714,0.09749570440805569,0.09728440833027512,8.512975547957167e-05,2,0.0,,85.0,1.0,fixture,5,True,2,0.27675,0.48675,0.89025
run.fixture.fixed.200,edge.market,200,fixed,90.0,0.0836873464943298,0.09998490060242331,0.09776541691363247,0.0965687734968043,-0.0001391037509884775,2,0.0,,90.0,1.0,fixture,5,True,2,0.29424999999999996,0.50425,0.8964166666666666
run.fixture.fixed.200,edge.market,200,fixed,95.0,0.0860585136096423,0.09282023622359288,0.09669103796540557,0.0960432605024462,-0.00019890733193707476,2,0.0,,95.0,1.0,fixture,5,True,2,0.31175,0.5217499999999999,0.8996666666666666
run.fixture.fixed.200,edge.market,200,fixed,100.0,0.0954860749675351,0.09141422446249665,0.09838073865139076,0.09601672785792663,-0.0003850911576480286,2,0.0,,100.0,1.0,fixture,5,True,2,0.32925,0.5392499999999999,0.9
run.fixture.fixed.200,edge.market,200,fixed,105.0,0.1232424999958666,0.09219841477790816,0.09959266746238796,0.09725426295510572,-0.00015111601954095367,2,0.0,,105.0,1.0,fixture,5,True,2,0.34674999999999995,0.55675,0.9
run.fixture.fixed.200,edge.market,200,fixed,110.0,0.1292679575968431,0.09885128489897554,0.1005375297993277,0.09864616272213779,0.00017833046297157596,2,0.0,,110.0,1.0,fixture,5,True,2,0.36425,0.57425,0.9
run.fixture.fixed.200,edge.market,200,fixed,115.0,0.113947220676793,0.10371298044043561,0.10260198589699,0.09928370680358174,0.0001634518657405652,2,0.0,,115.0,1.0,fixture,5,True,2,0.38175,0.59175,0.8973333333333334
run.fixture.fixed.200,edge.market,200,fixed,120.0,0.0934737714681409,0.10359476925845011,0.1031823340409065,0.09905130939016411,-2.4986011920355434e-05,2,0.0,,120.0,1.0,fixture,5,True,2,0.39925000000000005,0.60925,0.888
run.fixture.fixed.200,edge.market,200,fixed,125.0,0.128602082962343,0.11001116018245201,0.10259702009482088,0.1006621613274137,0.0003966846529944372,2,0.0,,120.0,1.0,fixture,5,True,2,0.41674999999999995,0.62675,0.872
run.fixture.fixed.200,edge.market,200,fixed,130.0,0.0985188196869307,0.1117912039077789,0.10207322489418412,0.09995629697140887,0.0003908041672311115,2,0.0,,120.0,1.0,fixture,5,True,2,0.43424999999999997,0.64425,0.8493333333333334
run.fixture.fixed.200,edge.market,200,fixed,135.0,0.0924739341371545,0.11136089807486739,0.1001286684595048,0.09960977465024659,0.0004481270855986221,2,0.0,,120.0,1.0,fixture,5,True,2,0.45175000000000004,0.66175,0.82
run.fixture.fixed.200,edge.market,200,fixed,140.0,0.0764978723461997,0.10468309412491499,0.09965174581310698,0.0998009008367167,0.00015823654861976016,2,0.0,,120.0,1.0,fixture,5,True,2,0.46925,0.67925,0.7839999999999999
run.fixture.fixed.200,edge.market,200,fixed,145.0,0.1168098249824487,0.10290336089428721,0.10248978220509744,0.10022040304915805,0.00011954832612559456,2,0.0,,120.0,1.0,fixture,5,True,2,0.48675,0.6967499999999999,0.7440000000000001
run.fixture.fixed.200,edge.market,200,fixed,150.0,0.1316988474973743,0.10543930758294169,0.10536652049396936,0.10228111359217977,0.0002491468585566445,2,0.0,,120.0,1.0,fixture,5,True,2,0.50425,0.7142499999999998,0.7040000000000002
run.fixture.fixed.200,edge.market,200,fixed,155.0,0.1331429808914535,0.11110633750055776,0.10917080006297888,0.10360581523037421,0.0002655254787626086,2,0.0,,120.0,1.0,fixture,5,True,2,0.5217499999999999,0.7317499999999999,0.6640000000000001
run.fixture.fixed.200,edge.market,200,fixed,160.0,0.1738370451806122,0.1175684749603105,0.11592299479920733,0.10761849839560961,0.0005141095068202387,2,0.0,,120.0,1.0,fixture,5,True,2,0.5392499999999999,0.74925,0.6240000000000001
run.fixture.fixed.200,edge.market,200,fixed,165.0,0.1563071318729341,0.12582394812973957,0.12060153763808418,0.10957128665241087,0.000623171466842939,2,0.0,,120.0,1.0,fixture,5,True,2,0.55675,0.76675,0.5840000000000001
run.fixture.fixed.200,edge.market,200,fixed,170.0,0.1773177019144742,0.13794448638364237,0.12476116855490015,0.11198460484032476,0.0010174392933954832,2,0.0,,120.0,1.0,fixture,5,True,2,0.57425,0.7842500000000001,0.544
run.fixture.fixed.200,edge.market,200,fixed,175.0,0.2317778370352929,0.16012733848208427,0.13264654389631939,0.11777134666544914,0.0017577113089734578,2,0.0,,120.0,1.0,fixture,5,True,2,0.59175,0.8017500000000001,0.504
run.fixture.fixed.200,edge.market,200,fixed,180.0,0.2438256618022024,0.17827245802776334,0.14263719321365856,0.12408720331364817,0.0023469194901807266,2,0.0,,120.0,1.0,fixture,5,True,2,0.60925,0.8192499999999999,0.46399999999999997
run.fixture.fixed.200,edge.market,200,fixed,185.0,0.2716956750703462,0.1982720048239022,0.1563465704138282,0.12950658374600382,0.0028196743681164435,2,0.0,,120.0,1.0,fixture,5,True,2,0.62675,0.83675,0.424
run.fixture.fixed.200,edge.market,200,fixed,190.0,0.2404713374428227,0.21360462718838355,0.1649518976815574,0.13491231095190837,0.003160924027472015,2,0.0,,120.0,1.0,fixture,5,True,2,0.64425,0.85425,0.38399999999999995
run.fixture.fixed.200,edge.market,200,fixed,195.0,0.270333118164378,0.22738978047177863,0.17816838217982262,0.14101550896696405,0.0033447215845429368,2,0.0,,120.0,1.0,fixture,5,True,2,0.66175,0.8691666666666668,0.3439999999999999
run.fixture.fixed.200,edge.market,200,fixed,200.0,0.3191188662551747,0.25064859966924163,0.19560260772736257,0.1504723489471962,0.0036148773737225337,2,0.0,,120.0,1.0,fixture,5,True,2,0.67925,0.8811666666666667,0.304
run.fixture.fixed.200,edge.market,200,fixed,205.0,0.32847815113014,0.2722429495571938,0.214985706095358,0.16041486091693888,0.0035747895855341018,2,0.0,,120.0,1.0,fixture,5,True,2,0.6967499999999999,0.89025,0.26399999999999996
run.fixture.fixed.200,edge.market,200,fixed,210.0,0.3225256740145925,0.28520692626852234,0.23081000217475367,0.169543837887841,0.003528645233583598,2,0.0,,120.0,1.0,fixture,5,True,2,0.7142499999999998,0.8964166666666666,0.22399999999999998
run.fixture.fixed.200,edge.market,200,fixed,215.0,0.3423801685080614,0.2992861415122165,0.24701625763711418,0.17989155076839025,0.003501879206394796,2,0.0,,120.0,1.0,fixture,5,True,2,0.7317499999999999,0.8996666666666666,0.18666666666666665
run.fixture.fixed.200,edge.market,200,fixed,220.0,0.3667868678678057,0.3128705976261393,0.2649888643276028,0.19112068493871678,0.0034156272549272387,2,0.0,,120.0,1.0,fixture,5,True,2,0.74925,0.9,0.156
run.fixture.fixed.200,edge.market,200,fixed,225.0,0.4022858037535591,0.3359869499562445,0.282561845756291,0.20339267409015777,0.003619713961000653,2,0.0,,120.0,1.0,fixture,5,True,2,0.76675,0.9,0.132
run.fixture.fixed.200,edge.market,200,fixed,230.0,0.4224415287144208,0.3577167228919649,0.3030337224364054,0.21536063523889992,0.0035708074781053527,2,0.0,,120.0,1.0,fixture,5,True,2,0.7842500000000001,0.9,0.11466666666666668
run.fixture.fixed.200,edge.market,200,fixed,235.0,0.4470311905324532,0.3759899120744333,0.3237809138685577,0.2280711645563243,0.003553195021976525,2,0.0,,120.0,1.0,fixture,5,True,2,0.8017500000000001,0.8973333333333334,0.104
run.fixture.fixed.200,edge.market,200,fixed,240.0,0.4440279736390993,0.39249702957571314,0.3401078474534659,0.24127439467481662,0.003638316803064875,2,0.0,,120.0,1.0,fixture,5,True,2,0.8192499999999999,0.888,0.09999999999999999
run.fixture.fixed.200,edge.market,200,fixed,245.0,0.4241245674131096,0.4070111572040727,0.35397699403892025,0.25450042651261534,0.0034516410010857696,2,0.0,,120.0,1.0,fixture,5,True,2,0.83675,0.872,0.09999999999999999
run.fixture.fixed.200,edge.market,200,fixed,250.0,0.4696541605293298,0.42519315606425395,0.3692045698434574,0.2681425096152948,0.00358141437049505,2,0.0,,120.0,1.0,fixture,5,True,2,0.85425,0.8493333333333334,0.09999999999999999
run.fixture.fixed.200,edge.market,200,fixed,255.0,0.4705053472197671,0.4400100816859626,0.38689949367245313,0.28302197071660823,0.0032590759501141837,2,0.0,,120.0,1.0,fixture,5,True,2,0.8691666666666668,0.82,0.09999999999999999
run.fixture.fixed.200,edge.market,200,fixed,260.0,0.5010007191294719,0.4541122124539502,0.4046431552851527,0.29936304211630094,0.0031147272953730705,2,0.0,,120.0,1.0,fixture,5,True,2,0.8811666666666667,0.7839999999999999,0.09999999999999999
run.fixture.fixed.200,edge.market,200,fixed,265.0,0.553243265954307,0.47279817491679105,0.42265272449277824,0.3184328578606252,0.0034366290984555793,2,0.0,,120.0,1.0,fixture,5,True,2,0.89025,0.7440000000000001,0.09999999999999999
run.fixture.fixed.200,edge.market,200,fixed,270.0,0.5543918722594657,0.4881354151635072,0.44003070304118785,0.3359361397517059,0.0035808190688530013,2,0.0,,120.0,1.0,fixture,5,True,2,0.8964166666666666,0.7040000000000002,0.09999999999999999
run.fixture.fixed.200,edge.market,200,fixed,275.0,0.5692006320918657,0.5060172235139024,0.45900569981636274,0.35343621113548557,0.0035286040920594823,2,0.0,,120.0,1.0,fixture,5,True,2,0.8996666666666666,0.6640000000000001,0.09999999999999999
run.fixture.fixed.200,edge.market,200,fixed,280.0,0.5551818475829745,0.5247396921095974,0.4753750597452022,0.37031776580314635,0.0032656130672699896,2,0.0,,120.0,1.0,fixture,5,True,2,0.9,0.6240000000000001,0.09999999999999999
run.fixture.fixed.200,edge.market,200,fixed,285.0,0.5625670303245094,0.5380129592231945,0.4904350722418718,0.3858669652089023,0.00300521139730742,2,0.0,,120.0,1.0,fixture,5,True,2,0.9,0.5840000000000001,0.09999999999999999
run.fixture.fixed.200,edge.market,200,fixed,290.0,0.6258001250277214,0.5601979274814737,0.5076284815706535,0.4046466849350938,0.003219656932798532,2,0.0,,120.0,1.0,fixture,5,True,2,0.9,0.544,0.09999999999999999
run.fixture.fixed.200,edge.market,200,fixed,295.0,0.5952036668237328,0.5736554914377966,0.5209178768098314,0.4213621235314642,0.003141791483924742,2,0.0,,120.0,1.0,fixture,5,True,2,0.8973333333333334,0.504,0.09999999999999999
run.fixture.fixed.200,edge.market,200,fixed,300.0,0.5952036668237328,0.5796498344191432,0.5323157596014683,0.4358991567230018,0.0030632287763882123,2,5.0,,120.0,1.0,fixture,5,True,2,0.888,0.46399999999999997,0.09999999999999999
run.fixture.fixed.200,edge.market,200,fixed,305.0,0.5952036668237328,0.585480090785467,0.5439446590772092,0.44995427692386303,0.002798737503417887,2,10.0,,120.0,1.0,fixture,5,True,2,0.872,0.424,0.09999999999999999
run.fixture.fixed.200,edge.market,200,fixed,310.0,0.5952036668237328,0.5891948100328767,0.5571045898011033,0.4628945965939984,0.002215015970264534,2,15.0,,120.0,1.0,fixture,5,True,2,0.8493333333333334,0.38399999999999995,0.09999999999999999
run.fixture.fixed.200,edge.market,200,fixed,315.0,,0.5948636371078604,0.5643921255737512,0.47216223239196414,0.00202410733241146,2,20.0,,120.0,0.9230769230769231,fixture,5,False,0,0.82,0.3439999999999999,0.09999999999999999
run.fixture.fixed.200,edge.market,200,fixed,320.0,,0.6013229584645305,0.5729272872422951,0.48093741127142414,0.0016071201319096187,2,25.0,,120.0,0.8461538461538461,fixture,5,False,0,0.7839999999999999,0.304,0.09999999999999999
run.fixture.fixed.200,edge.market,200,fixed,325.0,,0.5952036668237328,0.5801199440535776,0.4882927996812537,0.0011838059343751812,2,30.0,,120.0,0.7692307692307693,fixture,5,False,0,0.7440000000000001,0.26399999999999996,0.09999999999999999
run.fixture.fixed.200,edge.market,200,fixed,330.0,,0.5952036668237328,0.5831062416201631,0.49590302104083067,0.0011797885247780263,2,35.0,,120.0,0.6923076923076923,fixture,5,False,0,0.7040000000000002,0.22399999999999998,0.09999999999999999
run.fixture.fixed.200,edge.market,200,fixed,335.0,,0.5952036668237328,0.5866955377902503,0.5045718883921426,0.0010701042633822462,2,40.0,,120.0,0.6153846153846154,fixture,5,False,0,0.6640000000000001,0.18666666666666665,0.09999999999999999
run.fixture.fixed.200,edge.market,200,fixed,340.0,,0.5952036668237328,0.5891948100328767,0.5131082947018311,0.001105301946548095,2,45.0,,120.0,0.5384615384615384,fixture,5,False,0,0.6240000000000001,0.156,0.09999999999999999
run.fixture.fixed.200,edge.market,200,fixed,345.0,,,0.5948636371078604,0.521237262859277,0.0004079646164808708,2,50.0,,120.0,0.46153846153846156,fixture,5,False,0,0.5840000000000001,0.132,0.09999999999999999
run.fixture.fixed.200,edge.market,200,fixed,350.0,,,0.6013229584645305,0.5282344075125546,-0.0012238583281595483,2,55.0,,120.0,0.38461538461538464,fixture,5,False,0,0.544,0.11466666666666668,0.09999999999999999
run.fixture.fixed.200,edge.market,200,fixed,355.0,0.8547906233675677,0.8547906233675677,0.6471210581324998,0.5536667071980337,0.004679249860446818,2,0.0,,120.0,0.38461538461538464,fixture,5,False,2,0.504,0.104,0.09999999999999999
run.fixture.fixed.200,edge.market,200,fixed,360.0,0.8704879146021036,0.8626392689848357,0.702177907688174,0.5785759262609543,0.005011182838052175,2,0.0,,120.0,0.38461538461538464,fixture,5,False,2,0.46399999999999997,0.09999999999999999,0.09999999999999999
run.fixture.fixed.200,edge.market,200,fixed,365.0,0.8686781918553561,0.8646522432750091,0.7568728126944986,0.6035553508619107,0.005057773934382591,2,0.0,,120.0,0.38461538461538464,fixture,5,False,2,0.424,0.09999999999999999,0.09999999999999999
run.fixture.fixed.200,edge.market,200,fixed,370.0,0.8810946463992165,0.868762844056061,0.8140510086095955,0.6304359437434464,0.00501383747194347,2,0.0,,120.0,0.38461538461538464,fixture,5,False,2,0.38399999999999995,0.09999999999999999,0.09999999999999999
run.fixture.fixed.200,edge.market,200,fixed,375.0,0.9061294489845244,0.8762361650417537,0.8762361650417537,0.656110960711399,0.0022656876606205554,2,0.0,,120.0,0.38461538461538464,fixture,5,False,2,0.3439999999999999,0.09999999999999999,0.09999999999999999
run.fixture.fixed.200,edge.market,200,fixed,380.0,0.8837058821584753,0.8774811178945406,0.8774811178945406,0.680416874531323,0.001508099152260933,2,0.0,,120.0,0.46153846153846156,fixture,5,False,2,0.304,0.09999999999999999,0.09999999999999999
run.fixture.fixed.200,edge.market,200,fixed,385.0,0.8865597007319161,0.87877805829988,0.87877805829988,0.7030968146255843,0.001137103030963984,2,0.0,,120.0,0.5384615384615384,fixture,5,False,2,0.26399999999999996,0.09999999999999999,0.09999999999999999
run.fixture.fixed.200,edge.market,200,fixed,390.0,0.905991296758832,0.8860924402129177,0.882179713107249,0.7238466987905566,0.0012116226616252206,2,0.0,,120.0,0.6153846153846154,fixture,5,False,2,0.22399999999999998,0.09999999999999999,0.09999999999999999
run.fixture.fixed.200,edge.market,200,fixed,395.0,0.8894342945465072,0.8887990659192609,0.8829857777116109,0.7435550765721473,0.0009448636156610592,2,0.0,,120.0,0.6923076923076923,fixture,5,False,2,0.18666666666666665,0.09999999999999999,0.09999999999999999
run.fixture.fixed.200,edge.market,200,fixed,400.0,0.9053860585102544,0.8940430468699608,0.8852258057914753,0.7633306898908758,0.0009315402382841446,2,0.0,,120.0,0.7692307692307693,fixture,5,False,2,0.156,0.09999999999999999,0.09999999999999999
run.fixture.fixed.200,edge.market,200,fixed,405.0,0.8477269462531702,0.8892762325633827,0.8818168185607203,0.7805392251067698,0.0003577564556376298,2,0.0,,120.0,0.8461538461538461,fixture,5,True,2,0.132,0.09999999999999999,0.09999999999999999
run.fixture.fixed.200,edge.market,200,fixed,410.0,0.9182803672924053,0.8910120780359373,0.884855447621694,0.8014635390460577,0.0005556861099649947,2,0.0,,120.0,0.9230769230769231,fixture,5,True,2,0.11466666666666668,0.09999999999999999,0.09999999999999999
run.fixture.fixed.200,edge.market,200,fixed,415.0,0.8338465827656905,0.8838893209798251,0.8809316887866169,0.8137015659718206,0.00010028832910871868,2,0.0,,120.0,1.0,fixture,5,True,2,0.104,0.09999999999999999,0.09999999999999999
run.fixture.fixed.200,edge.market,200,fixed,420.0,0.8313246014989705,0.8759985925179757,0.8791266101813402,0.8275910327174228,-0.0004278764859014148,2,0.0,,120.0,1.0,fixture,5,True,2,0.09999999999999999,0.09999999999999999,0.09999999999999999
run.fixture.fixed.200,edge.market,200,fixed,425.0,0.782055885509874,0.8582935337681246,0.872324146405015,0.8385823396989606,-0.001134354746432688,2,0.0,,120.0,1.0,fixture,5,True,2,0.09999999999999999,0.09999999999999999,0.09999999999999999
run.fixture.fixed.200,edge.market,200,fixed,430.0,0.7698622445783393,0.8412118123441006,0.864722919691398,0.8488563736845256,-0.0018379735297378026,2,0.0,,120.0,1.0,fixture,5,True,2,0.09999999999999999,0.09999999999999999,0.09999999999999999
run.fixture.fixed.200,edge.market,200,fixed,435.0,0.7212332240997354,0.8149042645711694,0.8524258872068227,0.8562698770537024,-0.002658123075446863,2,0.0,,120.0,1.0,fixture,5,True,2,0.09999999999999999,0.09999999999999999,0.09999999999999999
run.fixture.fixed.200,edge.market,200,fixed,440.0,0.6615054585506934,0.788301194899387,0.8336086571734511,0.845449631581313,-0.003503834767197274,2,0.0,,120.0,1.0,fixture,5,True,2,0.09999999999999999,0.09999999999999999,0.09999999999999999
run.fixture.fixed.200,edge.market,200,fixed,445.0,0.6496471675169914,0.7499250235028991,0.8156041406625677,0.8351442387358224,-0.0043314043969155044,2,0.0,,120.0,1.0,fixture,5,True,2,0.09999999999999999,0.09999999999999999,0.09999999999999999
run.fixture.fixed.200,edge.market,200,fixed,450.0,0.5901076844489708,0.7151051808862251,0.7928001394100335,0.8228924110214798,-0.005272382217570599,2,0.0,,120.0,1.0,fixture,5,True,2,0.09999999999999999,0.09999999999999999,0.09999999999999999
run.fixture.fixed.200,edge.market,200,fixed,455.0,0.5857203360459559,0.68001885725008,0.7681639116628892,0.811598502689312,-0.005767042348057283,2,0.0,,120.0,1.0,fixture,5,True,2,0.09999999999999999,0.09999999999999999,0.09999999999999999
run.fixture.fixed.200,edge.market,200,fixed,460.0,0.5244406587593585,0.6432166820000064,0.7400874781408007,0.7985458734197688,-0.006441159751613163,2,0.0,,120.0,1.0,fixture,5,True,2,0.09999999999999999,0.09999999999999999,0.09999999999999999
run.fixture.fixed.200,edge.market,200,fixed,465.0,0.5124673667483508,0.6064459851671508,0.7098629633898851,0.7861076774775332,-0.006670424153556601,2,0.0,,120.0,1.0,fixture,5,True,2,0.09999999999999999,0.09999999999999999,0.09999999999999999
run.fixture.fixed.200,edge.market,200,fixed,470.0,0.4206518295259546,0.563505785942325,0.6770110313339455,0.7708803504795506,-0.00751681857459021,2,0.0,,120.0,1.0,fixture,5,True,2,0.09999999999999999,0.09999999999999999,0.09999999999999999
run.fixture.fixed.200,edge.market,200,fixed,475.0,0.3870948872280758,0.5243042757533797,0.6361506097905354,0.7555289319494917,-0.007572435621761637,2,0.0,,120.0,1.0,fixture,5,True,2,0.09999999999999999,0.09999999999999999,0.09999999999999999
run.fixture.fixed.200,edge.market,200,fixed,480.0,0.3792615068881009,0.4856777528063953,0.601182527030721,0.736507767290313,-0.007745471672957813,2,0.0,,120.0,1.0,fixture,5,True,2,0.09999999999999999,0.09999999999999999,0.09999999999999999
run.fixture.fixed.200,edge.market,200,fixed,485.0,0.2908951245393708,0.44293310139073816,0.5596110288030594,0.7133240556878038,-0.008020999028639519,2,0.0,,120.0,1.0,fixture,5,True,2,0.09999999999999999,0.09999999999999999,0.09999999999999999
run.fixture.fixed.200,edge.market,200,fixed,490.0,0.2951652821557649,0.40142523654928225,0.5221579054681279,0.69038353929982,-0.008053483075822005,2,0.0,,120.0,1.0,fixture,5,True,2,0.09999999999999999,0.09999999999999999,0.09999999999999999
run.fixture.fixed.200,edge.market,200,fixed,495.0,0.2329162497371557,0.3597788924032534,0.48085436740342147,0.6644564034333375,-0.008055152922650967,2,0.0,,120.0,1.0,fixture,5,True,2,0.09999999999999999,0.09999999999999999,0.09999999999999999
run.fixture.fixed.200,edge.market,200,fixed,500.0,0.198672544067838,0.3149510605917515,0.44065739201635246,0.6361581272366701,-0.008066624288738113,2,0.0,,120.0,1.0,fixture,5,True,2,0.09999999999999999,0.09999999999999999,0.09999999999999999
run.fixture.fixed.200,edge.market,200,fixed,505.0,0.1529806186928267,0.27671231618701897,0.4015400966426703,0.6069291166980441,-0.00826456294170599,2,0.0,,120.0,1.0,fixture,5,True,2,0.09999999999999999,0.09999999999999999,0.09999999999999999
run.fixture.fixed.200,edge.market,200,fixed,510.0,0.127769002757866,0.23966576126270328,0.3613956224304299,0.5765774887790821,-0.008161131147407725,2,0.0,,120.0,1.0,fixture,5,True,2,0.09999999999999999,0.09999999999999999,0.09999999999999999
run.fixture.fixed.200,edge.market,200,fixed,515.0,0.0811116891205994,0.1970729301530602,0.3222420843282476,0.5435823044735527,-0.008249833527329921,2,0.0,,120.0,1.0,fixture,5,True,2,0.09999999999999999,0.09999999999999999,0.09999999999999999
run.fixture.fixed.200,edge.market,200,fixed,520.0,0.0957668639196539,0.1691974643502435,0.28455335570314744,0.5118356072484787,-0.007716320956371241,2,0.0,,120.0,1.0,fixture,5,True,2,0.09999999999999999,0.09999999999999999,0.09999999999999999
run.fixture.fixed.200,edge.market,200,fixed,525.0,0.0907076728140042,0.13998923444427772,0.25118927986119705,0.47924847182062863,-0.007149137413449681,2,0.0,,120.0,1.0,fixture,5,True,2,0.09999999999999999,0.09999999999999999,0.09999999999999999
run.fixture.fixed.200,edge.market,200,fixed,530.0,0.1066740792746081,0.12195463866391376,0.21997441159398606,0.44960635714148617,-0.006092153452251282,2,0.0,,120.0,1.0,fixture,5,True,2,0.09999999999999999,0.09999999999999999,0.09999999999999999
run.fixture.fixed.200,edge.market,200,fixed,535.0,0.1065052926152054,0.10878788845639482,0.1958092933700823,0.4171353541543981,-0.005296629043843486,2,0.0,,120.0,1.0,fixture,5,True,2,0.09999999999999999,0.09999999999999999,0.09999999999999999
run.fixture.fixed.200,edge.market,200,fixed,540.0,0.112182939224079,0.10295964853228799,0.1746622204466979,0.3882688084127337,-0.00437658395359081,2,0.0,,120.0,1.0,fixture,5,True,2,0.09999999999999999,0.09999999999999999,0.09999999999999999
run.fixture.fixed.200,edge.market,200,fixed,545.0,0.0927880408703524,0.09796236826264319,0.1526257999837942,0.35872734598758904,-0.003342573044105371,2,0.0,,120.0,1.0,fixture,5,True,2,0.09999999999999999,0.09999999999999999,0.09999999999999999
run.fixture.fixed.200,edge.market,200,fixed,550.0,0.1110400186576079,0.10223784391078727,0.13879079183904322,0.33188671131349834,-0.0025531548200043636,2,0.0,,120.0,1.0,fixture,5,True,2,0.09999999999999999,0.09999999999999999,0.09999999999999999
run.fixture.fixed.200,edge.market,200,fixed,555.0,0.0910577576855526,0.10156511444877281,0.12309021303364226,0.30473453183778687,-0.001664997427371277,2,0.0,,120.0,1.0,fixture,5,True,2,0.09999999999999999,0.09999999999999999,0.09999999999999999
run.fixture.fixed.200,edge.market,200,fixed,560.0,0.078663341716162,0.09984449572050962,0.11122460472433504,0.2790317365424439,-0.0011131061866902737,2,0.0,,120.0,1.0,fixture,5,True,2,0.09999999999999999,0.09999999999999999,0.09999999999999999
run.fixture.fixed.200,edge.market,200,fixed,565.0,0.1007790064114552,0.09900234245434492,0.10369433259692099,0.25660267845687446,-0.0005093018069900072,2,0.0,,120.0,1.0,fixture,5,True,2,0.09999999999999999,0.09999999999999999,0.09999999999999999
run.fixture.fixed.200,edge.market,200,fixed,570.0,0.0854873121472967,0.09599977381607225,0.09850253978572637,0.2340362842420866,-0.0002502228180080359,2,0.0,,120.0,1.0,fixture,5,True,2,0.09999999999999999,0.09999999999999999,0.09999999999999999
run.fixture.fixed.200,edge.market,200,fixed,575.0,0.1062325631065711,0.09514972008499971,0.0968458905817806,0.21468127938839068,2.5871006970035684e-05,2,0.0,,120.0,1.0,fixture,5,True,2,0.09999999999999999,0.09999999999999999,0.09999999999999999
run.fixture.fixed.200,edge.market,200,fixed,580.0,0.1063338945903187,0.0970848420449949,0.09878606023329747,0.19550582173016515,-3.2603043773963905e-05,2,0.0,,120.0,1.0,fixture,5,True,2,0.09999999999999999,0.09999999999999999,0.09999999999999999
run.fixture.fixed.200,edge.market,200,fixed,585.0,0.0868639928392515,0.09363112407094397,0.09810122399634344,0.1780027550933609,-0.00013443466856493104,2,0.0,,120.0,1.0,fixture,5,True,2,0.09999999999999999,0.09999999999999999,0.09999999999999999
run.fixture.fixed.200,edge.market,200,fixed,590.0,0.1148704063355168,0.09703293102093886,0.09995989580569056,0.16209887667684753,-8.074210179716851e-05,2,0.0,,120.0,1.0,fixture,5,True,2,0.09999999999999999,0.09999999999999999,0.09999999999999999
run.fixture.fixed.200,edge.market,200,fixed,595.0,0.0832698573153439,0.09769100467796485,0.09815957103959333,0.1486035977884231,-0.0001391387464781092,2,0.0,,120.0,1.0,fixture,5,True,2,0.09999999999999999,0.09999999999999999,0.09999999999999999
run.fixture.fixed.200,edge.market,200,fixed,600.0,0.1244622905465803,0.10107433098298271,0.09954087857277599,0.1380982939211633,9.848363601771995e-05,2,0.0,,120.0,1.0,fixture,5,True,2,0.09999999999999999,0.09999999999999999,0.09999999999999999
run.fixture.fixed.200,edge.market,200,fixed,605.0,0.0873829752767185,0.10134514000147155,0.09763318903836365,0.12642315265670798,0.00011556825665813486,2,0.0,,120.0,1.0,fixture,5,True,2,0.09999999999999999,0.09999999999999999,
run.fixture.fixed.200,edge.market,200,fixed,610.0,0.102927873999754,0.10087304155764053,0.0984131762021638,0.11890446263512333,0.00011320789686941244,2,0.0,,120.0,1.0,fixture,5,True,2,0.09999999999999999,0.09999999999999999,
run.fixture.fixed.200,edge.market,200,fixed,615.0,0.0902825792777385,0.09857999651298623,0.09681645009602,0.11070915452000225,0.00015672912284914482,2,0.0,,120.0,1.0,fixture,5,True,2,0.09999999999999999,0.09999999999999999,
run.fixture.fixed.200,edge.market,200,fixed,620.0,0.0951308636698604,0.09976097806021607,0.09712976594096674,0.10519773907731045,0.00010131773226647735,2,0.0,,120.0,1.0,fixture,5,True,2,0.09999999999999999,0.09999999999999999,
run.fixture.fixed.200,edge.market,200,fixed,625.0,0.1269945228730595,0.10149299470843645,0.10084754910688194,0.1023306182295193,0.00015617880041914043,2,0.0,,120.0,1.0,fixture,5,True,2,0.09999999999999999,0.09999999999999999,
run.fixture.fixed.200,edge.market,200,fixed,630.0,0.107028953461387,0.10488715130072833,0.10132831426456902,0.1004925516202617,0.00019640806114336275,2,0.0,,120.0,1.0,fixture,5,True,2,0.09999999999999999,0.09999999999999999,
run.fixture.fixed.200,edge.market,200,fixed,635.0,0.1053169234456335,0.1021520988577359,0.10285366897982569,0.09959446844777242,0.00010085272077575973,2,0.0,,120.0,1.0,fixture,5,True,2,0.09999999999999999,0.09999999999999999,
run.fixture.fixed.200,edge.market,200,fixed,640.0,0.0779973401272787,0.10081129383638736,0.10068172875064933,0.0994698944880396,-3.704366848584963e-05,2,0.0,,120.0,1.0,fixture,5,True,2,0.09999999999999999,0.09999999999999999,
run.fixture.fixed.200,edge.market,200,fixed,645.0,0.0886197194885352,0.0987672717633561,0.09931909989666599,0.09918400871079484,-7.309520111771595e-05,2,0.0,,120.0,1.0,fixture,5,True,2,0.09999999999999999,0.09999999999999999,
run.fixture.fixed.200,edge.market,200,fixed,650.0,0.0974987531446081,0.09979815374433747,0.10013715838169343,0.099455651924019,-0.0001809060032212864,2,0.0,,120.0,1.0,fixture,5,True,2,0.09999999999999999,0.09999999999999999,
run.fixture.fixed.200,edge.market,200,fixed,655.0,0.0814881444794555,0.09784919385999394,0.09756929208507333,0.09844821453221288,-0.0001905338578769608,2,0.0,,120.0,1.0,fixture,5,True,2,0.09999999999999999,0.09999999999999999,
run.fixture.fixed.200,edge.market,200,fixed,660.0,0.0872558577900946,0.09217224170528467,0.09787590750620798,0.09767823713920848,-0.00036853017563298054,2,0.0,,120.0,1.0,fixture,5,True,2,0.09999999999999999,0.09999999999999999,
run.fixture.fixed.200,edge.market,200,fixed,665.0,0.1012796571349369,0.09135091365864892,0.09609262801300464,0.09724210585564277,-0.00014157723161651982,2,0.0,,120.0,1.0,fixture,5,True,2,0.09999999999999999,0.09999999999999999,
run.fixture.fixed.200,edge.market,200,fixed,670.0,0.132071112584471,0.09517294067848285,0.0995301770366779,0.09881342872420751,2.8646217037102256e-05,2,0.0,,120.0,1.0,fixture,5,True,2,0.09999999999999999,0.09999999999999999,
run.fixture.fixed.200,edge.market,200,fixed,675.0,0.0894263018848974,0.09680564950099982,0.09849159456630431,0.0979488800532991,-1.1836609522403792e-05,2,0.0,,120.0,1.0,fixture,5,True,2,0.09999999999999999,0.09999999999999999,
run.fixture.fixed.200,edge.market,200,fixed,680.0,0.1092317416594271,0.09975022409684152,0.09994922244181882,0.09867583941225408,-4.1687243149579505e-06,2,0.0,,120.0,1.0,fixture,5,True,2,0.09999999999999999,0.09999999999999999,
run.fixture.fixed.200,edge.market,200,fixed,685.0,0.0916934046115874,0.09892088859212426,0.09968480251425936,0.09919704192807112,-9.566698627660509e-05,2,0.0,,120.0,1.0,fixture,5,True,2,0.09999999999999999,0.09999999999999999,
run.fixture.fixed.200,edge.market,200,fixed,690.0,0.1135277417155654,0.10349797391156855,0.09864889627137521,0.09970699134023552,0.00020567991231618314,2,0.0,,120.0,1.0,fixture,5,True,2,0.09999999999999999,0.09999999999999999,
run.fixture.fixed.200,edge.market,200,fixed,695.0,0.081538797030117,0.10268125094585746,0.09668811500743137,0.09954905073554832,0.0001573280495497364,2,0.0,,120.0,1.0,fixture,5,True,2,0.09999999999999999,0.09999999999999999,
run.fixture.fixed.200,edge.market,200,fixed,700.0,0.0918431189330707,0.10133317405987656,0.09565166850646499,0.09897347296860831,0.00019175847001264934,2,0.0,,120.0,1.0,fixture,5,True,2,0.09999999999999999,0.09999999999999999,
run.fixture.fixed.200,edge.market,200,fixed,705.0,0.1201015391853352,0.09962323500285718,0.09889045304939242,0.09952417875240897,0.00021716388256090962,2,0.0,,120.0,1.0,fixture,5,True,2,0.09999999999999999,0.09999999999999999,
run.fixture.fixed.200,edge.market,200,fixed,710.0,0.1015412634161412,0.10135394379303486,0.09988441796690059,0.10011126957548455,0.00015563611033507721,2,0.0,,120.0,1.0,fixture,5,True,2,0.09999999999999999,0.09999999999999999,
run.fixture.fixed.200,edge.market,200,fixed,715.0,0.0976302779590512,0.0996965918358383,0.0998945352603193,0.09942166444042591,0.00012242238088107412,2,0.0,,120.0,1.0,fixture,5,True,2,0.09999999999999999,0.09999999999999999,
run.fixture.fixed.200,edge.market,200,fixed,720.0,0.0663268438446437,0.09607279744056063,0.09872828136533375,0.09874394390159791,-0.0002404906784157408,2,0.0,,120.0,1.0,fixture,5,True,2,0.09999999999999999,0.09999999999999999,
run.fixture.fixed.200,edge.market,200,fixed,725.0,0.0794737845418929,0.09120794641575028,0.09812966034624131,0.09694440366141042,-0.0004556928168413656,2,0.0,,120.0,1.0,fixture,5,True,2,0.09999999999999999,,
run.fixture.fixed.200,edge.market,200,fixed,730.0,0.1015236173998085,0.09406292075427765,0.0981484265204622,0.09751002934633403,-0.0004090843334982085,2,0.0,,120.0,1.0,fixture,5,True,2,0.09999999999999999,,
run.fixture.fixed.200,edge.market,200,fixed,735.0,0.0776624927029054,0.09203711700711116,0.09396314806803407,0.09649941409446008,-0.00028321268564906495,2,0.0,,120.0,1.0,fixture,5,True,2,0.09999999999999999,,
run.fixture.fixed.200,edge.market,200,fixed,740.0,0.0687888546624833,0.0847067335038466,0.0923756521278484,0.09563966510984986,-0.0004840958545669353,2,0.0,,120.0,1.0,fixture,5,True,2,0.09999999999999999,,
run.fixture.fixed.200,edge.market,200,fixed,745.0,0.1027387289111505,0.08487780000313364,0.09187618960875019,0.09594397971950147,-0.0002861056486099427,2,0.0,,120.0,1.0,fixture,5,True,2,0.09999999999999999,,
run.fixture.fixed.200,edge.market,200,fixed,750.0,0.1050793606102283,0.08594195466758751,0.09290587853172257,0.09506737322898823,-0.00020045781231463577,2,0.0,,120.0,1.0,fixture,5,True,2,0.09999999999999999,,
run.fixture.fixed.200,edge.market,200,fixed,755.0,0.1157615518952244,0.09300405581767048,0.09307771008400403,0.09541667716634171,0.00010886865193581551,2,0.0,,120.0,1.0,fixture,5,True,2,0.09999999999999999,,
run.fixture.fixed.200,edge.market,200,fixed,760.0,0.0821263007754147,0.09338298670817359,0.09312290267979616,0.09448905225953297,-5.2099312051816065e-05,2,0.0,,120.0,1.0,fixture,5,True,2,0.09999999999999999,,
run.fixture.fixed.200,edge.market,200,fixed,765.0,0.1359199309300791,0.09829674578392653,0.09651342667956604,0.09680595589164499,0.00022023440583238214,2,0.0,,120.0,1.0,fixture,5,True,2,0.09999999999999999,,
run.fixture.fixed.200,edge.market,200,fixed,770.0,0.1134222846817198,0.10340528749518574,0.09599963787159563,0.09779805849937237,0.0005131684009459048,2,0.0,,120.0,1.0,fixture,5,True,2,0.09999999999999999,,
run.fixture.fixed.200,edge.market,200,fixed,775.0,0.1081038099655369,0.10902170968133626,0.09650444914462607,0.09822226077220952,0.0006356040178420231,2,0.0,,120.0,1.0,fixture,5,True,2,0.09999999999999999,,
run.fixture.fixed.200,edge.market,200,fixed,780.0,0.0655232836267281,0.10370521749784734,0.09403468034983198,0.09758366633810041,0.00043999281849431887,2,0.0,,120.0,1.0,fixture,5,True,2,0.09999999999999999,,
run.fixture.fixed.200,edge.market,200,fixed,785.0,0.082037028156115,0.10041345571868829,0.09524315606609898,0.09737491315274123,0.0001477502155288011,2,0.0,,120.0,1.0,fixture,5,True,2,,,
run.fixture.fixed.200,edge.market,200,fixed,790.0,0.1062524572227413,0.09905501362261929,0.09730305396462578,0.09757382515625343,9.903615648529799e-05,2,0.0,,120.0,1.0,fixture,5,True,2,,,
run.fixture.fixed.200,edge.market,200,fixed,795.0,0.0944716147892272,0.10081862991030677,0.0967605922253503,0.09606984524444366,0.00011283319933572353,2,0.0,,120.0,1.0,fixture,5,True,2,,,
run.fixture.fixed.200,edge.market,200,fixed,800.0,0.1124788049620765,0.09746989762916355,0.09943877009144039,0.09699194536753081,6.956130896566031e-05,2,0.0,,120.0,1.0,fixture,5,True,2,,,
run.fixture.fixed.200,edge.market,200,fixed,805.0,0.1119466484059273,0.09725909244690746,0.10275860037939763,0.09710054163739082,-8.373774390882147e-05,2,0.0,,120.0,1.0,fixture,5,True,2,,,
run.fixture.fixed.200,edge.market,200,fixed,810.0,0.0808139111104659,0.09336053546761161,0.10107207593319112,0.09666536189734598,-0.00022858086027290972,2,0.0,,120.0,1.0,fixture,5,True,2,,,
run.fixture.fixed.200,edge.market,200,fixed,815.0,0.1016701891248189,0.09852437911019603,0.10080983197277502,0.0961910597937161,-0.00019381199006518682,2,0.0,,120.0,1.0,fixture,5,True,2,,,
run.fixture.fixed.200,edge.market,200,fixed,820.0,0.0971074425523028,0.10067729545250856,0.09937490048485799,0.09681380561460355,-0.00010321011870880018,2,0.0,,120.0,1.0,fixture,5,True,2,,,
run.fixture.fixed.200,edge.market,200,fixed,825.0,0.0961541711875749,0.0992346831617705,0.10045396743963951,0.09698624770478373,-0.0002571272327195702,2,0.0,,120.0,1.0,fixture,5,True,2,,,
run.fixture.fixed.200,edge.market,200,fixed,830.0,0.0988044264227762,0.09985365625227749,0.09759892863138543,0.09613436319428136,4.811776436360065e-06,2,0.0,,120.0,1.0,fixture,5,True,2,,,
run.fixture.fixed.200,edge.market,200,fixed,835.0,0.100670139331586,0.09816670401935028,0.09661799437368288,0.09609951823089913,0.00014677964078091372,2,0.0,,120.0,1.0,fixture,5,True,2,,,
run.fixture.fixed.200,edge.market,200,fixed,840.0,0.0892141269303788,0.09491920095141479,0.09516494183251684,0.09576287218975227,0.0001863153599931707,2,0.0,,120.0,1.0,fixture,5,True,2,,,
run.fixture.fixed.200,edge.market,200,fixed,845.0,0.1279658586169695,0.10165519345234388,0.09996821683176617,0.0982284327806453,0.0001745723855604189,2,0.0,,120.0,1.0,fixture,5,True,2,,,
run.fixture.fixed.200,edge.market,200,fixed,850.0,0.0907810593089429,0.1000996034786473,0.10064083461275294,0.09868072377132728,-2.3934500007162147e-05,2,0.0,,120.0,1.0,fixture,5,True,2,,,
run.fixture.fixed.200,edge.market,200,fixed,855.0,0.1147229484195957,0.102616104316832,0.10129241085866482,0.09920869701211878,0.00011208092978511831,2,0.0,,120.0,1.0,fixture,5,True,2,,,
run.fixture.fixed.200,edge.market,200,fixed,860.0,0.1158203057137561,0.10542555210628646,0.10293461785285934,0.10073500953255281,0.0001554015854383976,2,0.0,,120.0,1.0,fixture,5,True,2,,,
run.fixture.fixed.200,edge.market,200,fixed,865.0,0.096737018058737,0.10513020805428086,0.10172371116798708,0.10185293606840295,0.000187955114009592,2,0.0,,120.0,1.0,fixture,5,True,2,,,
run.fixture.fixed.200,edge.market,200,fixed,870.0,0.090139114824194,0.10362577598179627,0.10004620858477681,0.1013489515049247,0.00019021113884785837,2,0.0,,120.0,1.0,fixture,5,True,2,,,
run.fixture.fixed.200,edge.market,200,fixed,875.0,0.1427082935192765,0.11126779978021024,0.1048073149239161,0.10285410882128662,0.0003235588611410704,2,0.0,,120.0,1.0,fixture,5,True,2,,,
run.fixture.fixed.200,edge.market,200,fixed,880.0,0.1091104096305095,0.10857416421071596,0.10537963957819999,0.10258806313069802,0.0003277991772354427,2,0.0,,120.0,1.0,fixture,5,True,2,,,
run.fixture.fixed.200,edge.market,200,fixed,885.0,0.0996041046278497,0.10983459925627408,0.10557169050708823,0.10328717528479542,0.00022608644219875926,2,0.0,,120.0,1.0,fixture,5,True,2,,,
run.fixture.fixed.200,edge.market,200,fixed,890.0,0.0856337239797773,0.10567899576487146,0.10476242533725764,0.10127572700678336,2.2184865934519327e-05,2,0.0,,120.0,1.0,fixture,5,True,2,,,
run.fixture.fixed.200,edge.market,200,fixed,895.0,0.1165269732868979,0.10577994827532027,0.1061256981729593,0.10139991455099048,5.392255307349929e-05,2,0.0,,120.0,1.0,fixture,5,True,2,,,
run.fixture.fixed.200,edge.market,200,fixed,900.0,0.0953048407964782,0.105575351523569,0.10571298290102794,0.10088795578422813,-5.9389596540236266e-05,2,0.0,,120.0,1.0,fixture,5,True,2,,,
run.fixture.fixed.201,edge.market,201,fixed,0.0,0.0665077281554374,0.0665077281554374,0.0665077281554374,0.0665077281554374,0.0,2,0.0,,0.0,1.0,fixture,5,False,2,0.09999999999999999,0.13791666666666666,0.55675
run.fixture.fixed.201,edge.market,201,fixed,5.0,0.1115737120067518,0.0890407200810946,0.0890407200810946,0.0890407200810946,0.009013196770262879,2,0.0,,5.0,1.0,fixture,5,False,2,0.09999999999999999,0.15425,0.57425
run.fixture.fixed.201,edge.market,201,fixed,10.0,0.1000098801434141,0.09269710676853443,0.09269710676853443,0.09269710676853443,0.003350215198797672,2,0.0,,10.0,1.0,fixture,5,False,2,0.09999999999999999,0.17174999999999999,0.59175
run.fixture.fixed.201,edge.market,201,fixed,15.0,0.1062304202631206,0.09608043514218098,0.09608043514218098,0.09608043514218098,0.0021520848891942376,2,0.0,,15.0,1.0,fixture,5,False,2,0.09999999999999999,0.18925000000000003,0.60925
run.fixture.fixed.201,edge.market,201,fixed,20.0,0.1138974003638327,0.09964382818651132,0.09964382818651132,0.09964382818651132,0.0017887210534631886,2,0.0,,20.0,1.0,fixture,5,False,2,0.09999999999999999,0.20675000000000002,0.62675
run.fixture.fixed.201,edge.market,201,fixed,25.0,0.1098103233131775,0.10133824404095569,0.10133824404095569,0.10133824404095569,0.0013125976055980008,2,0.0,,25.0,1.0,fixture,5,False,2,0.09999999999999999,0.22424999999999998,0.64425
run.fixture.fixed.201,edge.market,201,fixed,30.0,0.0924551014284864,0.10006922366774577,0.10006922366774577,0.10006922366774577,0.0006300204475172649,2,0.0,,30.0,1.0,fixture,5,False,2,0.09999999999999999,0.24175000000000002,0.66175
run.fixture.fixed.201,edge.market,201,fixed,35.0,0.1265937799806454,0.1086529453570612,0.10338479320685823,0.10338479320685823,0.0008620895702265071,2,0.0,,35.0,1.0,fixture,5,False,2,0.09999999999999999,0.25925000000000004,0.67925
run.fixture.fixed.201,edge.market,201,fixed,40.0,0.0596763581148532,0.10123903765821855,0.09852830041885767,0.09852830041885767,2.0683564598484798e-05,2,0.0,,40.0,1.0,fixture,5,False,2,0.10175,0.27675,0.6967499999999999
run.fixture.fixed.201,edge.market,201,fixed,45.0,0.1056255908656751,0.10204128204711298,0.0992380294635394,0.0992380294635394,9.246757912781212e-05,2,0.0,,45.0,1.0,fixture,5,False,2,0.10641666666666666,0.29424999999999996,0.7142499999999998
run.fixture.fixed.201,edge.market,201,fixed,50.0,0.0925339943747832,0.1000846497773505,0.09862857172819793,0.09862857172819793,8.404910811715062e-06,2,0.0,,50.0,1.0,fixture,5,False,2,0.11399999999999999,0.31175,0.7317499999999999
run.fixture.fixed.201,edge.market,201,fixed,55.0,0.0829170399803125,0.09565888400827618,0.09731927741587415,0.09731927741587415,-0.00011439262051318359,2,0.0,,55.0,1.0,fixture,5,False,2,0.1245,0.32925,0.74925
run.fixture.fixed.201,edge.market,201,fixed,60.0,0.0751155175284419,0.09070248318188538,0.09561129588607167,0.09561129588607167,-0.0002362783329577158,2,0.0,,60.0,1.0,fixture,5,True,2,0.13791666666666666,0.34674999999999995,0.76675
run.fixture.fixed.201,edge.market,201,fixed,65.0,0.1025342186335382,0.09214235706832134,0.09838256438438714,0.09610579036803357,-0.00041450628639688096,2,0.0,,65.0,1.0,fixture,5,True,2,0.15425,0.36425,0.7842500000000001
run.fixture.fixed.201,edge.market,201,fixed,70.0,0.1171505875740399,0.09079332958166342,0.09881155481264006,0.097508776848434,-0.00018929071222713423,2,0.0,,70.0,1.0,fixture,5,True,2,0.17174999999999999,0.38175,0.8017500000000001
run.fixture.fixed.201,edge.market,201,fixed,75.0,0.1121869209915388,0.09829483856404708,0.0997482502624958,0.09842616085737804,-9.188359751415648e-05,2,0.0,,75.0,1.0,fixture,5,True,2,0.18925000000000003,0.39925000000000005,0.8192499999999999
run.fixture.fixed.201,edge.market,201,fixed,80.0,0.1157806770470113,0.09974556516138082,0.10048288539971816,0.09944701475088588,6.368755711383014e-05,2,0.0,,80.0,1.0,fixture,5,True,2,0.20675000000000002,0.41674999999999995,0.83675
run.fixture.fixed.201,edge.market,201,fixed,85.0,0.0548206829837475,0.09435794924837573,0.09593852252432698,0.09696777409715597,-0.00013419333271806166,2,0.0,,85.0,1.0,fixture,5,True,2,0.22424999999999998,0.43424999999999997,0.85425
run.fixture.fixed.201,edge.market,201,fixed,90.0,0.1000540001160328,0.0968060864106215,0.09518803612454661,0.0971302070455179,-3.521557156580894e-07,2,0.0,,90.0,1.0,fixture,5,True,2,0.24175000000000002,0.45175000000000004,0.8691666666666668
run.fixture.fixed.201,edge.market,201,fixed,95.0,0.1206496475482975,0.10331096212774372,0.0973568473645321,0.09830617907065689,0.00014650402633937907,2,0.0,,95.0,1.0,fixture,5,True,2,0.25925000000000004,0.46925,0.8811666666666667
run.fixture.fixed.201,edge.market,201,fixed,100.0,0.0807127002844495,0.1001936023635882,0.09382753354174779,0.09746839436655177,0.0002616618789023429,2,0.0,,100.0,1.0,fixture,5,True,2,0.27675,0.48675,0.89025
run.fixture.fixed.201,edge.market,201,fixed,105.0,0.1276814816693603,0.10169801580577684,0.0990586968920945,0.09884171651667945,0.0002221733742621391,2,0.0,,105.0,1.0,fixture,5,True,2,0.29424999999999996,0.50425,0.8964166666666666
run.fixture.fixed.201,edge.market,201,fixed,110.0,0.1232050803770146,0.1032720385751305,0.10041096531604371,0.09990099320625923,0.0004318948673660776,2,0.0,,110.0,1.0,fixture,5,True,2,0.31175,0.5217499999999999,0.8996666666666666
run.fixture.fixed.201,edge.market,201,fixed,115.0,0.0819415926312302,0.09843788365859034,0.09959616518192423,0.09915268484896633,0.00024952669956640233,2,0.0,,115.0,1.0,fixture,5,True,2,0.32925,0.5392499999999999,0.9
run.fixture.fixed.201,edge.market,201,fixed,120.0,0.0716668676596377,0.10084448146943181,0.09873076731110308,0.0980532521613932,-6.292347795557813e-05,2,0.0,,120.0,1.0,fixture,5,True,2,0.34674999999999995,0.55675,0.9
run.fixture.fixed.201,edge.market,201,fixed,125.0,0.1193622555920036,0.10360280368028478,0.10213436254676167,0.10016743325885585,-0.00010854745465142916,2,0.0,,120.0,1.0,fixture,5,True,2,0.36425,0.57425,0.9
run.fixture.fixed.201,edge.market,201,fixed,130.0,0.1031244748649674,0.10109920758266619,0.10217976687225623,0.09982946377318448,-9.894342551223275e-05,2,0.0,,120.0,1.0,fixture,5,True,2,0.38175,0.59175,0.9
run.fixture.fixed.201,edge.market,201,fixed,135.0,0.0950994283017646,0.10315445444228263,0.10048352385131198,0.0996330456995185,-3.0466817281973136e-05,2,0.0,,120.0,1.0,fixture,5,True,2,0.39925000000000005,0.60925,0.9
run.fixture.fixed.201,edge.market,201,fixed,140.0,0.1242748189118145,0.10266778833406179,0.10141336215287167,0.10035482164546625,0.00021642499628352394,2,0.0,,120.0,1.0,fixture,5,True,2,0.41674999999999995,0.62675,0.9
run.fixture.fixed.201,edge.market,201,fixed,145.0,0.1243123476485126,0.10282596937284723,0.1020696445068333,0.10077141953685345,0.0004779251251108022,2,0.0,,120.0,1.0,fixture,5,True,2,0.43424999999999997,0.64425,0.9
run.fixture.fixed.201,edge.market,201,fixed,150.0,0.1084703432238203,0.1066157908860744,0.10619654144837735,0.10071782033327915,0.00015667398405621024,2,0.0,,120.0,1.0,fixture,5,True,2,0.45175000000000004,0.66175,0.9
run.fixture.fixed.201,edge.market,201,fixed,155.0,0.1241912227201307,0.11411927018043054,0.10805325087946181,0.10198726518494494,0.00022806991625852764,2,0.0,,120.0,1.0,fixture,5,True,2,0.46925,0.67925,0.9
run.fixture.fixed.201,edge.market,201,fixed,160.0,0.0939995436384979,0.110496025615644,0.1060032428864003,0.10068349573125904,0.00023230346926519376,2,0.0,,120.0,1.0,fixture,5,True,2,0.48675,0.6967499999999999,0.8946666666666667
run.fixture.fixed.201,edge.market,201,fixed,165.0,0.1462945386383779,0.11666317758327407,0.11104799968285632,0.10414822295220004,0.0003034177289335584,2,0.0,,120.0,1.0,fixture,5,True,2,0.50425,0.7142499999999998,0.8826666666666667
run.fixture.fixed.201,edge.market,201,fixed,170.0,0.1588985259543932,0.12577733439079244,0.113449310781705,0.10627914035574873,0.000746865565784929,2,0.0,,120.0,1.0,fixture,5,True,2,0.5217499999999999,0.7317499999999999,0.864
run.fixture.fixed.201,edge.market,201,fixed,175.0,0.2007371067667474,0.13670051837006855,0.11941331281168445,0.1106072648514273,0.0013974338768590188,2,0.0,,120.0,1.0,fixture,5,True,2,0.5392499999999999,0.74925,0.8386666666666667
run.fixture.fixed.201,edge.market,201,fixed,180.0,0.1895230054147335,0.1460163266223858,0.12768880610272315,0.11487150346880413,0.0015714515849415628,2,0.0,,120.0,1.0,fixture,5,True,2,0.55675,0.76675,0.8066666666666666
run.fixture.fixed.201,edge.market,201,fixed,185.0,0.1936921845229232,0.15819087537940052,0.1370753689383605,0.11961457014858341,0.0015757007073806855,2,0.0,,120.0,1.0,fixture,5,True,2,0.57425,0.7842500000000001,0.7680000000000001
run.fixture.fixed.201,edge.market,201,fixed,190.0,0.2021534365191408,0.16932833449354484,0.14344392131737108,0.1235993388640075,0.0018685321492050628,2,0.0,,120.0,1.0,fixture,5,True,2,0.59175,0.8017500000000001,0.7280000000000001
run.fixture.fixed.201,edge.market,201,fixed,195.0,0.243455822442327,0.1906792314655204,0.15423864036178334,0.128651548258739,0.002217801689406062,2,0.0,,120.0,1.0,fixture,5,True,2,0.60925,0.8192499999999999,0.6880000000000002
run.fixture.fixed.201,edge.market,201,fixed,200.0,0.2382141786217305,0.2038106086059994,0.165247467309473,0.13369263856394664,0.002316569541207768,2,0.0,,120.0,1.0,fixture,5,True,2,0.62675,0.83675,0.6480000000000001
run.fixture.fixed.201,edge.market,201,fixed,205.0,0.2846790556541855,0.22177925570596965,0.17758625475119388,0.14044857370823363,0.0027888563448172908,2,0.0,,120.0,1.0,fixture,5,True,2,0.64425,0.85425,0.6080000000000001
run.fixture.fixed.201,edge.market,201,fixed,210.0,0.2946940705500087,0.23520167910357845,0.19069254112823203,0.15004350921088408,0.0031511965042393983,2,0.0,,120.0,1.0,fixture,5,True,2,0.66175,0.8691666666666668,0.5680000000000001
run.fixture.fixed.201,edge.market,201,fixed,215.0,0.3069200394842175,0.2519726839706476,0.2059579023790318,0.15831815078561146,0.003285053212816355,2,0.0,,120.0,1.0,fixture,5,True,2,0.67925,0.8811666666666667,0.528
run.fixture.fixed.201,edge.market,201,fixed,220.0,0.3321911480250572,0.2717582501852382,0.22195789663325696,0.16677981080468182,0.00348838586805135,2,0.0,,120.0,1.0,fixture,5,True,2,0.6967499999999999,0.89025,0.488
run.fixture.fixed.201,edge.market,201,fixed,225.0,0.3396063390426516,0.29139437911716826,0.24085072704896107,0.17713555635500997,0.0032797948609008575,2,0.0,,120.0,1.0,fixture,5,True,2,0.7142499999999998,0.8964166666666666,0.44799999999999995
run.fixture.fixed.201,edge.market,201,fixed,230.0,0.3741029020011792,0.31005824762557577,0.25837444730763814,0.18699241316828266,0.00343102533435056,2,0.0,,120.0,1.0,fixture,5,True,2,0.7317499999999999,0.8996666666666666,0.408
run.fixture.fixed.201,edge.market,201,fixed,235.0,0.3866720604472828,0.33126651645779753,0.27589548842247574,0.19753109237109343,0.0035117442677188616,2,0.0,,120.0,1.0,fixture,5,True,2,0.74925,0.9,0.36800000000000005
run.fixture.fixed.201,edge.market,201,fixed,240.0,0.4117752343345835,0.34942311341214005,0.2921291905430785,0.21072443803922755,0.003829513282974404,2,0.0,,120.0,1.0,fixture,5,True,2,0.76675,0.9,0.3279999999999999
run.fixture.fixed.201,edge.market,201,fixed,245.0,0.378480115501829,0.3613925484052573,0.3066643528574705,0.2229969679529152,0.0036095816938030724,2,0.0,,120.0,1.0,fixture,5,True,2,0.7842500000000001,0.9,0.288
run.fixture.fixed.201,edge.market,201,fixed,250.0,0.4023693303208058,0.37502816138191275,0.3227164409957691,0.23431725094206726,0.0033715868437351375,2,0.0,,120.0,1.0,fixture,5,True,2,0.8017500000000001,0.9,0.248
run.fixture.fixed.201,edge.market,201,fixed,255.0,0.4553041222334284,0.3926157291259657,0.34218957066609895,0.24840443683680577,0.0033183836086687203,2,0.0,,120.0,1.0,fixture,5,True,2,0.8192499999999999,0.9,0.20799999999999996
run.fixture.fixed.201,edge.market,201,fixed,260.0,0.4819700843992086,0.4129534070340453,0.36053682158585915,0.26387926308070353,0.0034805229985942756,2,0.0,,120.0,1.0,fixture,5,True,2,0.83675,0.9,0.17333333333333326
run.fixture.fixed.201,edge.market,201,fixed,265.0,0.4809380630050783,0.4282155728917451,0.37920788961534746,0.278145792844434,0.00333343393020572,2,0.0,,120.0,1.0,fixture,5,True,2,0.85425,0.9,0.1453333333333333
run.fixture.fixed.201,edge.market,201,fixed,270.0,0.4694205374837225,0.44003678389695083,0.3934187728330042,0.29195012043784246,0.0032010977208454094,2,0.0,,120.0,1.0,fixture,5,True,2,0.8691666666666668,0.9,0.124
run.fixture.fixed.201,edge.market,201,fixed,275.0,0.5173314836211804,0.4551162480807504,0.41054472768463274,0.30830456605373685,0.0032586838183707844,2,0.0,,120.0,1.0,fixture,5,True,2,0.8811666666666667,0.9,0.10933333333333332
run.fixture.fixed.201,edge.market,201,fixed,280.0,0.5367068330853494,0.4777200648783962,0.4282206348847198,0.3248051904683456,0.003293408889800888,2,0.0,,120.0,1.0,fixture,5,True,2,0.89025,0.8946666666666667,0.10133333333333332
run.fixture.fixed.201,edge.market,201,fixed,285.0,0.5521860158194442,0.4991224485210588,0.44514331702274956,0.34313264935558346,0.0033720746893511175,2,0.0,,120.0,1.0,fixture,5,True,2,0.8964166666666666,0.8826666666666667,0.09999999999999999
run.fixture.fixed.201,edge.market,201,fixed,290.0,0.5808953787730035,0.517064056598141,0.4637040123866227,0.3605166829609685,0.0034553203208245622,2,0.0,,120.0,1.0,fixture,5,True,2,0.8996666666666666,0.864,0.09999999999999999
run.fixture.fixed.201,edge.market,201,fixed,295.0,0.5720317238959758,0.5299300050976792,0.47892930637853015,0.37704201087863176,0.00348032965748172,2,0.0,,120.0,1.0,fixture,5,True,2,0.9,0.8386666666666667,0.09999999999999999
run.fixture.fixed.201,edge.market,201,fixed,300.0,0.6216865782169737,0.5500369358422357,0.4970073462069679,0.39387998973664085,0.0037119152723299955,2,0.0,,120.0,1.0,fixture,5,True,2,0.9,0.8066666666666666,0.09999999999999999
run.fixture.fixed.201,edge.market,201,fixed,305.0,0.5978961516242709,0.5683905950051711,0.5113243398446361,0.41021491558502227,0.0037214845573817846,2,0.0,,120.0,1.0,fixture,5,True,2,0.9,0.7680000000000001,0.09999999999999999
run.fixture.fixed.201,edge.market,201,fixed,310.0,0.6523122852409915,0.5876735666651441,0.5323883529014949,0.42855971961374506,0.003629196757358138,2,0.0,,120.0,1.0,fixture,5,True,2,0.9,0.7280000000000001,0.09999999999999999
run.fixture.fixed.201,edge.market,201,fixed,315.0,0.6330194179318865,0.6014325073575065,0.5501306673331163,0.44579435887025487,0.003292551957487292,2,0.0,,120.0,1.0,fixture,5,True,2,0.9,0.6880000000000002,0.09999999999999999
run.fixture.fixed.201,edge.market,201,fixed,320.0,0.7120095141190206,0.6242644356860174,0.5698772359397004,0.4645365065373227,0.0036304500509132327,2,0.0,,120.0,1.0,fixture,5,True,2,0.9,0.6480000000000001,0.09999999999999999
run.fixture.fixed.201,edge.market,201,fixed,325.0,0.678676400119069,0.6382331530211697,0.5850084909950742,0.4821549953972162,0.003671598319366823,2,0.0,,120.0,1.0,fixture,5,True,2,0.9,0.6080000000000001,0.09999999999999999
run.fixture.fixed.201,edge.market,201,fixed,330.0,0.706971019520399,0.6575101952532301,0.6023956414962528,0.49904667395186464,0.003675205105325041,2,0.0,,120.0,1.0,fixture,5,True,2,0.9,0.5680000000000001,0.09999999999999999
run.fixture.fixed.201,edge.market,201,fixed,335.0,0.6953490062081628,0.6680333992519715,0.6197747544750558,0.5150728713781908,0.0032651990176148756,2,0.0,,120.0,1.0,fixture,5,True,2,0.9,0.528,0.09999999999999999
run.fixture.fixed.201,edge.market,201,fixed,340.0,0.7021757248954998,0.6829304811478613,0.6339935422653883,0.5308830987946422,0.0030204769588737025,2,0.0,,120.0,1.0,fixture,5,True,2,0.8946666666666667,0.488,0.09999999999999999
run.fixture.fixed.201,edge.market,201,fixed,345.0,0.7463611763665294,0.6963660370229382,0.6501207994408635,0.5474498999283011,0.0030130031570567437,2,0.0,,120.0,1.0,fixture,5,True,2,0.8826666666666667,0.44799999999999995,0.09999999999999999
run.fixture.fixed.201,edge.market,201,fixed,350.0,0.7663324600273673,0.7154107573222925,0.6665936028414732,0.5645189447676897,0.003025889396803002,2,0.0,,120.0,1.0,fixture,5,True,2,0.864,0.408,0.09999999999999999
run.fixture.fixed.201,edge.market,201,fixed,355.0,0.7761224387906085,0.7245697465610909,0.6816110689966735,0.5805997262392668,0.0030888404376991866,2,0.0,,120.0,1.0,fixture,5,True,2,0.8386666666666667,0.36800000000000005,0.09999999999999999
run.fixture.fixed.201,edge.market,201,fixed,360.0,0.8124705999670613,0.7436832036822326,0.7001063671559878,0.597631667820058,0.0031087324927732887,2,0.0,,120.0,1.0,fixture,5,True,2,0.8066666666666666,0.3279999999999999,0.09999999999999999
run.fixture.fixed.201,edge.market,201,fixed,365.0,0.8095193318225335,0.7583329625825376,0.7145550405102615,0.613541431719576,0.0032269075097251364,2,0.0,,120.0,1.0,fixture,5,True,2,0.7680000000000001,0.288,0.09999999999999999
run.fixture.fixed.201,edge.market,201,fixed,370.0,0.8294372436228011,0.7774884250703431,0.7323658937409177,0.6315797168444148,0.0030869965168386533,2,0.0,,120.0,1.0,fixture,5,True,2,0.7280000000000001,0.248,0.09999999999999999
run.fixture.fixed.201,edge.market,201,fixed,375.0,0.8826540873778348,0.8032710482821052,0.7500844939052903,0.6507911071266959,0.0034621106952144975,2,0.0,,120.0,1.0,fixture,5,True,2,0.6880000000000002,0.20799999999999996,0.09999999999999999
run.fixture.fixed.201,edge.market,201,fixed,380.0,0.8941851467307855,0.8243887583341417,0.7701741653513595,0.6683463481065902,0.003511724305257523,2,0.0,,120.0,1.0,fixture,5,True,2,0.6480000000000001,0.17333333333333326,0.09999999999999999
run.fixture.fixed.201,edge.market,201,fixed,385.0,0.909303934071454,0.8448132546261541,0.7853506591938544,0.68543970209348,0.00398164304558081,2,0.0,,120.0,1.0,fixture,5,True,2,0.6080000000000001,0.1453333333333333,0.09999999999999999
run.fixture.fixed.201,edge.market,201,fixed,390.0,0.9219793705752044,0.8656499591668106,0.8040662723058649,0.7030813543962852,0.004061920468399048,2,0.0,,120.0,1.0,fixture,5,True,2,0.5680000000000001,0.124,0.09999999999999999
run.fixture.fixed.201,edge.market,201,fixed,395.0,0.9132952706384366,0.8800534835484358,0.8199373685457139,0.7208363437224737,0.004035225106308033,2,0.0,,120.0,1.0,fixture,5,True,2,0.528,0.10933333333333332,0.09999999999999999
run.fixture.fixed.201,edge.market,201,fixed,400.0,0.9128579297556504,0.8948161403960239,0.8366688242032129,0.7366574015678524,0.003689516129271507,2,0.0,,120.0,1.0,fixture,5,True,2,0.488,0.10133333333333332,0.09999999999999999
run.fixture.fixed.201,edge.market,201,fixed,405.0,0.9047971160704662,0.9055818364599759,0.8522550850628257,0.7513810128872572,0.003104151355699566,2,0.0,,120.0,1.0,fixture,5,True,2,0.44799999999999995,0.09999999999999999,0.09999999999999999
run.fixture.fixed.201,edge.market,201,fixed,410.0,0.8913745351807505,0.9068276147175354,0.8634099588177656,0.7649485536617096,0.0025475132676044767,2,0.0,,120.0,1.0,fixture,5,True,2,0.408,0.09999999999999999,0.09999999999999999
run.fixture.fixed.201,edge.market,201,fixed,415.0,0.898646955773021,0.9074650160092833,0.8735879969520467,0.7776586167417102,0.002033095124965734,2,0.0,,120.0,1.0,fixture,5,True,2,0.36800000000000005,0.09999999999999999,0.09999999999999999
run.fixture.fixed.201,edge.market,201,fixed,420.0,0.9100096296914753,0.9075658296692863,0.8838870116367287,0.7911777329735302,0.0015235026956322234,2,0.0,,120.0,1.0,fixture,5,True,2,0.3279999999999999,0.09999999999999999,0.09999999999999999
run.fixture.fixed.201,edge.market,201,fixed,425.0,0.879980981496151,0.9015660598008501,0.8890801179081974,0.8015095091046972,0.0009483916379056928,2,0.0,,120.0,1.0,fixture,5,True,2,0.288,0.09999999999999999,0.09999999999999999
run.fixture.fixed.201,edge.market,201,fixed,430.0,0.8901319038765725,0.898257007406298,0.8952810849892772,0.8131989391947895,0.00034332044363163895,2,0.0,,120.0,1.0,fixture,5,True,2,0.248,0.09999999999999999,0.09999999999999999
run.fixture.fixed.201,edge.market,201,fixed,435.0,0.8986138699067443,0.8962221417135973,0.9006023639341959,0.8230510025814194,-0.00014119623775356446,2,0.0,,120.0,1.0,fixture,5,True,2,0.20799999999999996,0.09999999999999999,0.09999999999999999
run.fixture.fixed.201,edge.market,201,fixed,440.0,0.9064918861033812,0.8964642517182992,0.902436040759238,0.8339899013082792,-0.00024042788926940077,2,0.0,,120.0,1.0,fixture,5,True,2,0.17333333333333326,0.09999999999999999,0.09999999999999999
run.fixture.fixed.201,edge.market,201,fixed,445.0,0.9035766581612206,0.8982074121440808,0.9031584647154254,0.8416525870699673,-0.00029637575057409835,2,0.0,,120.0,1.0,fixture,5,True,2,0.1453333333333333,0.09999999999999999,0.09999999999999999
run.fixture.fixed.201,edge.market,201,fixed,450.0,0.8484865080552109,0.8910416338986794,0.8984802011757143,0.8484449913874128,-0.0006095773488917738,2,0.0,,120.0,1.0,fixture,5,True,2,0.124,0.09999999999999999,0.09999999999999999
run.fixture.fixed.201,edge.market,201,fixed,455.0,0.8786169899617673,0.8865569710801496,0.8951446334362192,0.8553108302050676,-0.0005597807351414921,2,0.0,,120.0,1.0,fixture,5,True,2,0.10933333333333332,0.09999999999999999,0.09999999999999999
run.fixture.fixed.201,edge.market,201,fixed,460.0,0.8649971946754412,0.8844164301057624,0.8914293968236809,0.8620967577437588,-0.0006189347704702288,2,0.0,,120.0,1.0,fixture,5,True,2,0.10133333333333332,0.09999999999999999,0.09999999999999999
run.fixture.fixed.201,edge.market,201,fixed,465.0,0.8480313410818565,0.8784020639922316,0.8864427361564661,0.8679309823912129,-0.0007402409286319398,2,0.0,,120.0,1.0,fixture,5,True,2,0.09999999999999999,0.09999999999999999,0.09999999999999999
run.fixture.fixed.201,edge.market,201,fixed,470.0,0.7620337049303151,0.8588906118527417,0.8754609352995313,0.8685578835337644,-0.0014193327175977715,2,0.0,,120.0,1.0,fixture,5,True,2,0.09999999999999999,0.09999999999999999,0.09999999999999999
run.fixture.fixed.201,edge.market,201,fixed,475.0,0.7662217782114049,0.838852025011031,0.8658338001480431,0.8685534562611259,-0.002017178589422194,2,0.0,,120.0,1.0,fixture,5,True,2,0.09999999999999999,0.09999999999999999,0.09999999999999999
run.fixture.fixed.201,edge.market,201,fixed,480.0,0.6990228051959693,0.8096300460159951,0.8504780962575007,0.8654694709173404,-0.0028646224139690034,2,0.0,,120.0,1.0,fixture,5,True,2,0.09999999999999999,0.09999999999999999,0.09999999999999999
run.fixture.fixed.201,edge.market,201,fixed,485.0,0.6910412582010317,0.7871378674653979,0.8336343753736206,0.8606122972466992,-0.003457919440673392,2,0.0,,120.0,1.0,fixture,5,True,2,0.09999999999999999,0.09999999999999999,0.09999999999999999
run.fixture.fixed.201,edge.market,201,fixed,490.0,0.653733998128469,0.7550117257749268,0.8162307612684143,0.8543808838989366,-0.00428756341936921,2,0.0,,120.0,1.0,fixture,5,True,2,0.09999999999999999,0.09999999999999999,0.09999999999999999
run.fixture.fixed.201,edge.market,201,fixed,495.0,0.584251363623576,0.7149051784818031,0.7927014889412607,0.8445734486989676,-0.005248627581580121,2,0.0,,120.0,1.0,fixture,5,True,2,0.09999999999999999,0.09999999999999999,0.09999999999999999
run.fixture.fixed.201,edge.market,201,fixed,500.0,0.5401798495443739,0.6709263939764486,0.7651296412210784,0.8308744791856292,-0.006098894800945976,2,0.0,,120.0,1.0,fixture,5,True,2,0.09999999999999999,0.09999999999999999,0.09999999999999999
run.fixture.fixed.201,edge.market,201,fixed,505.0,0.4842921329644701,0.6312490265527565,0.7326527371334698,0.8144787586349764,-0.006863168795850956,2,0.0,,120.0,1.0,fixture,5,True,2,0.09999999999999999,0.09999999999999999,0.09999999999999999
run.fixture.fixed.201,edge.market,201,fixed,510.0,0.481659723219351,0.5905973044110343,0.7001975882917875,0.7973729902008924,-0.007203268396170139,2,0.0,,120.0,1.0,fixture,5,True,2,0.09999999999999999,0.09999999999999999,0.09999999999999999
run.fixture.fixed.201,edge.market,201,fixed,515.0,0.4178631477895889,0.5504316390672658,0.6670727144252011,0.7772083412894679,-0.007924130159542915,2,0.0,,120.0,1.0,fixture,5,True,2,0.09999999999999999,0.09999999999999999,0.09999999999999999
run.fixture.fixed.201,edge.market,201,fixed,520.0,0.3951845687404866,0.5081663977157594,0.6298856051004873,0.7564839132135498,-0.00808953559399602,2,0.0,,120.0,1.0,fixture,5,True,2,0.09999999999999999,0.09999999999999999,0.09999999999999999
run.fixture.fixed.201,edge.market,201,fixed,525.0,0.3517507570441018,0.46502593470370684,0.5904051098980765,0.7340396263050879,-0.008114841045989023,2,0.0,,120.0,1.0,fixture,5,True,2,0.09999999999999999,0.09999999999999999,0.09999999999999999
run.fixture.fixed.201,edge.market,201,fixed,530.0,0.3168447499289872,0.42682498989019413,0.5495446028863173,0.7105215316594287,-0.007936795487228667,2,0.0,,120.0,1.0,fixture,5,True,2,0.09999999999999999,0.09999999999999999,0.09999999999999999
run.fixture.fixed.201,edge.market,201,fixed,535.0,0.2688356147236359,0.38806152777294584,0.5116062882550343,0.6856199748411441,-0.008153092426424386,2,0.0,,120.0,1.0,fixture,5,True,2,0.09999999999999999,0.09999999999999999,0.09999999999999999
run.fixture.fixed.201,edge.market,201,fixed,540.0,0.2504099577605763,0.35464978845810397,0.4719284559126628,0.6596904949206465,-0.007916685342108076,2,0.0,,120.0,1.0,fixture,5,True,2,0.09999999999999999,0.09999999999999999,0.09999999999999999
run.fixture.fixed.201,edge.market,201,fixed,545.0,0.1976684940832817,0.3140796128672369,0.43336273967322536,0.6311968494963186,-0.007978113172869769,2,0.0,,120.0,1.0,fixture,5,True,2,0.09999999999999999,0.09999999999999999,0.09999999999999999
run.fixture.fixed.201,edge.market,201,fixed,550.0,0.122635230697969,0.27190419613986266,0.38963919909606665,0.6009030194643914,-0.008044723529086134,2,0.0,,120.0,1.0,fixture,5,True,2,0.09999999999999999,0.09999999999999999,0.09999999999999999
run.fixture.fixed.201,edge.market,201,fixed,555.0,0.1226184074804145,0.23296617310270948,0.34878415366160104,0.570202479608545,-0.00777380172300602,2,0.0,,120.0,1.0,fixture,5,True,2,0.09999999999999999,0.09999999999999999,0.09999999999999999
run.fixture.fixed.201,edge.market,201,fixed,560.0,0.0846335124933371,0.1948065667383145,0.3103520112669672,0.5376432653120087,-0.0077041680716607,2,0.0,,120.0,1.0,fixture,5,True,2,0.09999999999999999,0.09999999999999999,0.09999999999999999
run.fixture.fixed.201,edge.market,201,fixed,565.0,0.082962301038598,0.1613947883254018,0.27518143061267675,0.5047020819094175,-0.007435534438065501,2,0.0,,120.0,1.0,fixture,5,True,2,0.09999999999999999,0.09999999999999999,0.09999999999999999
run.fixture.fixed.201,edge.market,201,fixed,570.0,0.0866605112362958,0.13536977354149607,0.24459438278743256,0.4720254360324204,-0.007069985646632238,2,0.0,,120.0,1.0,fixture,5,True,2,0.09999999999999999,0.09999999999999999,0.09999999999999999
run.fixture.fixed.201,edge.market,201,fixed,575.0,0.1140274345036462,0.11588655593336318,0.21631497596314758,0.4426470730903578,-0.006107287082543546,2,0.0,,120.0,1.0,fixture,5,True,2,0.09999999999999999,0.09999999999999999,0.09999999999999999
run.fixture.fixed.201,edge.market,201,fixed,580.0,0.0785219609011429,0.09886562262162908,0.19021180774095944,0.41064327192793276,-0.005465441904067656,2,0.0,,120.0,1.0,fixture,5,True,2,0.09999999999999999,0.09999999999999999,0.09999999999999999
run.fixture.fixed.201,edge.market,201,fixed,585.0,0.1218482958672384,0.09875320336009615,0.16918594059686345,0.3809173159756047,-0.0043394767878540685,2,0.0,,120.0,1.0,fixture,5,True,2,0.09999999999999999,0.09999999999999999,0.09999999999999999
run.fixture.fixed.201,edge.market,201,fixed,590.0,0.0863459023365476,0.09357141691097229,0.1487701825424362,0.3504498984257923,-0.0034813301004158557,2,0.0,,120.0,1.0,fixture,5,True,2,0.09999999999999999,0.09999999999999999,0.09999999999999999
run.fixture.fixed.201,edge.market,201,fixed,595.0,0.0908007595429738,0.09445245220377753,0.13138218328197365,0.32360058061029867,-0.002570664788647632,2,0.0,,120.0,1.0,fixture,5,True,2,0.09999999999999999,0.09999999999999999,0.09999999999999999
run.fixture.fixed.201,edge.market,201,fixed,600.0,0.1135097440763714,0.09881637263774515,0.11943403938603023,0.2974920992448974,-0.0016311709591333224,2,0.0,,120.0,1.0,fixture,5,True,2,0.09999999999999999,0.09999999999999999,0.09999999999999999
run.fixture.fixed.201,edge.market,201,fixed,605.0,0.1256602692748586,0.10438776664325412,0.10983790950251347,0.27455759780805294,-0.0005826118295126704,2,0.0,,120.0,1.0,fixture,5,True,2,0.09999999999999999,0.09999999999999999,
run.fixture.fixed.201,edge.market,201,fixed,610.0,0.094907356992001,0.10165632699873339,0.10193320664933801,0.2507122417596917,-5.4351514881617675e-06,2,0.0,,120.0,1.0,fixture,5,True,2,0.09999999999999999,0.09999999999999999,
run.fixture.fixed.201,edge.market,201,fixed,615.0,0.1069411384914958,0.10571620951164094,0.10072596878730161,0.22884052737421276,0.0001868305181748738,2,0.0,,120.0,1.0,fixture,5,True,2,0.09999999999999999,0.09999999999999999,
run.fixture.fixed.201,edge.market,201,fixed,620.0,0.101110241372851,0.10275363029815703,0.0990714944713352,0.2095148824841838,0.00035776755813650814,2,0.0,,120.0,1.0,fixture,5,True,2,0.09999999999999999,0.09999999999999999,
run.fixture.fixed.201,edge.market,201,fixed,625.0,0.1021441053432088,0.10501051644196578,0.10041846315209457,0.19199345271613716,0.0002669651310873376,2,0.0,,120.0,1.0,fixture,5,True,2,0.09999999999999999,0.09999999999999999,
run.fixture.fixed.201,edge.market,201,fixed,630.0,0.102671824511939,0.10670638286610366,0.10193458034235156,0.17672864037803593,0.0001475442886308439,2,0.0,,120.0,1.0,fixture,5,True,2,0.09999999999999999,0.09999999999999999,
run.fixture.fixed.201,edge.market,201,fixed,635.0,0.0687397146705126,0.10031066437955241,0.10055605752959901,0.1602118400360824,-0.0001888157968344573,2,0.0,,120.0,1.0,fixture,5,True,2,0.09999999999999999,0.09999999999999999,
run.fixture.fixed.201,edge.market,201,fixed,640.0,0.08903751549486,0.09507884241098116,0.09863375606738467,0.14705881474429325,-0.0001611362511092965,2,0.0,,120.0,1.0,fixture,5,True,2,0.09999999999999999,0.09999999999999999,
run.fixture.fixed.201,edge.market,201,fixed,645.0,0.1243879995596486,0.09929036277778798,0.10216191288726974,0.1362269519770597,-0.00014603416892260273,2,0.0,,120.0,1.0,fixture,5,True,2,0.09999999999999999,0.09999999999999999,
run.fixture.fixed.201,edge.market,201,fixed,650.0,0.1212930409237698,0.10134063455382712,0.10211920096854138,0.12700864333224643,0.00013153885204308965,2,0.0,,120.0,1.0,fixture,5,True,2,0.09999999999999999,0.09999999999999999,
run.fixture.fixed.201,edge.market,201,fixed,655.0,0.1120901791970222,0.10290919710013728,0.10409952995780866,0.11881846050296785,7.594849923751732e-05,2,0.0,,120.0,1.0,fixture,5,True,2,0.09999999999999999,0.09999999999999999,
run.fixture.fixed.201,edge.market,201,fixed,660.0,0.0600144426348915,0.09689067385609197,0.10173135173411,0.11046561361941806,-0.00031702064014857824,2,0.0,,120.0,1.0,fixture,5,True,2,0.09999999999999999,0.09999999999999999,
run.fixture.fixed.201,edge.market,201,fixed,665.0,0.1252703889749742,0.10011904020795415,0.10263601672631023,0.10546003086799396,-7.121517878482493e-05,2,0.0,,120.0,1.0,fixture,5,True,2,0.09999999999999999,0.09999999999999999,
run.fixture.fixed.201,edge.market,201,fixed,670.0,0.1179082991450236,0.10714312370431285,0.10203971133170754,0.10226962307046367,0.00020659082379991957,2,0.0,,120.0,1.0,fixture,5,True,2,0.09999999999999999,0.09999999999999999,
run.fixture.fixed.201,edge.market,201,fixed,675.0,0.1223551738619956,0.11190278918533222,0.10415108186016868,0.10225842079702473,0.00028567466424363685,2,0.0,,120.0,1.0,fixture,5,True,2,0.09999999999999999,0.09999999999999999,
run.fixture.fixed.201,edge.market,201,fixed,680.0,0.0976187171557356,0.10807860598477322,0.10343397252664865,0.10125843318403756,0.00026406610181802247,2,0.0,,120.0,1.0,fixture,5,True,2,0.09999999999999999,0.09999999999999999,
run.fixture.fixed.201,edge.market,201,fixed,685.0,0.0906197864261775,0.10369671248511717,0.10262701445382763,0.10149788414135118,0.0001617021076648244,2,0.0,,120.0,1.0,fixture,5,True,2,0.09999999999999999,0.09999999999999999,
run.fixture.fixed.201,edge.market,201,fixed,690.0,0.1171249721712446,0.1044159686242918,0.103779388825215,0.10286439098665705,0.00025357835220347403,2,0.0,,120.0,1.0,fixture,5,True,2,0.09999999999999999,0.09999999999999999,
run.fixture.fixed.201,edge.market,201,fixed,695.0,0.110923325739828,0.1116886662107113,0.10441411968889874,0.10383490356679832,0.0002921615074724248,2,0.0,,120.0,1.0,fixture,5,True,2,0.09999999999999999,0.09999999999999999,
run.fixture.fixed.201,edge.market,201,fixed,700.0,0.1322383275488754,0.1126840860069829,0.10929862837184975,0.10456333928860749,0.00020119932289127957,2,0.0,,120.0,1.0,fixture,5,True,2,0.09999999999999999,0.09999999999999999,
run.fixture.fixed.201,edge.market,201,fixed,705.0,0.0905551569440323,0.10877649426398414,0.10941537002178608,0.10504466713032308,-7.82387196426031e-05,2,0.0,,120.0,1.0,fixture,5,True,2,0.09999999999999999,0.09999999999999999,
run.fixture.fixed.201,edge.market,201,fixed,710.0,0.1190760358949436,0.10830804598297672,0.10900675743219337,0.1049337767314313,0.00010063205179034418,2,0.0,,120.0,1.0,fixture,5,True,2,0.09999999999999999,0.09999999999999999,
run.fixture.fixed.201,edge.market,201,fixed,715.0,0.1009994037501117,0.10879100121074473,0.10744570841883506,0.10551991678797384,0.00014234618623929483,2,0.0,,120.0,1.0,fixture,5,True,2,0.09999999999999999,0.09999999999999999,
run.fixture.fixed.201,edge.market,201,fixed,720.0,0.0936031342906066,0.10921719376280604,0.10602362804141847,0.10563201177787915,8.680316500626122e-05,2,0.0,,120.0,1.0,fixture,5,True,2,0.09999999999999999,0.09999999999999999,
run.fixture.fixed.201,edge.market,201,fixed,725.0,0.138813251849512,0.11231551943112994,0.11208507490408158,0.10664415208880478,-5.0918324001570964e-05,2,0.0,,120.0,1.0,fixture,5,True,2,0.09999999999999999,,
run.fixture.fixed.201,edge.market,201,fixed,730.0,0.143981852189287,0.11703816606676695,0.11352441822825951,0.10737701540538191,0.00026081559051214457,2,0.0,,120.0,1.0,fixture,5,True,2,0.09999999999999999,,
run.fixture.fixed.201,edge.market,201,fixed,735.0,0.0654008725489341,0.10748995820963247,0.1094853854131757,0.10619675602765924,-2.27603519698382e-05,2,0.0,,120.0,1.0,fixture,5,True,2,0.09999999999999999,,
run.fixture.fixed.201,edge.market,201,fixed,740.0,0.0990357775422945,0.10870147543795564,0.10769158569627561,0.10588054158969118,7.339507279010632e-06,2,0.0,,120.0,1.0,fixture,5,True,2,0.09999999999999999,,
run.fixture.fixed.201,edge.market,201,fixed,745.0,0.1324377613606511,0.11061029336162816,0.11036997371203834,0.1071336423892032,9.301750090810127e-05,2,0.0,,120.0,1.0,fixture,5,True,2,0.09999999999999999,,
run.fixture.fixed.201,edge.market,201,fixed,750.0,0.0989427493536947,0.11031648559071143,0.11101020162953966,0.10700558814962262,-0.00013425135310408267,2,0.0,,120.0,1.0,fixture,5,True,2,0.09999999999999999,,
run.fixture.fixed.201,edge.market,201,fixed,755.0,0.1088933240986298,0.11250079842042904,0.11037699793164622,0.10725444813309025,-0.0001011720908991652,2,0.0,,120.0,1.0,fixture,5,True,2,0.09999999999999999,,
run.fixture.fixed.201,edge.market,201,fixed,760.0,0.1246809704721971,0.11048190108081261,0.11143527829567462,0.10949209836515764,-2.657662436990456e-06,2,0.0,,120.0,1.0,fixture,5,True,2,0.09999999999999999,,
run.fixture.fixed.201,edge.market,201,fixed,765.0,0.1043973374283627,0.10482697040068056,0.1092936636710198,0.11010649124249776,0.00011096178763832088,2,0.0,,120.0,1.0,fixture,5,True,2,0.09999999999999999,,
run.fixture.fixed.201,edge.market,201,fixed,770.0,0.1050031614121629,0.11048444023828467,0.11040504863010676,0.10933109771659831,-6.14695976826178e-05,2,0.0,,120.0,1.0,fixture,5,True,2,0.09999999999999999,,
run.fixture.fixed.201,edge.market,201,fixed,775.0,0.0915829054734294,0.10941974422844682,0.10829019244383643,0.10814269229858471,-0.00011887173843669087,2,0.0,,120.0,1.0,fixture,5,True,2,0.09999999999999999,,
run.fixture.fixed.201,edge.market,201,fixed,780.0,0.1135641709479383,0.10672351702663072,0.1092567129975154,0.10820165196862135,-0.00014018124374598815,2,0.0,,120.0,1.0,fixture,5,True,2,0.09999999999999999,,
run.fixture.fixed.201,edge.market,201,fixed,785.0,0.104914094638128,0.10757656635297831,0.11012678687040166,0.10999763804875082,-0.00028922603616872075,2,0.0,,120.0,1.0,fixture,5,True,2,,,
run.fixture.fixed.201,edge.market,201,fixed,790.0,0.0814276281139569,0.10365289549802503,0.10571250812151281,0.10824392761431013,-0.00025778614351476125,2,0.0,,120.0,1.0,fixture,5,True,2,,,
run.fixture.fixed.201,edge.market,201,fixed,795.0,0.0938831872829218,0.09925321218527142,0.10185876466717701,0.10728292313982607,-4.1402095775340066e-05,2,0.0,,120.0,1.0,fixture,5,True,2,,,
run.fixture.fixed.201,edge.market,201,fixed,800.0,0.1174071764238722,0.10111176061320136,0.1058592495806338,0.10708500324230112,-0.0002193304191682298,2,0.0,,120.0,1.0,fixture,5,True,2,,,
run.fixture.fixed.201,edge.market,201,fixed,805.0,0.0947225082635675,0.09964309587768773,0.10552745963611633,0.1069691548866144,-0.00034524772924600074,2,0.0,,120.0,1.0,fixture,5,True,2,,,
run.fixture.fixed.201,edge.market,201,fixed,810.0,0.0917335951477046,0.09966462297401277,0.10239636992742815,0.10701370723547546,-0.00022919396535449256,2,0.0,,120.0,1.0,fixture,5,True,2,,,
run.fixture.fixed.201,edge.market,201,fixed,815.0,0.1006303120872367,0.09781692885105539,0.1025261824453929,0.10635392083211516,-0.0002674046148679909,2,0.0,,120.0,1.0,fixture,5,True,2,,,
run.fixture.fixed.201,edge.market,201,fixed,820.0,0.094779685457748,0.0963691561110011,0.10144051793455586,0.10570817522083197,-0.00026950240646492565,2,0.0,,120.0,1.0,fixture,5,True,2,,,
run.fixture.fixed.201,edge.market,201,fixed,825.0,0.0796701632676439,0.09611808970438494,0.09797814814959024,0.10360544864958271,-0.00023427049463853298,2,0.0,,120.0,1.0,fixture,5,True,2,,,
run.fixture.fixed.201,edge.market,201,fixed,830.0,0.0956779769642789,0.09637448823029313,0.09730742811389148,0.10381036145039257,-0.00020005807943024813,2,0.0,,120.0,1.0,fixture,5,True,2,,,
run.fixture.fixed.201,edge.market,201,fixed,835.0,0.1023962997683242,0.09423007727950054,0.09710690029513465,0.10314317200532779,-0.00010730713106266951,2,0.0,,120.0,1.0,fixture,5,True,2,,,
run.fixture.fixed.201,edge.market,201,fixed,840.0,0.1110946579762416,0.09656895580988256,0.0986078043338125,0.103546982174373,-5.757242520035629e-05,2,0.0,,120.0,1.0,fixture,5,True,2,,,
run.fixture.fixed.201,edge.market,201,fixed,845.0,0.0786784081559961,0.09470392909678135,0.09592428411904773,0.10294999312898857,-7.392606340696991e-05,2,0.0,,120.0,1.0,fixture,5,True,2,,,
run.fixture.fixed.201,edge.market,201,fixed,850.0,0.0986721575827779,0.09442419273900152,0.09544413511479002,0.10134434935831921,1.3344172214945725e-05,2,0.0,,120.0,1.0,fixture,5,True,2,,,
run.fixture.fixed.201,edge.market,201,fixed,855.0,0.0854133561538745,0.09308614569559101,0.09575072957939906,0.0990016095169027,-0.00016061211654475185,2,0.0,,120.0,1.0,fixture,5,True,2,,,
run.fixture.fixed.201,edge.market,201,fixed,860.0,0.0589073606426941,0.09012003103488389,0.09306028137630463,0.0987418690406531,-0.00041790113818823644,2,0.0,,120.0,1.0,fixture,5,True,2,,,
run.fixture.fixed.201,edge.market,201,fixed,865.0,0.1315978906594133,0.09525144727704596,0.09415187477903858,0.10004435356533786,2.3476797011351634e-05,2,0.0,,120.0,1.0,fixture,5,True,2,,,
run.fixture.fixed.201,edge.market,201,fixed,870.0,0.0865761129624884,0.092991420590498,0.09352522898664786,0.09820988762941134,-2.2083792557437094e-05,2,0.0,,120.0,1.0,fixture,5,True,2,,,
run.fixture.fixed.201,edge.market,201,fixed,875.0,0.0978700326172624,0.09110218839635809,0.0939972626381523,0.09816697895995405,-7.218534413388232e-06,2,0.0,,120.0,1.0,fixture,5,True,2,,,
run.fixture.fixed.201,edge.market,201,fixed,880.0,0.1126201220016718,0.09595100466002607,0.09491955570849347,0.0983160508760757,0.00016659300660277373,2,0.0,,120.0,1.0,fixture,5,True,2,,,
run.fixture.fixed.201,edge.market,201,fixed,885.0,0.0870657170439341,0.09429294172590551,0.09432617352281548,0.09681144073894521,0.00011373352996258103,2,0.0,,120.0,1.0,fixture,5,True,2,,,
run.fixture.fixed.201,edge.market,201,fixed,890.0,0.0520208111840563,0.08952257815878863,0.09219930028561643,0.09471637968917294,-0.000277941465442645,2,0.0,,120.0,1.0,fixture,5,True,2,,,
run.fixture.fixed.201,edge.market,201,fixed,895.0,0.0756051915244728,0.0919079825704713,0.09065523986716982,0.09354046089366534,-0.00036059412018574905,2,0.0,,120.0,1.0,fixture,5,True,2,,,
run.fixture.fixed.201,edge.market,201,fixed,900.0,0.101761073907317,0.08764558017731469,0.09060637633940002,0.09394758763102085,-0.00019705299540666836,2,0.0,,120.0,1.0,fixture,5,True,2,,,
run.fixture.fixed.202,edge.market,202,fixed,0.0,0.077316499430915,0.077316499430915,0.077316499430915,0.077316499430915,0.0,2,0.0,,0.0,1.0,fixture,5,False,2,0.09999999999999999,0.15775,0.57775
run.fixture.fixed.202,edge.market,202,fixed,5.0,0.0805687065716904,0.0789426030013027,0.0789426030013027,0.0789426030013027,0.0006504414281550796,2,0.0,,5.0,1.0,fixture,5,False,2,0.09999999999999999,0.17525000000000002,0.59525
run.fixture.fixed.202,edge.market,202,fixed,10.0,0.1298515621637207,0.09591225605544203,0.09591225605544203,0.09591225605544203,0.005253506273280575,2,0.0,,10.0,1.0,fixture,5,False,2,0.09999999999999999,0.19275,0.61275
run.fixture.fixed.202,edge.market,202,fixed,15.0,0.1255938038469564,0.10333264300332062,0.10333264300332062,0.10333264300332062,0.003882295376803093,2,0.0,,15.0,1.0,fixture,5,False,2,0.09999999999999999,0.21025000000000002,0.6302500000000001
run.fixture.fixed.202,edge.market,202,fixed,20.0,0.0760566665966866,0.09787744772199382,0.09787744772199382,0.09787744772199382,0.0008501086321361841,2,0.0,,20.0,1.0,fixture,5,False,2,0.09999999999999999,0.22775,0.6477499999999999
run.fixture.fixed.202,edge.market,202,fixed,25.0,0.1082044545312829,0.09959861552354199,0.09959861552354199,0.09959861552354199,0.0007808336986289386,2,0.0,,25.0,1.0,fixture,5,False,2,0.09999999999999999,0.24525,0.66525
run.fixture.fixed.202,edge.market,202,fixed,30.0,0.0960040696187161,0.09908510896570973,0.09908510896570973,0.09908510896570973,0.00041099507796824307,2,0.0,,30.0,1.0,fixture,5,False,2,0.09999999999999999,0.26275,0.68275
run.fixture.fixed.202,edge.market,202,fixed,35.0,0.1117345207009092,0.10400196914713745,0.10066628543260966,0.10066628543260966,0.0004848202475654917,2,0.0,,35.0,1.0,fixture,5,False,2,0.10233333333333333,0.28025,0.70025
run.fixture.fixed.202,edge.market,202,fixed,40.0,0.1067365526271517,0.10774023286934623,0.10134075956533656,0.10134075956533656,0.00042031106922306834,2,0.0,,40.0,1.0,fixture,5,False,2,0.10758333333333332,0.29775,0.7177500000000001
run.fixture.fixed.202,edge.market,202,fixed,45.0,0.1188590411966373,0.10616987273119147,0.10309258772846663,0.10309258772846663,0.0004967893045036913,2,0.0,,45.0,1.0,fixture,5,False,2,0.11574999999999998,0.31525,0.7352500000000001
run.fixture.fixed.202,edge.market,202,fixed,50.0,0.1248517623502996,0.10606386680309764,0.10507069451226964,0.10507069451226964,0.0005704026567580708,2,0.0,,50.0,1.0,fixture,5,False,2,0.12683333333333333,0.33275,0.7527499999999999
run.fixture.fixed.202,edge.market,202,fixed,55.0,0.0839702888093484,0.10719438426204932,0.10331232737035952,0.10331232737035952,0.00027646046132989184,2,0.0,,55.0,1.0,fixture,5,False,2,0.14083333333333334,0.35025,0.7702499999999999
run.fixture.fixed.202,edge.market,202,fixed,60.0,0.1047160756222232,0.10669604441789794,0.10342030800511827,0.10342030800511827,0.00022647441688137813,2,0.0,,60.0,1.0,fixture,5,True,2,0.15775,0.36774999999999997,0.78775
run.fixture.fixed.202,edge.market,202,fixed,65.0,0.0924330960905603,0.1061859053424471,0.1045831231327833,0.10263550715407842,-4.676726609309491e-05,2,0.0,,65.0,1.0,fixture,5,True,2,0.17525000000000002,0.38525000000000004,0.80525
run.fixture.fixed.202,edge.market,202,fixed,70.0,0.098182159884091,0.10424985379718735,0.1059380041568141,0.10233861733607925,-0.0002736977006203532,2,0.0,,70.0,1.0,fixture,5,True,2,0.19275,0.40275,0.8227500000000001
run.fixture.fixed.202,edge.market,202,fixed,75.0,0.1247591275058678,0.10682450735128965,0.10554627841390236,0.10373989922169105,3.4348064371590554e-05,2,0.0,,75.0,1.0,fixture,5,True,2,0.21025000000000002,0.42025,0.84025
run.fixture.fixed.202,edge.market,202,fixed,80.0,0.0491094620691365,0.09686028176164667,0.09966286750791621,0.1005263440950702,-0.0001835510785264505,2,0.0,,80.0,1.0,fixture,5,True,2,0.22775,0.43775000000000003,0.8575
run.fixture.fixed.202,edge.market,202,fixed,85.0,0.0994578138282445,0.09323257482992452,0.10146295575649758,0.10046698130246877,-0.0003664892416656114,2,0.0,,85.0,1.0,fixture,5,True,2,0.24525,0.45524999999999993,0.8718333333333335
run.fixture.fixed.202,edge.market,202,fixed,90.0,0.1540719791619036,0.10324710202314671,0.10499122688192994,0.10328829697928113,3.2241123011238055e-05,2,0.0,,90.0,1.0,fixture,5,True,2,0.26275,0.47274999999999995,0.88325
run.fixture.fixed.202,edge.market,202,fixed,95.0,0.0934329605719568,0.10163522844453722,0.10479344926294845,0.10279553015891492,-0.00011309920523308643,2,0.0,,95.0,1.0,fixture,5,True,2,0.28025,0.49025,0.89175
run.fixture.fixed.202,edge.market,202,fixed,100.0,0.1034325960546194,0.10320658558225995,0.10415483967477232,0.10282586663013893,-6.867900653445996e-05,2,0.0,,100.0,1.0,fixture,5,True,2,0.29775,0.50775,0.8946666666666667
run.fixture.fixed.202,edge.market,202,fixed,105.0,0.0881353535718822,0.10177132753765869,0.10272397820898237,0.10215811603658181,-0.00015444266142532198,2,0.0,,105.0,1.0,fixture,5,True,2,0.31525,0.5252500000000001,0.888
run.fixture.fixed.202,edge.market,202,fixed,110.0,0.0799393185845411,0.09536849769175486,0.09973015339266728,0.10119208136475395,-0.0001805553172858306,2,0.0,,110.0,1.0,fixture,5,True,2,0.33275,0.54275,0.872
run.fixture.fixed.202,edge.market,202,fixed,115.0,0.1061729001327969,0.10352041741513493,0.09829331783747476,0.10139961548008906,5.516747737813049e-05,2,0.0,,115.0,1.0,fixture,5,True,2,0.35025,0.5602499999999999,0.8493333333333334
run.fixture.fixed.202,edge.market,202,fixed,120.0,0.1183948873517231,0.10622571363277473,0.10094136387919589,0.10207942635495443,7.752815198099373e-05,2,0.0,,120.0,1.0,fixture,5,True,2,0.36774999999999997,0.57775,0.82
run.fixture.fixed.202,edge.market,202,fixed,125.0,0.0942377148870206,0.09767796159350572,0.10013533613033412,0.10275627497319867,6.236451269323464e-05,2,0.0,,120.0,1.0,fixture,5,True,2,0.38525000000000004,0.59525,0.7839999999999999
run.fixture.fixed.202,edge.market,202,fixed,130.0,0.1118933696935592,0.10031516289659179,0.10163228025364172,0.10400926149807342,8.064200840854586e-05,2,0.0,,120.0,1.0,fixture,5,True,2,0.40275,0.61275,0.7440000000000001
run.fixture.fixed.202,edge.market,202,fixed,135.0,0.1142467465147166,0.10186004153374852,0.10286801768676677,0.10338506887211325,0.0001372749259685386,2,0.0,,120.0,1.0,fixture,5,True,2,0.42025,0.6302500000000001,0.7040000000000002
run.fixture.fixed.202,edge.market,202,fixed,140.0,0.1357609195666052,0.10866369381870895,0.10371430938374658,0.1037917535008992,0.0005225443545539654,2,0.0,,120.0,1.0,fixture,5,True,2,0.43775000000000003,0.6477499999999999,0.6640000000000001
run.fixture.fixed.202,edge.market,202,fixed,145.0,0.0610036426367202,0.10595859725473454,0.10462924635048379,0.10318963254250053,-0.0001791017242201324,2,0.0,,120.0,1.0,fixture,5,True,2,0.45524999999999993,0.66525,0.6240000000000001
run.fixture.fixed.202,edge.market,202,fixed,150.0,0.0871348266081277,0.1032388724654961,0.10368132425662867,0.10234684742557434,-0.00033422979686827684,2,0.0,,120.0,1.0,fixture,5,True,2,0.47274999999999995,0.68275,0.5840000000000001
run.fixture.fixed.202,edge.market,202,fixed,155.0,0.1123226216524745,0.10237140593703199,0.1004698352174418,0.10299958950692467,0.00011036621270534935,2,0.0,,120.0,1.0,fixture,5,True,2,0.49025,0.70025,0.544
run.fixture.fixed.202,edge.market,202,fixed,160.0,0.1343641351865736,0.108103751694111,0.10361838711087387,0.10390477408635125,0.00027971530863545393,2,0.0,,120.0,1.0,fixture,5,True,2,0.50775,0.7177500000000001,0.504
run.fixture.fixed.202,edge.market,202,fixed,165.0,0.1150553411547502,0.10855546190285259,0.10451244442626854,0.10423752562745518,0.00035369463486564773,2,0.0,,120.0,1.0,fixture,5,True,2,0.5252500000000001,0.7352500000000001,0.46399999999999997
run.fixture.fixed.202,edge.market,202,fixed,170.0,0.1753463534527934,0.1172839771797207,0.11122098287864633,0.10649701811770143,0.0006947537757210819,2,0.0,,120.0,1.0,fixture,5,True,2,0.54275,0.7527499999999999,0.424
run.fixture.fixed.202,edge.market,202,fixed,175.0,0.1813601031680104,0.12379814626563572,0.11902258169275935,0.10875735175040985,0.0009165813270149801,2,0.0,,120.0,1.0,fixture,5,True,2,0.5602499999999999,0.7702499999999999,0.38399999999999995
run.fixture.fixed.202,edge.market,202,fixed,180.0,0.2084870193235006,0.14486720007803291,0.1268928985535827,0.11373802097097593,0.0014076130356575208,2,0.0,,120.0,1.0,fixture,5,True,2,0.57775,0.78775,0.3439999999999999
run.fixture.fixed.202,edge.market,202,fixed,185.0,0.2126410783312898,0.1627966646099132,0.13414260555201094,0.11805502107933862,0.001907616332639087,2,0.0,,120.0,1.0,fixture,5,True,2,0.59525,0.80525,0.304
run.fixture.fixed.202,edge.market,202,fixed,190.0,0.2560067282765349,0.18332296555620756,0.1465863758127428,0.1245979663667776,0.002404155345487669,2,0.0,,120.0,1.0,fixture,5,True,2,0.61275,0.8227500000000001,0.26399999999999996
run.fixture.fixed.202,edge.market,202,fixed,195.0,0.2392695412803448,0.198309452141032,0.15638454285788012,0.13024146162262776,0.0027483838619396773,2,0.0,,120.0,1.0,fixture,5,True,2,0.6302500000000001,0.84025,0.22399999999999998
run.fixture.fixed.202,edge.market,202,fixed,200.0,0.2727793359345405,0.22084145139528774,0.16857935742863583,0.13616226995977465,0.003191685163102114,2,0.0,,120.0,1.0,fixture,5,True,2,0.6477499999999999,0.8575,0.18666666666666665
run.fixture.fixed.202,edge.market,202,fixed,205.0,0.3108413372377903,0.24019787765028733,0.1820470818648808,0.1466315449665208,0.0038772267167512487,2,0.0,,120.0,1.0,fixture,5,True,2,0.66525,0.8718333333333335,0.156
run.fixture.fixed.202,edge.market,202,fixed,210.0,0.3186490991289641,0.25981059135899504,0.20186596313351496,0.1553991963785496,0.003846795979374738,2,0.0,,120.0,1.0,fixture,5,True,2,0.68275,0.88325,0.132
run.fixture.fixed.202,edge.market,202,fixed,215.0,0.3377349642858926,0.2782745834964796,0.22114289680103535,0.16274571578350916,0.0038600883433709504,2,0.0,,120.0,1.0,fixture,5,True,2,0.70025,0.89175,0.11466666666666668
run.fixture.fixed.202,edge.market,202,fixed,220.0,0.3303188610497066,0.2950856953133963,0.23791183829313017,0.17222115180261913,0.0037428508262853486,2,0.0,,120.0,1.0,fixture,5,True,2,0.7177500000000001,0.8946666666666667,0.104
run.fixture.fixed.202,edge.market,202,fixed,225.0,0.3377501123471433,0.30676332160919745,0.25355691345932785,0.18159385245432008,0.0036046043675800553,2,0.0,,120.0,1.0,fixture,5,True,2,0.7352500000000001,0.888,0.09999999999999999
run.fixture.fixed.202,edge.market,202,fixed,230.0,0.3525649172537195,0.32294837531967957,0.27182688085155626,0.19217103500159358,0.00319200768256281,2,0.0,,120.0,1.0,fixture,5,True,2,0.7527499999999999,0.872,0.09999999999999999
run.fixture.fixed.202,edge.market,202,fixed,235.0,0.4034214161164542,0.34161152963138147,0.2893711164410686,0.20511031890287013,0.0033175060559672617,2,0.0,,120.0,1.0,fixture,5,True,2,0.7702499999999999,0.8493333333333334,0.09999999999999999
run.fixture.fixed.202,edge.market,202,fixed,240.0,0.4178684866070259,0.35690112239841515,0.3075640690133005,0.21757814236183928,0.003333887515400598,2,0.0,,120.0,1.0,fixture,5,True,2,0.78775,0.82,0.09999999999999999
run.fixture.fixed.202,edge.market,202,fixed,245.0,0.3894642419859251,0.3670175713779811,0.32148539383348707,0.22842091654720736,0.003111757504419438,2,0.0,,120.0,1.0,fixture,5,True,2,0.80525,0.7839999999999999,0.09999999999999999
run.fixture.fixed.202,edge.market,202,fixed,250.0,0.4549158622142258,0.3837576996534572,0.340121915670636,0.24284804244029556,0.0031542548690008114,2,0.0,,120.0,1.0,fixture,5,True,2,0.8227500000000001,0.7440000000000001,0.09999999999999999
run.fixture.fixed.202,edge.market,202,fixed,255.0,0.4628247781588641,0.4026871163833369,0.35603099643081515,0.25688529877890776,0.003316244828529012,2,0.0,,120.0,1.0,fixture,5,True,2,0.84025,0.7040000000000002,0.09999999999999999
run.fixture.fixed.202,edge.market,202,fixed,260.0,0.4753798701507065,0.42234851035527443,0.37419332942084294,0.27133062372434735,0.0032049954398103955,2,0.0,,120.0,1.0,fixture,5,True,2,0.8575,0.6640000000000001,0.09999999999999999
run.fixture.fixed.202,edge.market,202,fixed,265.0,0.4881984026895563,0.4417247225603939,0.39076402686353645,0.2854281230492654,0.003176569599379802,2,0.0,,120.0,1.0,fixture,5,True,2,0.8718333333333335,0.6240000000000001,0.09999999999999999
run.fixture.fixed.202,edge.market,202,fixed,270.0,0.5236615236610562,0.4589018807810514,0.40713481043455696,0.30393443829023886,0.0034380269108137537,2,0.0,,120.0,1.0,fixture,5,True,2,0.88325,0.5840000000000001,0.09999999999999999
run.fixture.fixed.202,edge.market,202,fixed,275.0,0.5077290063984645,0.4717390978941141,0.42167941868605696,0.32075820548185235,0.0034206260280052886,2,0.0,,120.0,1.0,fixture,5,True,2,0.89175,0.544,0.09999999999999999
run.fixture.fixed.202,edge.market,202,fixed,280.0,0.5790548593205551,0.4988234717990612,0.44024248753487716,0.3394274949885755,0.003812539723616099,2,0.0,,120.0,1.0,fixture,5,True,2,0.8946666666666667,0.504,0.09999999999999999
run.fixture.fixed.202,edge.market,202,fixed,285.0,0.5785947447276717,0.5164918835866963,0.45934063243318213,0.3571967193702195,0.0038791860508255167,2,0.0,,120.0,1.0,fixture,5,True,2,0.888,0.46399999999999997,0.09999999999999999
run.fixture.fixed.202,edge.market,202,fixed,290.0,0.5770940003986811,0.5328160581923845,0.4777517007448389,0.37567826573997665,0.0037202701905955475,2,0.0,,120.0,1.0,fixture,5,True,2,0.872,0.424,0.09999999999999999
run.fixture.fixed.202,edge.market,202,fixed,295.0,0.6264436970260068,0.554396604888856,0.498819299188861,0.39372215948290523,0.0037376817216385866,2,0.0,,120.0,1.0,fixture,5,True,2,0.8493333333333334,0.38399999999999995,0.09999999999999999
run.fixture.fixed.202,edge.market,202,fixed,300.0,0.6264436970260068,0.574145932651206,0.5159748592588266,0.41152550323722503,0.0038453313980298318,2,5.0,,120.0,1.0,fixture,5,True,2,0.82,0.3439999999999999,0.09999999999999999
run.fixture.fixed.202,edge.market,202,fixed,305.0,0.6264436970260068,0.5888291002747704,0.5320191062141327,0.4282437703453253,0.003819032956316065,2,10.0,,120.0,1.0,fixture,5,True,2,0.7839999999999999,0.304,0.09999999999999999
run.fixture.fixed.202,edge.market,202,fixed,310.0,0.6264436970260068,0.6057883417929907,0.5502482950633698,0.4447958750931139,0.003345036797276274,2,15.0,,120.0,1.0,fixture,5,True,2,0.7440000000000001,0.26399999999999996,0.09999999999999999
run.fixture.fixed.202,edge.market,202,fixed,315.0,,0.6102439222050633,0.5581926644674652,0.45266208954380477,0.003390661079723033,2,20.0,,120.0,0.9230769230769231,fixture,5,False,0,0.7040000000000002,0.22399999999999998,0.09999999999999999
run.fixture.fixed.202,edge.market,202,fixed,320.0,,0.6165737577005416,0.5668624723137016,0.46194002642482485,0.0033674824620915787,2,25.0,,120.0,0.8461538461538461,fixture,5,False,0,0.6640000000000001,0.18666666666666665,0.09999999999999999
run.fixture.fixed.202,edge.market,202,fixed,325.0,,0.6264436970260068,0.5760107325300012,0.4705382396289286,0.0032702085872821592,2,30.0,,120.0,0.7692307692307693,fixture,5,False,0,0.6240000000000001,0.156,0.09999999999999999
run.fixture.fixed.202,edge.market,202,fixed,330.0,,0.6264436970260068,0.5857676580678284,0.47814285402850665,0.0030329979768388827,2,35.0,,120.0,0.6923076923076923,fixture,5,False,0,0.5840000000000001,0.132,0.09999999999999999
run.fixture.fixed.202,edge.market,202,fixed,335.0,,0.6264436970260068,0.5935309248686749,0.4861175417734838,0.0030020085153390132,2,40.0,,120.0,0.6153846153846154,fixture,5,False,0,0.544,0.11466666666666668,0.09999999999999999
run.fixture.fixed.202,edge.market,202,fixed,340.0,,0.6264436970260068,0.6057883417929907,0.49392715111493596,0.0020515293881453686,2,45.0,,120.0,0.5384615384615384,fixture,5,False,0,0.504,0.104,0.09999999999999999
run.fixture.fixed.202,edge.market,202,fixed,345.0,,,0.6102439222050633,0.5030165005630043,0.002213107722135156,2,50.0,,120.0,0.46153846153846156,fixture,5,False,0,0.46399999999999997,0.09999999999999999,0.09999999999999999
run.fixture.fixed.202,edge.market,202,fixed,350.0,,,0.6165737577005416,0.512738052810996,0.00197398786509303,2,55.0,,120.0,0.38461538461538464,fixture,5,False,0,0.424,0.09999999999999999,0.09999999999999999
run.fixture.fixed.202,edge.market,202,fixed,355.0,0.8163025218192934,0.8163025218192934,0.6644154619846641,0.5400167354325004,0.003422347914728785,2,0.0,,120.0,0.38461538461538464,fixture,5,False,2,0.38399999999999995,0.09999999999999999,0.09999999999999999
run.fixture.fixed.202,edge.market,202,fixed,360.0,0.8235013537369111,0.8199019377781023,0.703826993326845,0.5647273199984096,0.0036219187677080386,2,0.0,,120.0,0.38461538461538464,fixture,5,False,2,0.3439999999999999,0.09999999999999999,0.09999999999999999
run.fixture.fixed.202,edge.market,202,fixed,365.0,0.8466582441409884,0.828820706565731,0.7478699027498413,0.589950246912172,0.003828347244098249,2,0.0,,120.0,0.38461538461538464,fixture,5,False,2,0.304,0.09999999999999999,0.09999999999999999
run.fixture.fixed.202,edge.market,202,fixed,370.0,0.8779947244822011,0.8411142110448485,0.7981801082410802,0.6186873341178355,0.004093023748829769,2,0.0,,120.0,0.38461538461538464,fixture,5,False,2,0.26399999999999996,0.09999999999999999,0.09999999999999999
run.fixture.fixed.202,edge.market,202,fixed,375.0,0.8687260407623285,0.8466365769883446,0.8466365769883446,0.6430291093265474,0.0031868081726272486,2,0.0,,120.0,0.38461538461538464,fixture,5,False,2,0.22399999999999998,0.09999999999999999,0.09999999999999999
run.fixture.fixed.202,edge.market,202,fixed,380.0,0.895119613258893,0.854717083033436,0.854717083033436,0.6684582172736079,0.0032062628492312327,2,0.0,,120.0,0.46153846153846156,fixture,5,False,2,0.18666666666666665,0.09999999999999999,0.09999999999999999
run.fixture.fixed.202,edge.market,202,fixed,385.0,0.8973920564767749,0.8608135078110558,0.8608135078110558,0.6932824635280825,0.0029183779974124853,2,0.0,,120.0,0.5384615384615384,fixture,5,False,2,0.156,0.09999999999999999,0.09999999999999999
run.fixture.fixed.202,edge.market,202,fixed,390.0,0.9049052166882692,0.8734710356494809,0.8663249714207075,0.7177946290574185,0.0026804471462285773,2,0.0,,120.0,0.6153846153846154,fixture,5,False,2,0.132,0.09999999999999999,0.09999999999999999
run.fixture.fixed.202,edge.market,202,fixed,395.0,0.8839280940052179,0.8821034271163819,0.8682808739300976,0.7389867802541339,0.002111021303486789,2,0.0,,120.0,0.6923076923076923,fixture,5,False,2,0.11466666666666668,0.09999999999999999,0.09999999999999999
run.fixture.fixed.202,edge.market,202,fixed,400.0,0.8945661576682402,0.8889474147631321,0.8709094023039118,0.7617419067994149,0.0018220367705883017,2,0.0,,120.0,0.7692307692307693,fixture,5,False,2,0.104,0.09999999999999999,0.09999999999999999
run.fixture.fixed.202,edge.market,202,fixed,405.0,0.8419239908287259,0.8837944528126357,0.8682743648970767,0.7772047968881307,0.0011030238372577341,2,0.0,,120.0,0.8461538461538461,fixture,5,True,2,0.09999999999999999,0.09999999999999999,0.09999999999999999
run.fixture.fixed.202,edge.market,202,fixed,410.0,0.8190335387962266,0.8766955239603355,0.8641709627220058,0.7913482553627516,0.0004697042894224954,2,0.0,,120.0,0.9230769230769231,fixture,5,True,2,0.09999999999999999,0.09999999999999999,0.09999999999999999
run.fixture.fixed.202,edge.market,202,fixed,415.0,0.8064108432502688,0.864022842530532,0.8597278766087952,0.8048374814128451,-1.1782582300386862e-05,2,0.0,,120.0,1.0,fixture,5,True,2,0.09999999999999999,0.09999999999999999,0.09999999999999999
run.fixture.fixed.202,edge.market,202,fixed,420.0,0.7458552777540547,0.8423747312844291,0.8543088578345462,0.8118616920439067,-0.0010966321170860548,2,0.0,,120.0,1.0,fixture,5,True,2,0.09999999999999999,0.09999999999999999,0.09999999999999999
run.fixture.fixed.202,edge.market,202,fixed,425.0,0.7056065414455599,0.8139034919640421,0.845240026119827,0.8165183299509392,-0.0023140677511710684,2,0.0,,120.0,1.0,fixture,5,True,2,0.09999999999999999,0.09999999999999999,0.09999999999999999
run.fixture.fixed.202,edge.market,202,fixed,430.0,0.6294923086200666,0.7775555226233061,0.8285349541566791,0.8166976600447075,-0.0037256708048528588,2,0.0,,120.0,1.0,fixture,5,True,2,0.09999999999999999,0.09999999999999999,0.09999999999999999
run.fixture.fixed.202,edge.market,202,fixed,435.0,0.5841013125912471,0.7332034018980212,0.8059277686266058,0.8142069315485452,-0.0049568614170659745,2,0.0,,120.0,1.0,fixture,5,True,2,0.09999999999999999,0.09999999999999999,0.09999999999999999
run.fixture.fixed.202,edge.market,202,fixed,440.0,0.5788573022088463,0.6956224463808958,0.7836301733532609,0.8011319521407841,-0.0059709656956995006,2,0.0,,120.0,1.0,fixture,5,True,2,0.09999999999999999,0.09999999999999999,0.09999999999999999
run.fixture.fixed.202,edge.market,202,fixed,445.0,0.5260876222886343,0.6537730297369538,0.7552430971247793,0.7866559347801446,-0.006811437373774579,2,0.0,,120.0,1.0,fixture,5,True,2,0.09999999999999999,0.09999999999999999,0.09999999999999999
run.fixture.fixed.202,edge.market,202,fixed,450.0,0.4564582915810863,0.6037798080699278,0.7213251152097263,0.7701460526201916,-0.007687993547179184,2,0.0,,120.0,1.0,fixture,5,True,2,0.09999999999999999,0.09999999999999999,0.09999999999999999
run.fixture.fixed.202,edge.market,202,fixed,455.0,0.4380616600770023,0.5598092912589204,0.6854140723934752,0.7543325101181351,-0.008143510053164403,2,0.0,,120.0,1.0,fixture,5,True,2,0.09999999999999999,0.09999999999999999,0.09999999999999999
run.fixture.fixed.202,edge.market,202,fixed,460.0,0.4038406779840577,0.5166998821929915,0.6484842711610781,0.7384010632029497,-0.008473006992916384,2,0.0,,120.0,1.0,fixture,5,True,2,0.09999999999999999,0.09999999999999999,0.09999999999999999
run.fixture.fixed.202,edge.market,202,fixed,465.0,0.3496989034349219,0.47672939573797085,0.606571405450823,0.7215009692999921,-0.008550082817978807,2,0.0,,120.0,1.0,fixture,5,True,2,0.09999999999999999,0.09999999999999999,0.09999999999999999
run.fixture.fixed.202,edge.market,202,fixed,470.0,0.3228950222247112,0.4394142113998943,0.566646100173591,0.7048923881718553,-0.008610072050628644,2,0.0,,120.0,1.0,fixture,5,True,2,0.09999999999999999,0.09999999999999999,0.09999999999999999
run.fixture.fixed.202,edge.market,202,fixed,475.0,0.2714736056995963,0.3955022547557157,0.5245261053200041,0.6875556368729651,-0.008614822486327015,2,0.0,,120.0,1.0,fixture,5,True,2,0.09999999999999999,0.09999999999999999,0.09999999999999999
run.fixture.fixed.202,edge.market,202,fixed,480.0,0.2499721351770913,0.35605718516835244,0.4817231277759135,0.6649024214072768,-0.008256724305388144,2,0.0,,120.0,1.0,fixture,5,True,2,0.09999999999999999,0.09999999999999999,0.09999999999999999
run.fixture.fixed.202,edge.market,202,fixed,485.0,0.2197418557580334,0.32224055147934483,0.4412528645454504,0.6407520414881218,-0.007952287582597254,2,0.0,,120.0,1.0,fixture,5,True,2,0.09999999999999999,0.09999999999999999,0.09999999999999999
run.fixture.fixed.202,edge.market,202,fixed,490.0,0.131217228530963,0.2784056326870536,0.39706907124432755,0.6121344008637206,-0.007962988766977649,2,0.0,,120.0,1.0,fixture,5,True,2,0.09999999999999999,0.09999999999999999,0.09999999999999999
run.fixture.fixed.202,edge.market,202,fixed,495.0,0.1297143600502123,0.2392447301250756,0.358624613662031,0.5822031862864411,-0.007937896025806787,2,0.0,,120.0,1.0,fixture,5,True,2,0.09999999999999999,0.09999999999999999,0.09999999999999999
run.fixture.fixed.202,edge.market,202,fixed,500.0,0.1141541372938952,0.20559547781921464,0.3224748309468501,0.5520203101477038,-0.007815353130976348,2,0.0,,120.0,1.0,fixture,5,True,2,0.09999999999999999,0.09999999999999999,0.09999999999999999
run.fixture.fixed.202,edge.market,202,fixed,505.0,0.1374615518949633,0.17910498205782213,0.288521311691936,0.5217139876931466,-0.00706304804908332,2,0.0,,120.0,1.0,fixture,5,True,2,0.09999999999999999,0.09999999999999999,0.09999999999999999
run.fixture.fixed.202,edge.market,202,fixed,510.0,0.0892391256575362,0.15307148490895636,0.2549175811818515,0.48938787046037713,-0.006549563369994878,2,0.0,,120.0,1.0,fixture,5,True,2,0.09999999999999999,0.09999999999999999,0.09999999999999999
run.fixture.fixed.202,edge.market,202,fixed,515.0,0.0862389627129183,0.1296810316997888,0.22643917126891552,0.4566412203013631,-0.0061114169282574645,2,0.0,,120.0,1.0,fixture,5,True,2,0.09999999999999999,0.09999999999999999,0.09999999999999999
run.fixture.fixed.202,edge.market,202,fixed,520.0,0.0745987758724375,0.10894630600184654,0.19848048786856434,0.42426804757605185,-0.005484697093886322,2,0.0,,120.0,1.0,fixture,5,True,2,0.09999999999999999,0.09999999999999999,0.09999999999999999
run.fixture.fixed.202,edge.market,202,fixed,525.0,0.1029548438799412,0.10490882248027199,0.1753354237067093,0.39260359502451986,-0.004534842734681145,2,0.0,,120.0,1.0,fixture,5,True,2,0.09999999999999999,0.09999999999999999,0.09999999999999999
run.fixture.fixed.202,edge.market,202,fixed,530.0,0.0830167348217407,0.0982377331619189,0.1548214107364646,0.3622473047842405,-0.0038022798502990807,2,0.0,,120.0,1.0,fixture,5,True,2,0.09999999999999999,0.09999999999999999,0.09999999999999999
run.fixture.fixed.202,edge.market,202,fixed,535.0,0.0912579784187623,0.09496685332261422,0.1370031765975455,0.3331362823691419,-0.0029285054695172,2,0.0,,120.0,1.0,fixture,5,True,2,0.09999999999999999,0.09999999999999999,0.09999999999999999
run.fixture.fixed.202,edge.market,202,fixed,540.0,0.086484901228902,0.08768447465603402,0.12277327625364591,0.3043392446882872,-0.0022272050832507204,2,0.0,,120.0,1.0,fixture,5,True,2,0.09999999999999999,0.09999999999999999,0.09999999999999999
run.fixture.fixed.202,edge.market,202,fixed,545.0,0.0968712175060482,0.08877477349153574,0.1109962825866426,0.27837988227836696,-0.0014195351272303556,2,0.0,,120.0,1.0,fixture,5,True,2,0.09999999999999999,0.09999999999999999,0.09999999999999999
run.fixture.fixed.202,edge.market,202,fixed,550.0,0.1116028563186339,0.09239818686378083,0.10267789801438107,0.25461973487329,-0.0005790313309757576,2,0.0,,120.0,1.0,fixture,5,True,2,0.09999999999999999,0.09999999999999999,0.09999999999999999
run.fixture.fixed.202,edge.market,202,fixed,555.0,0.1239333176532777,0.099445978546758,0.10211759717763605,0.2343973752346184,-0.00021935239531701767,2,0.0,,120.0,1.0,fixture,5,True,2,0.09999999999999999,0.09999999999999999,0.09999999999999999
run.fixture.fixed.202,edge.market,202,fixed,560.0,0.1158520602322414,0.10128843802565803,0.10105126642240754,0.2156674051402582,8.348729527162624e-05,2,0.0,,120.0,1.0,fixture,5,True,2,0.09999999999999999,0.09999999999999999,0.09999999999999999
run.fixture.fixed.202,edge.market,202,fixed,565.0,0.1206672590791073,0.10666708434813896,0.10155227579050077,0.1973398034150686,0.0003136148249865836,2,0.0,,120.0,1.0,fixture,5,True,2,0.09999999999999999,0.09999999999999999,0.09999999999999999
run.fixture.fixed.202,edge.market,202,fixed,570.0,0.0938983371187649,0.10704427844813935,0.09820125926925474,0.18005223200827383,0.0005393744960863899,2,0.0,,120.0,1.0,fixture,5,True,2,0.09999999999999999,0.09999999999999999,0.09999999999999999
run.fixture.fixed.202,edge.market,202,fixed,575.0,0.1114573539223474,0.11061177169006012,0.09991035375116328,0.16625219450192424,0.0005578378286540005,2,0.0,,120.0,1.0,fixture,5,True,2,0.09999999999999999,0.09999999999999999,0.09999999999999999
run.fixture.fixed.202,edge.market,202,fixed,580.0,0.1270782074853219,0.1149270559728135,0.10305183411827126,0.15381285639825706,0.0006318019881454689,2,0.0,,120.0,1.0,fixture,5,True,2,0.09999999999999999,0.09999999999999999,0.09999999999999999
run.fixture.fixed.202,edge.market,202,fixed,585.0,0.1016585848783672,0.1135064457670611,0.10513335788795815,0.14172557267402944,0.00040374605060672234,2,0.0,,120.0,1.0,fixture,5,True,2,0.09999999999999999,0.09999999999999999,0.09999999999999999
run.fixture.fixed.202,edge.market,202,fixed,590.0,0.1008745586418786,0.11021233733686124,0.10497333594656871,0.13177259888230772,0.0003589082555159566,2,0.0,,120.0,1.0,fixture,5,True,2,0.09999999999999999,0.09999999999999999,0.09999999999999999
run.fixture.fixed.202,edge.market,202,fixed,595.0,0.0819742952936991,0.10537265663135519,0.10489314829056552,0.12213576980506721,3.836929750385278e-05,2,0.0,,120.0,1.0,fixture,5,True,2,0.09999999999999999,0.09999999999999999,0.09999999999999999
run.fixture.fixed.202,edge.market,202,fixed,600.0,0.1049658055669546,0.10312959184390481,0.10594759653273417,0.11547545779976154,-6.603756562173859e-05,2,0.0,,120.0,1.0,fixture,5,True,2,0.09999999999999999,0.09999999999999999,0.09999999999999999
run.fixture.fixed.202,edge.market,202,fixed,605.0,0.0931700475176036,0.10302555047231034,0.10646183855494198,0.10920337429338205,-0.0002999981823443846,2,0.0,,120.0,1.0,fixture,5,True,2,0.09999999999999999,0.09999999999999999,
run.fixture.fixed.202,edge.market,202,fixed,610.0,0.0849628227800163,0.09924061745197733,0.10554580819140107,0.10381221297426135,-0.0005155239427749456,2,0.0,,120.0,1.0,fixture,5,True,2,0.09999999999999999,0.09999999999999999,
run.fixture.fixed.202,edge.market,202,fixed,615.0,0.1038915813171247,0.09592824228509202,0.10495263319128498,0.10271918708570782,-0.00047983825525299903,2,0.0,,120.0,1.0,fixture,5,True,2,0.09999999999999999,0.09999999999999999,
run.fixture.fixed.202,edge.market,202,fixed,620.0,0.1019731658125241,0.09597318241854301,0.10326339074199622,0.10160953931620031,-0.0003534778300207087,2,0.0,,120.0,1.0,fixture,5,True,2,0.09999999999999999,0.09999999999999999,
run.fixture.fixed.202,edge.market,202,fixed,625.0,0.1289278429208378,0.09998079445839433,0.10426922017958057,0.10220048754127803,-8.742574265283499e-05,2,0.0,,120.0,1.0,fixture,5,True,2,0.09999999999999999,0.09999999999999999,
run.fixture.fixed.202,edge.market,202,fixed,630.0,0.0718962862964602,0.09854107888736018,0.10051760688860772,0.09957787691733788,-0.00017473489760012694,2,0.0,,120.0,1.0,fixture,5,True,2,0.09999999999999999,0.09999999999999999,
run.fixture.fixed.202,edge.market,202,fixed,635.0,0.1222743207941814,0.10101372391982115,0.10270037486363977,0.1008992847228037,-8.220149645227818e-05,2,0.0,,120.0,1.0,fixture,5,True,2,0.09999999999999999,0.09999999999999999,
run.fixture.fixed.202,edge.market,202,fixed,640.0,0.1038781913090876,0.102543458747176,0.10211736235492748,0.10160485386665048,-7.074296360364575e-06,2,0.0,,120.0,1.0,fixture,5,True,2,0.09999999999999999,0.09999999999999999,
run.fixture.fixed.202,edge.market,202,fixed,645.0,0.1394222916009934,0.11032338286445846,0.10306690728690218,0.1041977944957927,0.0004308987711002468,2,0.0,,120.0,1.0,fixture,5,True,2,0.09999999999999999,0.09999999999999999,
run.fixture.fixed.202,edge.market,202,fixed,650.0,0.1037713778551452,0.11030621094131854,0.10322942982357743,0.10423045585480085,0.0004247103826933382,2,0.0,,120.0,1.0,fixture,5,True,2,0.09999999999999999,0.09999999999999999,
run.fixture.fixed.202,edge.market,202,fixed,655.0,0.0971931194302697,0.10962334717242506,0.10294624219191523,0.104797511239142,0.00036679614024087806,2,0.0,,120.0,1.0,fixture,5,True,2,0.09999999999999999,0.09999999999999999,
run.fixture.fixed.202,edge.market,202,fixed,660.0,0.1301977067735645,0.10980475629424315,0.10665573538267409,0.1063551003733341,0.0003851534580456942,2,0.0,,120.0,1.0,fixture,5,True,2,0.09999999999999999,0.09999999999999999,
run.fixture.fixed.202,edge.market,202,fixed,665.0,0.1017395498255995,0.11406807965554876,0.1064075618641083,0.10696528631720202,0.00033973958765834937,2,0.0,,120.0,1.0,fixture,5,True,2,0.09999999999999999,0.09999999999999999,
run.fixture.fixed.202,edge.market,202,fixed,670.0,0.1297934938715237,0.11514224723802624,0.10922475004517908,0.10828217737182103,0.00039210551251434885,2,0.0,,120.0,1.0,fixture,5,True,2,0.09999999999999999,0.09999999999999999,
run.fixture.fixed.202,edge.market,202,fixed,675.0,0.0676440658484182,0.10996594360078774,0.1078925379735177,0.1065238257530124,-6.86830545589536e-05,2,0.0,,120.0,1.0,fixture,5,True,2,0.09999999999999999,0.09999999999999999,
run.fixture.fixed.202,edge.market,202,fixed,680.0,0.0810821185669266,0.10163163316734962,0.10613796391581015,0.10480977778955836,-0.0002762316403109284,2,0.0,,120.0,1.0,fixture,5,True,2,0.09999999999999999,0.09999999999999999,
run.fixture.fixed.202,edge.market,202,fixed,685.0,0.0664782449201375,0.09630404274806281,0.10340758538562657,0.1028348251770742,-0.0005697612015164647,2,0.0,,120.0,1.0,fixture,5,True,2,0.09999999999999999,0.09999999999999999,
run.fixture.fixed.202,edge.market,202,fixed,690.0,0.0827708235826133,0.0942437147698262,0.09985704543653234,0.10131896775721444,-0.0005095180895072346,2,0.0,,120.0,1.0,fixture,5,True,2,0.09999999999999999,0.09999999999999999,
run.fixture.fixed.202,edge.market,202,fixed,695.0,0.1108129067558559,0.09147445762443925,0.10285063162571664,0.10199555054269807,-0.0006523644038638985,2,0.0,,120.0,1.0,fixture,5,True,2,0.09999999999999999,0.09999999999999999,
run.fixture.fixed.202,edge.market,202,fixed,700.0,0.1045585753800326,0.09187717556078681,0.10148788197847443,0.10171959940100547,-0.0004916902426494491,2,0.0,,120.0,1.0,fixture,5,True,2,0.09999999999999999,0.09999999999999999,
run.fixture.fixed.202,edge.market,202,fixed,705.0,0.0566901336724946,0.08143383838949694,0.09785803139104421,0.09890407644849239,-0.0007686730168489954,2,0.0,,120.0,1.0,fixture,5,True,2,0.09999999999999999,0.09999999999999999,
run.fixture.fixed.202,edge.market,202,fixed,710.0,0.0809884257481797,0.0833401755180343,0.09336311863313546,0.0980772700832849,-0.0005601761073847567,2,0.0,,120.0,1.0,fixture,5,True,2,0.09999999999999999,0.09999999999999999,
run.fixture.fixed.202,edge.market,202,fixed,715.0,0.0985068745902981,0.08582942637851596,0.09295815684353183,0.09798256272122167,-0.0004461977004649292,2,0.0,,120.0,1.0,fixture,5,True,2,0.09999999999999999,0.09999999999999999,
run.fixture.fixed.202,edge.market,202,fixed,720.0,0.1052828050190957,0.09137293496408141,0.09358044035036463,0.09891490311023754,-0.0003323596486401501,2,0.0,,120.0,1.0,fixture,5,True,2,0.09999999999999999,0.09999999999999999,
run.fixture.fixed.202,edge.market,202,fixed,725.0,0.1049007929923313,0.0945343591654697,0.09163452390565435,0.09891230260725259,2.3951319287541273e-05,2,0.0,,120.0,1.0,fixture,5,True,2,0.09999999999999999,,
run.fixture.fixed.202,edge.market,202,fixed,730.0,0.1047742683372842,0.09367169653424519,0.09186796379116856,0.09937647144003985,0.00018831796547369033,2,0.0,,120.0,1.0,fixture,5,True,2,0.09999999999999999,,
run.fixture.fixed.202,edge.market,202,fixed,735.0,0.0770363931845811,0.08973995622060925,0.08780972527678836,0.09905941425622243,0.0003822622368176036,2,0.0,,120.0,1.0,fixture,5,True,2,0.09999999999999999,,
run.fixture.fixed.202,edge.market,202,fixed,740.0,0.0985756863381024,0.09572360660141035,0.09018908069907178,0.09884677845706152,0.00029812613832232176,2,0.0,,120.0,1.0,fixture,5,True,2,0.09999999999999999,,
run.fixture.fixed.202,edge.market,202,fixed,745.0,0.051863342923718,0.09156288048363012,0.08794148257267112,0.09684238554150928,-2.4624588685524024e-05,2,0.0,,120.0,1.0,fixture,5,True,2,0.09999999999999999,,
run.fixture.fixed.202,edge.market,202,fixed,750.0,0.0805344786151789,0.08899539534432736,0.08902273131844353,0.09490665096928293,-0.00023856380551265442,2,0.0,,120.0,1.0,fixture,5,True,2,0.09999999999999999,,
run.fixture.fixed.202,edge.market,202,fixed,755.0,0.1121326090160689,0.0899739387724664,0.0912813301979401,0.09651610387806729,-0.0001342825834962359,2,0.0,,120.0,1.0,fixture,5,True,2,0.09999999999999999,,
run.fixture.fixed.202,edge.market,202,fixed,760.0,0.079743673943129,0.08638006462258037,0.08889138921234574,0.09481487800402519,-6.0112145719813924e-05,2,0.0,,120.0,1.0,fixture,5,True,2,0.09999999999999999,,
run.fixture.fixed.202,edge.market,202,fixed,765.0,0.0915764221276411,0.08449465802120278,0.08789276203908486,0.09432280723676734,7.810818468192355e-05,2,0.0,,120.0,1.0,fixture,5,True,2,0.09999999999999999,,
run.fixture.fixed.202,edge.market,202,fixed,770.0,0.1120349132245307,0.08949444659833843,0.09215005277385685,0.09322731210170881,-2.7330147174795115e-06,2,0.0,,120.0,1.0,fixture,5,True,2,0.09999999999999999,,
run.fixture.fixed.202,edge.market,202,fixed,775.0,0.1157591758852977,0.09194923081936633,0.09482472586132745,0.09370682402291491,6.707286384175602e-05,2,0.0,,120.0,1.0,fixture,5,True,2,0.09999999999999999,,
run.fixture.fixed.202,edge.market,202,fixed,780.0,0.1016244673265379,0.09905796287691203,0.09506454068719204,0.09388407793876566,0.00014023054504401662,2,0.0,,120.0,1.0,fixture,5,True,2,0.09999999999999999,,
run.fixture.fixed.202,edge.market,202,fixed,785.0,0.0799134177830908,0.09896923990089944,0.09311304936134553,0.0918727063791467,0.00011893506471293707,2,0.0,,120.0,1.0,fixture,5,True,2,,,
run.fixture.fixed.202,edge.market,202,fixed,790.0,0.0829133155420569,0.09479505511889774,0.09142170494209366,0.091119657007805,0.00014235902350543018,2,0.0,,120.0,1.0,fixture,5,True,2,,,
run.fixture.fixed.202,edge.market,202,fixed,795.0,0.1275602798315642,0.10162599881724563,0.09317447505703827,0.09103032844620661,0.000483347367574834,2,0.0,,120.0,1.0,fixture,5,True,2,,,
run.fixture.fixed.202,edge.market,202,fixed,800.0,0.0658604749417062,0.09795229207639777,0.09231478903835558,0.09095898480993814,0.00017911596779550092,2,0.0,,120.0,1.0,fixture,5,True,2,,,
run.fixture.fixed.202,edge.market,202,fixed,805.0,0.0611642018110343,0.09068504758875544,0.08943698253627344,0.09016226813970243,2.1888229041984493e-05,2,0.0,,120.0,1.0,fixture,5,True,2,,,
run.fixture.fixed.202,edge.market,202,fixed,810.0,0.0938683818025907,0.08755779129122586,0.09266813937310979,0.09125787361500057,-0.00023792175083712025,2,0.0,,120.0,1.0,fixture,5,True,2,,,
run.fixture.fixed.202,edge.market,202,fixed,815.0,0.107280864608515,0.08836584804579403,0.0947255536802895,0.09223827525603663,-0.00023490996390644427,2,0.0,,120.0,1.0,fixture,5,True,2,,,
run.fixture.fixed.202,edge.market,202,fixed,820.0,0.0771621044068883,0.0879728032777651,0.09203551486419868,0.09089224316207796,-0.0002168125004888072,2,0.0,,120.0,1.0,fixture,5,True,2,,,
run.fixture.fixed.202,edge.market,202,fixed,825.0,0.1254503064795337,0.09404951626883319,0.09555140967469135,0.09172791240605797,-9.104781560471624e-05,2,0.0,,120.0,1.0,fixture,5,True,2,,,
run.fixture.fixed.202,edge.market,202,fixed,830.0,0.1142294609361155,0.09214511356948339,0.09729395112149705,0.09402948549660282,1.5273434493409576e-06,2,0.0,,120.0,1.0,fixture,5,True,2,,,
run.fixture.fixed.202,edge.market,202,fixed,835.0,0.1125249339860087,0.0988114648615266,0.09733164502622613,0.09529094582611597,0.0002153434224694575,2,0.0,,120.0,1.0,fixture,5,True,2,,,
run.fixture.fixed.202,edge.market,202,fixed,840.0,0.0918853422753549,0.1032001992135724,0.09549519628699978,0.09502608453351824,0.0003211839713796474,2,0.0,,120.0,1.0,fixture,5,True,2,,,
run.fixture.fixed.202,edge.market,202,fixed,845.0,0.09738915729015,0.10370316714036658,0.09516940320727763,0.09471033862436042,0.0003808198651111512,2,0.0,,120.0,1.0,fixture,5,True,2,,,
run.fixture.fixed.202,edge.market,202,fixed,850.0,0.0867318605978815,0.10076759513884752,0.09569389880841538,0.09398358132858242,0.00020783398200600216,2,0.0,,120.0,1.0,fixture,5,True,2,,,
run.fixture.fixed.202,edge.market,202,fixed,855.0,0.0868991742706757,0.10215860511938857,0.09600050332600144,0.09326857756591808,5.153460827968689e-05,2,0.0,,120.0,1.0,fixture,5,True,2,,,
run.fixture.fixed.202,edge.market,202,fixed,860.0,0.0915246193228341,0.09731207838271719,0.0932285294407145,0.09384810661144821,0.0002647907967631324,2,0.0,,120.0,1.0,fixture,5,True,2,,,
run.fixture.fixed.202,edge.market,202,fixed,865.0,0.0989841063249029,0.09513417058111541,0.09577650108557578,0.0938644434109202,9.221615919398173e-05,2,0.0,,120.0,1.0,fixture,5,True,2,,,
run.fixture.fixed.202,edge.market,202,fixed,870.0,0.1113356316581459,0.09496427024856356,0.09963584184304593,0.09624333496029733,-7.144462265917283e-05,2,0.0,,120.0,1.0,fixture,5,True,2,,,
run.fixture.fixed.202,edge.market,202,fixed,875.0,0.1053993388197408,0.09689484118347584,0.10052283853667285,0.09723792936847983,-7.780862092622423e-05,2,0.0,,120.0,1.0,fixture,5,True,2,,,
run.fixture.fixed.202,edge.market,202,fixed,880.0,0.0900592597573666,0.0958477129645068,0.09919809970196912,0.09635499539813171,-9.481443430308359e-05,2,0.0,,120.0,1.0,fixture,5,True,2,,,
run.fixture.fixed.202,edge.market,202,fixed,885.0,0.1112845759652921,0.09935524373127971,0.10182290520646171,0.09761663147901826,-0.00018463103813344393,2,0.0,,120.0,1.0,fixture,5,True,2,,,
run.fixture.fixed.202,edge.market,202,fixed,890.0,0.1272402088637063,0.10511824867314123,0.10196059000524424,0.09904318294846086,0.00016470481994894238,2,0.0,,120.0,1.0,fixture,5,True,2,,,
run.fixture.fixed.202,edge.market,202,fixed,895.0,0.1050634327357457,0.10705236487498575,0.1012555109129081,0.09876432372890946,0.0002795390539040045,2,0.0,,120.0,1.0,fixture,5,True,2,,,
run.fixture.fixed.202,edge.market,202,fixed,900.0,0.126698301149186,0.11101153556416907,0.10234576992546018,0.099201888739465,0.0005339815845956224,2,0.0,,120.0,1.0,fixture,5,True,2,,,
run.fixture.fixed.300,edge.market,300,fixed,0.0,0.0876039095931819,0.0876039095931819,0.0876039095931819,0.0876039095931819,0.0,2,0.0,,0.0,1.0,fixture,5,False,2,0.09999999999999999,0.18925000000000003,0.60925
run.fixture.fixed.300,edge.market,300,fixed,5.0,0.0987414543433345,0.0931726819682582,0.0931726819682582,0.0931726819682582,0.0022275089500305226,2,0.0,,5.0,1.0,fixture,5,False,2,0.09999999999999999,0.20675000000000002,0.62675
run.fixture.fixed.300,edge.market,300,fixed,10.0,0.078786713744489,0.08837735922700181,0.08837735922700181,0.08837735922700181,-0.000881719584869285,2,0.0,,10.0,1.0,fixture,5,False,2,0.09999999999999999,0.22424999999999998,0.64425
run.fixture.fixed.300,edge.market,300,fixed,15.0,0.0932386815250094,0.08959268980150371,0.08959268980150371,0.08959268980150371,-6.1008496067258495e-05,2,0.0,,15.0,1.0,fixture,5,False,2,0.09999999999999999,0.24175000000000002,0.66175
run.fixture.fixed.300,edge.market,300,fixed,20.0,0.0875364788561345,0.08918144761242988,0.08918144761242988,0.08918144761242988,-0.00011275268584839546,2,0.0,,20.0,1.0,fixture,5,False,2,0.09999999999999999,0.25925000000000004,0.67925
run.fixture.fixed.300,edge.market,300,fixed,25.0,0.0984779210297128,0.0907308598486437,0.0907308598486437,0.0907308598486437,0.00020118342000900258,2,0.0,,25.0,1.0,fixture,5,False,2,0.10175,0.27675,0.6967499999999999
run.fixture.fixed.300,edge.market,300,fixed,30.0,0.1096592938618759,0.09343492185053401,0.09343492185053401,0.09343492185053401,0.0005313489377891705,2,0.0,,30.0,1.0,fixture,5,False,2,0.10641666666666666,0.29424999999999996,0.7142499999999998
run.fixture.fixed.300,edge.market,300,fixed,35.0,0.0815077629768762,0.09256404376249035,0.09194402699132677,0.09194402699132677,0.0001554466439651551,2,0.0,,35.0,1.0,fixture,5,False,2,0.11399999999999999,0.31175,0.7317499999999999
run.fixture.fixed.300,edge.market,300,fixed,40.0,0.1064158274721356,0.09366038278089049,0.09355200482252775,0.09355200482252775,0.00030176999051972377,2,0.0,,40.0,1.0,fixture,5,False,2,0.1245,0.32925,0.74925
run.fixture.fixed.300,edge.market,300,fixed,45.0,0.1088773004119862,0.09795903801910437,0.0950845343814736,0.0950845343814736,0.00038665412680843496,2,0.0,,45.0,1.0,fixture,5,False,2,0.13791666666666666,0.34674999999999995,0.76675
run.fixture.fixed.300,edge.market,300,fixed,50.0,0.0871394206472757,0.09708771503657099,0.09436225131472833,0.09436225131472833,0.000217762288431802,2,0.0,,50.0,1.0,fixture,5,False,2,0.15425,0.36425,0.7842500000000001
run.fixture.fixed.300,edge.market,300,fixed,55.0,0.0858875098259062,0.09685214803225264,0.09365602285732649,0.09365602285732649,0.00010231913349506192,2,0.0,,55.0,1.0,fixture,5,False,2,0.17174999999999999,0.38175,0.8017500000000001
run.fixture.fixed.300,edge.market,300,fixed,60.0,0.1174760795584297,0.09956617067921224,0.09548833491125751,0.09548833491125751,0.0002374489237973494,2,0.0,,60.0,1.0,fixture,5,True,2,0.18925000000000003,0.39925000000000005,0.8192499999999999
run.fixture.fixed.300,edge.market,300,fixed,65.0,0.1074697178728252,0.09925337410934784,0.09701647400969161,0.09634414797994093,0.0002557976276906206,2,0.0,,65.0,1.0,fixture,5,True,2,0.20675000000000002,0.41674999999999995,0.83675
run.fixture.fixed.300,edge.market,300,fixed,70.0,0.1305252965165187,0.10625587890072533,0.09946138494609039,0.09862289121571277,0.0004900039984339861,2,0.0,,70.0,1.0,fixture,5,True,2,0.22424999999999998,0.43424999999999997,0.85425
run.fixture.fixed.300,edge.market,300,fixed,75.0,0.0935160202151402,0.10441304929258312,0.10059440852075587,0.09830371177817698,0.0002917678590967216,2,0.0,,75.0,1.0,fixture,5,True,2,0.24175000000000002,0.45175000000000004,0.8691666666666668
run.fixture.fixed.300,edge.market,300,fixed,80.0,0.0921378094295519,0.10202169343794965,0.10050972605187453,0.09794101164002257,0.0001794275475390846,2,0.0,,80.0,1.0,fixture,5,True,2,0.25925000000000004,0.46925,0.8811666666666667
run.fixture.fixed.300,edge.market,300,fixed,85.0,0.1215603686317084,0.10693897172144003,0.10312694834230328,0.09925319813956067,0.00021842878392240697,2,0.0,,85.0,1.0,fixture,5,True,2,0.27675,0.48675,0.89025
run.fixture.fixed.300,edge.market,300,fixed,90.0,0.0832460949377857,0.10656162673742282,0.10195526941215506,0.09841071902367778,5.1584485444122643e-05,2,0.0,,90.0,1.0,fixture,5,True,2,0.29424999999999996,0.50425,0.8964166666666666
run.fixture.fixed.300,edge.market,300,fixed,95.0,0.1032206887576425,0.10452514233731036,0.1014599920964448,0.09865121751037602,0.00011918963623639881,2,0.0,,95.0,1.0,fixture,5,True,2,0.31175,0.5217499999999999,0.8996666666666666
run.fixture.fixed.300,edge.market,300,fixed,100.0,0.1133041587948809,0.10535863389760403,0.10390586869782978,0.09934897661916198,4.380435750413006e-05,2,0.0,,100.0,1.0,fixture,5,True,2,0.32925,0.5392499999999999,0.9
run.fixture.fixed.300,edge.market,300,fixed,105.0,0.0855125563435674,0.09892824244432528,0.10229792476486299,0.09872004842481676,-5.816285426008177e-05,2,0.0,,105.0,1.0,fixture,5,True,2,0.34674999999999995,0.55675,0.9
run.fixture.fixed.300,edge.market,300,fixed,110.0,0.0908224500298249,0.09854344670356596,0.10090909012008134,0.09837667458155623,-8.321474313960449e-05,2,0.0,,110.0,1.0,fixture,5,True,2,0.36425,0.57425,0.9
run.fixture.fixed.300,edge.market,300,fixed,115.0,0.0873538342426064,0.09786002167685945,0.10092558347356831,0.09791738956743334,-0.0002785105910236583,2,0.0,,115.0,1.0,fixture,5,True,2,0.38175,0.59175,0.9
run.fixture.fixed.300,edge.market,300,fixed,120.0,0.0753221935872427,0.09125456809907864,0.10011286683982498,0.09701358172822572,-0.0005630016403111186,2,0.0,,120.0,1.0,fixture,5,True,2,0.39925000000000005,0.60925,0.8933333333333334
run.fixture.fixed.300,edge.market,300,fixed,125.0,0.0806830933993236,0.09088842502215548,0.09728263713527835,0.09673674908047136,-0.0005575468618636193,2,0.0,,120.0,1.0,fixture,5,True,2,0.41674999999999995,0.62675,0.88
run.fixture.fixed.300,edge.market,300,fixed,130.0,0.0753002832930495,0.08689979567007076,0.09480806524452637,0.09579910223845996,-0.0006241232991059751,2,0.0,,120.0,1.0,fixture,5,True,2,0.43424999999999997,0.64425,0.86
run.fixture.fixed.300,edge.market,300,fixed,135.0,0.1175815962760257,0.08751085816737716,0.09381239599525765,0.09735089753972145,-0.0001992202165862589,2,0.0,,120.0,1.0,fixture,5,True,2,0.45175000000000004,0.66175,0.8333333333333334
run.fixture.fixed.300,edge.market,300,fixed,140.0,0.1155285666776293,0.09179885964367174,0.09550566880006453,0.09824249294582624,-5.8316487318778486e-05,2,0.0,,120.0,1.0,fixture,5,True,2,0.46925,0.67925,0.7999999999999999
run.fixture.fixed.300,edge.market,300,fixed,145.0,0.1312601335268908,0.09757567157182401,0.09851507834601367,0.09999143913265648,0.00015152062561239635,2,0.0,,120.0,1.0,fixture,5,True,2,0.48675,0.6967499999999999,0.7600000000000001
run.fixture.fixed.300,edge.market,300,fixed,150.0,0.1325865063651159,0.10403748187503965,0.09936324278704502,0.10135578254607261,0.000553438867496437,2,0.0,,120.0,1.0,fixture,5,True,2,0.50425,0.7142499999999998,0.7200000000000001
run.fixture.fixed.300,edge.market,300,fixed,155.0,0.1567784457302188,0.11567408932403624,0.10501957746338604,0.10324054862080632,0.0008080225847648185,2,0.0,,120.0,1.0,fixture,5,True,2,0.5217499999999999,0.7317499999999999,0.6800000000000002
run.fixture.fixed.300,edge.market,300,fixed,160.0,0.1698574548731567,0.1284132838202981,0.11014548254919482,0.10677453629665754,0.0012216874677520924,2,0.0,,120.0,1.0,fixture,5,True,2,0.5392499999999999,0.74925,0.6400000000000001
run.fixture.fixed.300,edge.market,300,fixed,165.0,0.1985325201611715,0.14601788908717267,0.11670151034660178,0.11045920400421899,0.0018287566538967772,2,0.0,,120.0,1.0,fixture,5,True,2,0.55675,0.76675,0.6000000000000001
run.fixture.fixed.300,edge.market,300,fixed,170.0,0.1812766384918511,0.1551171808322906,0.12406797820416207,0.11335517752741357,0.0020146116987871682,2,0.0,,120.0,1.0,fixture,5,True,2,0.57425,0.7842500000000001,0.56
run.fixture.fixed.300,edge.market,300,fixed,175.0,0.2113854161060242,0.16881101646491845,0.13334205251771586,0.11832501734576352,0.002334596237458389,2,0.0,,120.0,1.0,fixture,5,True,2,0.59175,0.8017500000000001,0.52
run.fixture.fixed.300,edge.market,300,fixed,180.0,0.2199273198378544,0.18147775736648467,0.14354001294811955,0.12368660974624145,0.0025517325847057132,2,0.0,,120.0,1.0,fixture,5,True,2,0.60925,0.8192499999999999,0.48
run.fixture.fixed.300,edge.market,300,fixed,185.0,0.2407063396037796,0.19692344782915092,0.156261870334007,0.12861582014805545,0.002667637226912113,2,0.0,,120.0,1.0,fixture,5,True,2,0.62675,0.83675,0.43999999999999995
run.fixture.fixed.300,edge.market,300,fixed,190.0,0.2738662225417085,0.2136502730879352,0.1711221110372674,0.13527168033481077,0.0028616753309818107,2,0.0,,120.0,1.0,fixture,5,True,2,0.64425,0.85425,0.39999999999999997
run.fixture.fixed.300,edge.market,300,fixed,195.0,0.2643611436558576,0.22715080005689245,0.18566525414209878,0.14062511422038432,0.0027393472007642464,2,0.0,,120.0,1.0,fixture,5,True,2,0.66175,0.8691666666666668,0.35999999999999993
run.fixture.fixed.300,edge.market,300,fixed,200.0,0.3112166292452907,0.2432485299260523,0.20056025667819605,0.14933313858159036,0.0030434380200572574,2,0.0,,120.0,1.0,fixture,5,True,2,0.67925,0.8811666666666667,0.3199999999999999
run.fixture.fixed.300,edge.market,300,fixed,205.0,0.331886794481403,0.26476426649598833,0.21720319727848642,0.1589230979836644,0.0032552373572168974,2,0.0,,120.0,1.0,fixture,5,True,2,0.6967499999999999,0.89025,0.27999999999999997
run.fixture.fixed.300,edge.market,300,fixed,210.0,0.3336779499195261,0.2822346284693457,0.23277379853945832,0.1674078012351771,0.003362102268848843,2,0.0,,120.0,1.0,fixture,5,True,2,0.7142499999999998,0.8964166666666666,0.23999999999999996
run.fixture.fixed.300,edge.market,300,fixed,215.0,0.3518938679348322,0.3010869924831997,0.24964359558328264,0.17815371215505896,0.0033768378415431795,2,0.0,,120.0,1.0,fixture,5,True,2,0.7317499999999999,0.8996666666666666,0.19999999999999998
run.fixture.fixed.300,edge.market,300,fixed,220.0,0.3821069895406912,0.32128708533132994,0.26697656049178053,0.1893091641863809,0.0035358755500849437,2,0.0,,120.0,1.0,fixture,5,True,2,0.74925,0.9,0.16666666666666666
run.fixture.fixed.300,edge.market,300,fixed,225.0,0.3919905811645703,0.33816199370602446,0.2840637240526585,0.20045662108116852,0.0036130737750369973,2,0.0,,120.0,1.0,fixture,5,True,2,0.76675,0.9,0.13999999999999999
run.fixture.fixed.300,edge.market,300,fixed,230.0,0.4223038090380194,0.3607252316177619,0.3012769001201083,0.21392827118894656,0.003866614525225744,2,0.0,,120.0,1.0,fixture,5,True,2,0.7842500000000001,0.9,0.12
run.fixture.fixed.300,edge.market,300,fixed,235.0,0.4157693777695147,0.3756613385497939,0.3193148031414671,0.2269261482985341,0.003698431046652818,2,0.0,,120.0,1.0,fixture,5,True,2,0.8017500000000001,0.9,0.10666666666666667
run.fixture.fixed.300,edge.market,300,fixed,240.0,0.4433500540711624,0.39158466134833086,0.33715823683109314,0.2411659970916764,0.003686019833828719,2,0.0,,120.0,1.0,fixture,5,True,2,0.8192499999999999,0.8933333333333334,0.09999999999999999
run.fixture.fixed.300,edge.market,300,fixed,245.0,0.449621160387139,0.40814797712941847,0.3548269937964227,0.25613795576367226,0.003525757330953557,2,0.0,,120.0,1.0,fixture,5,True,2,0.83675,0.88,0.09999999999999999
run.fixture.fixed.300,edge.market,300,fixed,250.0,0.5088115126415043,0.4305647835160859,0.37545046864547843,0.27326309253335945,0.0036631886866920105,2,0.0,,120.0,1.0,fixture,5,True,2,0.85425,0.86,0.09999999999999999
run.fixture.fixed.300,edge.market,300,fixed,255.0,0.5092594383784104,0.44872941906433145,0.39355763909445546,0.2906214587367739,0.0037640283522647595,2,0.0,,120.0,1.0,fixture,5,True,2,0.8691666666666668,0.8333333333333334,0.09999999999999999
run.fixture.fixed.300,edge.market,300,fixed,260.0,0.5297300662864391,0.4684064883674556,0.4139706331429618,0.30710739753719046,0.0036680493358710402,2,0.0,,120.0,1.0,fixture,5,True,2,0.8811666666666667,0.7999999999999999,0.09999999999999999
run.fixture.fixed.300,edge.market,300,fixed,265.0,0.5560003280345608,0.48750599108124726,0.43280014843444403,0.32472626799146775,0.0038140934480313683,2,0.0,,120.0,1.0,fixture,5,True,2,0.89025,0.7600000000000001,0.09999999999999999
run.fixture.fixed.300,edge.market,300,fixed,270.0,0.5574965918548307,0.507752735950578,0.4501547482324,0.3417757263245853,0.0038600112313841475,2,0.0,,120.0,1.0,fixture,5,True,2,0.8964166666666666,0.7200000000000001,0.09999999999999999
run.fixture.fixed.300,edge.market,300,fixed,275.0,0.5845947928163643,0.5279305557713212,0.4694560438398491,0.35985605778263524,0.003850453736124448,2,0.0,,120.0,1.0,fixture,5,True,2,0.8996666666666666,0.6800000000000002,0.09999999999999999
run.fixture.fixed.300,edge.market,300,fixed,280.0,0.5689633882766363,0.5449794454698208,0.4861536992507571,0.3763434554844919,0.0036022216869877467,2,0.0,,120.0,1.0,fixture,5,True,2,0.9,0.6400000000000001,0.09999999999999999
run.fixture.fixed.300,edge.market,300,fixed,285.0,0.6047651254362496,0.5586871044404987,0.5032812481658,0.39373976230701563,0.0035839157409904834,2,0.0,,120.0,1.0,fixture,5,True,2,0.9,0.6000000000000001,0.09999999999999999
run.fixture.fixed.300,edge.market,300,fixed,290.0,0.5908251046382508,0.5703393424776187,0.5185762115099294,0.40943146568609884,0.0033050459276125744,2,0.0,,120.0,1.0,fixture,5,True,2,0.9,0.56,0.09999999999999999
run.fixture.fixed.300,edge.market,300,fixed,295.0,0.6173637521776947,0.5828584404620838,0.5335808225206736,0.42687495023353267,0.0032158354075062187,2,0.0,,120.0,1.0,fixture,5,True,2,0.9,0.52,0.09999999999999999
run.fixture.fixed.300,edge.market,300,fixed,300.0,0.6173637521776947,0.5916246439111029,0.5490880820905336,0.44311408367639943,0.002862008445620519,2,5.0,,120.0,1.0,fixture,5,True,2,0.8933333333333334,0.48,0.09999999999999999
run.fixture.fixed.300,edge.market,300,fixed,305.0,0.6173637521776947,0.6001770953857978,0.5624737511756513,0.4590115409699931,0.002498808252639608,2,10.0,,120.0,1.0,fixture,5,True,2,0.88,0.43999999999999995,0.09999999999999999
run.fixture.fixed.300,edge.market,300,fixed,310.0,0.6173637521776947,0.6048583752945592,0.5753770274672326,0.47407783747294957,0.001992623494939245,2,15.0,,120.0,1.0,fixture,5,True,2,0.86,0.39999999999999997,0.09999999999999999
run.fixture.fixed.300,edge.market,300,fixed,315.0,,0.6108408731308798,0.58092415370271,0.48241998809508463,0.0019309252224160502,2,20.0,,120.0,0.9230769230769231,fixture,5,False,0,0.8333333333333334,0.35999999999999993,0.09999999999999999
run.fixture.fixed.300,edge.market,300,fixed,320.0,,0.6120560226698059,0.5874391278231008,0.49190080741852943,0.001728405894693967,2,25.0,,120.0,0.8461538461538461,fixture,5,False,0,0.7999999999999999,0.3199999999999999,0.09999999999999999
run.fixture.fixed.300,edge.market,300,fixed,325.0,,0.6173637521776947,0.593210033976767,0.5001137246082221,0.0015350870391031232,2,30.0,,120.0,0.7692307692307693,fixture,5,False,0,0.7600000000000001,0.27999999999999997,0.09999999999999999
run.fixture.fixed.300,edge.market,300,fixed,330.0,,0.6173637521776947,0.5973444457481234,0.5081245308047373,0.0014905829130633555,2,35.0,,120.0,0.6923076923076923,fixture,5,False,0,0.7200000000000001,0.23999999999999996,0.09999999999999999
run.fixture.fixed.300,edge.market,300,fixed,335.0,,0.6173637521776947,0.6023254274847849,0.5168468598489978,0.0012755215780913959,2,40.0,,120.0,0.6153846153846154,fixture,5,False,0,0.6800000000000002,0.19999999999999998,0.09999999999999999
run.fixture.fixed.300,edge.market,300,fixed,340.0,,0.6173637521776947,0.6048583752945592,0.5255285962655328,0.0014066928051822186,2,45.0,,120.0,0.5384615384615384,fixture,5,False,0,0.6400000000000001,0.16666666666666666,0.09999999999999999
run.fixture.fixed.300,edge.market,300,fixed,345.0,,,0.6108408731308798,0.5334964633058017,0.0008149090075746068,2,50.0,,120.0,0.46153846153846156,fixture,5,False,0,0.6000000000000001,0.13999999999999999,0.09999999999999999
run.fixture.fixed.300,edge.market,300,fixed,350.0,,,0.6120560226698059,0.5418203387258742,0.0010615459015777574,2,55.0,,120.0,0.38461538461538464,fixture,5,False,0,0.56,0.12,0.09999999999999999
run.fixture.fixed.300,edge.market,300,fixed,355.0,0.8387182579300556,0.8387182579300556,0.6616346533281668,0.5663153063077586,0.003990081219570464,2,0.0,,120.0,0.38461538461538464,fixture,5,False,2,0.52,0.10666666666666667,0.09999999999999999
run.fixture.fixed.300,edge.market,300,fixed,360.0,0.8216332544627333,0.8301757561963945,0.7024885537851746,0.5901896519955949,0.003965710309943558,2,0.0,,120.0,0.38461538461538464,fixture,5,False,2,0.48,0.09999999999999999,0.09999999999999999
run.fixture.fixed.300,edge.market,300,fixed,365.0,0.8940569414845261,0.8514694846257717,0.7578271916465409,0.6167018218434399,0.004458562184570088,2,0.0,,120.0,0.38461538461538464,fixture,5,False,2,0.43999999999999995,0.09999999999999999,0.09999999999999999
run.fixture.fixed.300,edge.market,300,fixed,370.0,0.9110286201196136,0.8663592684992321,0.8165601652349246,0.6438434371218208,0.0047987976907642674,2,0.0,,120.0,0.38461538461538464,fixture,5,False,2,0.39999999999999997,0.09999999999999999,0.09999999999999999
run.fixture.fixed.300,edge.market,300,fixed,375.0,0.8929733089115106,0.8716820765816877,0.8716820765816877,0.666441189843586,0.003958109352395822,2,0.0,,120.0,0.38461538461538464,fixture,5,False,2,0.35999999999999993,0.09999999999999999,0.09999999999999999
run.fixture.fixed.300,edge.market,300,fixed,380.0,0.8906584244391331,0.8748448012245952,0.8748448012245952,0.688876424317746,0.0028039581401531834,2,0.0,,120.0,0.46153846153846156,fixture,5,False,2,0.3199999999999999,0.09999999999999999,0.09999999999999999
run.fixture.fixed.300,edge.market,300,fixed,385.0,0.9100206766857531,0.8798699262904749,0.8798699262904749,0.7112464602235881,0.002506242597477676,2,0.0,,120.0,0.5384615384615384,fixture,5,False,2,0.27999999999999997,0.09999999999999999,0.09999999999999999
run.fixture.fixed.300,edge.market,300,fixed,390.0,0.9033259599301996,0.8890995980047814,0.8828019304954406,0.7316773797468609,0.002061762292313908,2,0.0,,120.0,0.6153846153846154,fixture,5,False,2,0.23999999999999996,0.09999999999999999,0.09999999999999999
run.fixture.fixed.300,edge.market,300,fixed,395.0,0.9043318184570353,0.900913678575396,0.8851941402689512,0.7520794518999319,0.0017302987774409629,2,0.0,,120.0,0.6923076923076923,fixture,5,False,2,0.19999999999999998,0.09999999999999999,0.09999999999999999
run.fixture.fixed.300,edge.market,300,fixed,400.0,0.8849365022219884,0.8996107586807477,0.885168376464255,0.7697466112767332,0.0012555885139901959,2,0.0,,120.0,0.7692307692307693,fixture,5,False,2,0.16666666666666666,0.09999999999999999,0.09999999999999999
run.fixture.fixed.300,edge.market,300,fixed,405.0,0.9163986319677077,0.9003779032304753,0.8880074906009324,0.7901839785526786,0.0012256027991604022,2,0.0,,120.0,0.8461538461538461,fixture,5,True,2,0.13999999999999999,0.09999999999999999,0.09999999999999999
run.fixture.fixed.300,edge.market,300,fixed,410.0,0.9352978798025418,0.9064242705006228,0.8919483563677333,0.8096270817506958,0.0013065436085973115,2,0.0,,120.0,0.9230769230769231,fixture,5,True,2,0.12,0.09999999999999999,0.09999999999999999
run.fixture.fixed.300,edge.market,300,fixed,415.0,0.8998236504677016,0.907733588504704,0.8925541482215771,0.827803466799487,0.0010784949942273477,2,0.0,,120.0,1.0,fixture,5,True,2,0.10666666666666667,0.09999999999999999,0.09999999999999999
run.fixture.fixed.300,edge.market,300,fixed,420.0,0.8508715924577943,0.8992837193292812,0.8934890201083262,0.841539222110081,0.00038954272321267734,2,0.0,,120.0,1.0,fixture,5,True,2,0.09999999999999999,0.09999999999999999,0.09999999999999999
run.fixture.fixed.300,edge.market,300,fixed,425.0,0.8259385522788452,0.8882283753790878,0.8938201968634117,0.853808327998384,-0.0006085816355741648,2,0.0,,120.0,1.0,fixture,5,True,2,0.09999999999999999,0.09999999999999999,0.09999999999999999
run.fixture.fixed.300,edge.market,300,fixed,430.0,0.7696322088295046,0.8689855740037261,0.8842490635822562,0.8627652960367258,-0.0014255824222287208,2,0.0,,120.0,1.0,fixture,5,True,2,0.09999999999999999,0.09999999999999999,0.09999999999999999
run.fixture.fixed.300,edge.market,300,fixed,435.0,0.7278796810257295,0.8465488852614035,0.8701606836519573,0.8692662330277866,-0.00225059275143494,2,0.0,,120.0,1.0,fixture,5,True,2,0.09999999999999999,0.09999999999999999,0.09999999999999999
run.fixture.fixed.300,edge.market,300,fixed,440.0,0.7075143362468415,0.8167082715869941,0.8558946088315982,0.8602800165399563,-0.0031475045180435358,2,0.0,,120.0,1.0,fixture,5,True,2,0.09999999999999999,0.09999999999999999,0.09999999999999999
run.fixture.fixed.300,edge.market,300,fixed,445.0,0.6558159437746364,0.7767822807258647,0.8378298026266369,0.8495187495523079,-0.004199290541218287,2,0.0,,120.0,1.0,fixture,5,True,2,0.09999999999999999,0.09999999999999999,0.09999999999999999
run.fixture.fixed.300,edge.market,300,fixed,450.0,0.6067320891747239,0.7349120576840108,0.8144999112796345,0.8373794165334287,-0.005167697312973963,2,0.0,,120.0,1.0,fixture,5,True,2,0.09999999999999999,0.09999999999999999,0.09999999999999999
run.fixture.fixed.300,edge.market,300,fixed,455.0,0.5642241598455415,0.6939624244536889,0.7884151574269685,0.824372023357815,-0.006134589805337268,2,0.0,,120.0,1.0,fixture,5,True,2,0.09999999999999999,0.09999999999999999,0.09999999999999999
run.fixture.fixed.300,edge.market,300,fixed,460.0,0.5103112742011171,0.6488728132997278,0.7581058847918979,0.8100965347597833,-0.007076575159342371,2,0.0,,120.0,1.0,fixture,5,True,2,0.09999999999999999,0.09999999999999999,0.09999999999999999
run.fixture.fixed.300,edge.market,300,fixed,465.0,0.4984059248043904,0.6101262012961399,0.7283727634520828,0.7965447691095489,-0.007813262453753802,2,0.0,,120.0,1.0,fixture,5,True,2,0.09999999999999999,0.09999999999999999,0.09999999999999999
run.fixture.fixed.300,edge.market,300,fixed,470.0,0.471798718130157,0.5735432065967726,0.6941727700799635,0.7830136836520741,-0.008058606621140817,2,0.0,,120.0,1.0,fixture,5,True,2,0.09999999999999999,0.09999999999999999,0.09999999999999999
run.fixture.fixed.300,edge.market,300,fixed,475.0,0.4139607398159844,0.5316069785352215,0.6540699131579205,0.7682515658986305,-0.008051349932707659,2,0.0,,120.0,1.0,fixture,5,True,2,0.09999999999999999,0.09999999999999999,0.09999999999999999
run.fixture.fixed.300,edge.market,300,fixed,480.0,0.3938245643933772,0.4941796386236131,0.6151469065368187,0.7504558181571634,-0.007876839967233804,2,0.0,,120.0,1.0,fixture,5,True,2,0.09999999999999999,0.09999999999999999,0.09999999999999999
run.fixture.fixed.300,edge.market,300,fixed,485.0,0.3481481667655739,0.45723907827944876,0.5764758737912633,0.7315164146492771,-0.007824004403696046,2,0.0,,120.0,1.0,fixture,5,True,2,0.09999999999999999,0.09999999999999999,0.09999999999999999
run.fixture.fixed.300,edge.market,300,fixed,490.0,0.3105785647225667,0.4210039932618809,0.5368327978253957,0.7081772795787985,-0.007658229793804953,2,0.0,,120.0,1.0,fixture,5,True,2,0.09999999999999999,0.09999999999999999,0.09999999999999999
run.fixture.fixed.300,edge.market,300,fixed,495.0,0.2511439347099216,0.3839800876202815,0.49694908443158164,0.681781892162411,-0.007751127927501748,2,0.0,,120.0,1.0,fixture,5,True,2,0.09999999999999999,0.09999999999999999,0.09999999999999999
run.fixture.fixed.300,edge.market,300,fixed,500.0,0.249335916557313,0.3483986578706991,0.46013802562631884,0.6560363964682432,-0.007607353016607874,2,0.0,,120.0,1.0,fixture,5,True,2,0.09999999999999999,0.09999999999999999,0.09999999999999999
run.fixture.fixed.300,edge.market,300,fixed,505.0,0.1869377644510024,0.3077042359165342,0.42009367394971586,0.6278875700687179,-0.007505778722880667,2,0.0,,120.0,1.0,fixture,5,True,2,0.09999999999999999,0.09999999999999999,0.09999999999999999
run.fixture.fixed.300,edge.market,300,fixed,510.0,0.1645435777192817,0.27207321275986235,0.38230349194545776,0.598068486110059,-0.007377476182889636,2,0.0,,120.0,1.0,fixture,5,True,2,0.09999999999999999,0.09999999999999999,0.09999999999999999
run.fixture.fixed.300,edge.market,300,fixed,515.0,0.1076242490001814,0.23118745341797722,0.3439105811628007,0.5662404176728583,-0.007462174289556439,2,0.0,,120.0,1.0,fixture,5,True,2,0.09999999999999999,0.09999999999999999,0.09999999999999999
run.fixture.fixed.300,edge.market,300,fixed,520.0,0.0952268952011387,0.19505584319448646,0.30783386849784655,0.5338762207426224,-0.007407127108227631,2,0.0,,120.0,1.0,fixture,5,True,2,0.09999999999999999,0.09999999999999999,0.09999999999999999
run.fixture.fixed.300,edge.market,300,fixed,525.0,0.0875447229448991,0.16319386579767683,0.2753133645550606,0.5019805495715389,-0.00730206450756257,2,0.0,,120.0,1.0,fixture,5,True,2,0.09999999999999999,0.09999999999999999,0.09999999999999999
run.fixture.fixed.300,edge.market,300,fixed,530.0,0.1564364099476041,0.14966421940306004,0.2490080172583847,0.4715820606907347,-0.006369771986572932,2,0.0,,120.0,1.0,fixture,5,True,2,0.09999999999999999,0.09999999999999999,0.09999999999999999
run.fixture.fixed.300,edge.market,300,fixed,535.0,0.0990185354303185,0.12819030781348942,0.22033261858916636,0.43813088691584584,-0.005644939002909186,2,0.0,,120.0,1.0,fixture,5,True,2,0.09999999999999999,0.09999999999999999,0.09999999999999999
run.fixture.fixed.300,edge.market,300,fixed,540.0,0.0821010496011466,0.11321363426351001,0.1948049501111019,0.4054219828811836,-0.005066908854931592,2,0.0,,120.0,1.0,fixture,5,True,2,0.09999999999999999,0.09999999999999999,0.09999999999999999
run.fixture.fixed.300,edge.market,300,fixed,545.0,0.0739715415414273,0.10027477195238796,0.1702008714301827,0.3743459808445289,-0.004332692537835022,2,0.0,,120.0,1.0,fixture,5,True,2,0.09999999999999999,0.09999999999999999,0.09999999999999999
run.fixture.fixed.300,edge.market,300,fixed,550.0,0.0772160122624339,0.09593073813270973,0.14935993646840268,0.3443970792438725,-0.0035769541726248613,2,0.0,,120.0,1.0,fixture,5,True,2,0.09999999999999999,0.09999999999999999,0.09999999999999999
run.fixture.fixed.300,edge.market,300,fixed,555.0,0.1054301740004127,0.09738834938974887,0.13357929102823698,0.31782899785070884,-0.0026264576638652926,2,0.0,,120.0,1.0,fixture,5,True,2,0.09999999999999999,0.09999999999999999,0.09999999999999999
run.fixture.fixed.300,edge.market,300,fixed,560.0,0.0937864496391671,0.09828002463178717,0.12147486909971741,0.2924652685952463,-0.0019844846337143326,2,0.0,,120.0,1.0,fixture,5,True,2,0.09999999999999999,0.09999999999999999,0.09999999999999999
run.fixture.fixed.300,edge.market,300,fixed,565.0,0.0840834896256998,0.0879438931572294,0.10876314395113179,0.26752803473040065,-0.0012474746827703072,2,0.0,,120.0,1.0,fixture,5,True,2,0.09999999999999999,0.09999999999999999,0.09999999999999999
run.fixture.fixed.300,edge.market,300,fixed,570.0,0.0990823645498013,0.08795301160286982,0.10200503626642402,0.24525869156140725,-0.0007099607628899652,2,0.0,,120.0,1.0,fixture,5,True,2,0.09999999999999999,0.09999999999999999,0.09999999999999999
run.fixture.fixed.300,edge.market,300,fixed,575.0,0.1085969297678947,0.09173813734097667,0.09770144796247117,0.22533328518513407,-0.00018543202533081334,2,0.0,,120.0,1.0,fixture,5,True,2,0.09999999999999999,0.09999999999999999,0.09999999999999999
run.fixture.fixed.300,edge.market,300,fixed,580.0,0.0987347802397653,0.0952757428693107,0.09701764267320837,0.20671371000090308,-0.00010228960672890445,2,0.0,,120.0,1.0,fixture,5,True,2,0.09999999999999999,0.09999999999999999,0.09999999999999999
run.fixture.fixed.300,edge.market,300,fixed,585.0,0.1008358753036777,0.09865000901805979,0.09744910268109602,0.19033469404500547,-9.088942708239137e-05,2,0.0,,120.0,1.0,fixture,5,True,2,0.09999999999999999,0.09999999999999999,0.09999999999999999
run.fixture.fixed.300,edge.market,300,fixed,590.0,0.1096740311948485,0.09925627433155063,0.09915135716186134,0.1747854183006238,-8.647303924817452e-05,2,0.0,,120.0,1.0,fixture,5,True,2,0.09999999999999999,0.09999999999999999,0.09999999999999999
run.fixture.fixed.300,edge.market,300,fixed,595.0,0.1007800738730437,0.1002553635078187,0.09487010054074131,0.15994467253033923,0.0003649200044521485,2,0.0,,120.0,1.0,fixture,5,True,2,0.09999999999999999,0.09999999999999999,0.09999999999999999
run.fixture.fixed.300,edge.market,300,fixed,600.0,0.097658732088616,0.10219468385966388,0.09476550028368727,0.14729259222124452,0.00041521762369861826,2,0.0,,120.0,1.0,fixture,5,True,2,0.09999999999999999,0.09999999999999999,0.09999999999999999
run.fixture.fixed.300,edge.market,300,fixed,605.0,0.1102529692225644,0.10379048452720148,0.09693103256225788,0.13594972841441202,0.0004199139521112319,2,0.0,,120.0,1.0,fixture,5,True,2,0.09999999999999999,0.09999999999999999,
run.fixture.fixed.300,edge.market,300,fixed,610.0,0.1115310084944584,0.1042096386309963,0.09982022232787567,0.1264850420835674,0.0003395660602951763,2,0.0,,120.0,1.0,fixture,5,True,2,0.09999999999999999,0.09999999999999999,
run.fixture.fixed.300,edge.market,300,fixed,615.0,0.1179583199793355,0.10695585859379204,0.10295424599840654,0.11878023229383816,0.00028527937397722754,2,0.0,,120.0,1.0,fixture,5,True,2,0.09999999999999999,0.09999999999999999,
run.fixture.fixed.300,edge.market,300,fixed,620.0,0.0999619030436829,0.10683100541379277,0.10253360977096578,0.11273295102718858,0.00028459524022524986,2,0.0,,120.0,1.0,fixture,5,True,2,0.09999999999999999,0.09999999999999999,
run.fixture.fixed.300,edge.market,300,fixed,625.0,0.1110677734758723,0.10703011145393902,0.10386294237378926,0.10720222530393096,0.0002735786042987104,2,0.0,,120.0,1.0,fixture,5,True,2,0.09999999999999999,0.09999999999999999,
run.fixture.fixed.300,edge.market,300,fixed,630.0,0.0882455355274659,0.10523946311885649,0.10418309975084819,0.10325453614698951,1.8457054502482784e-05,2,0.0,,120.0,1.0,fixture,5,True,2,0.09999999999999999,0.09999999999999999,
run.fixture.fixed.300,edge.market,300,fixed,635.0,0.0935091777683286,0.10464666964452972,0.1037543930753503,0.10041316014895138,-9.115687769800734e-05,2,0.0,,120.0,1.0,fixture,5,True,2,0.09999999999999999,0.09999999999999999,
run.fixture.fixed.300,edge.market,300,fixed,640.0,0.1085454866985969,0.1044027435696772,0.10375043591617354,0.100450009656888,-2.2316967162522295e-05,2,0.0,,120.0,1.0,fixture,5,True,2,0.09999999999999999,0.09999999999999999,
run.fixture.fixed.300,edge.market,300,fixed,645.0,0.1142271104334851,0.10478790098953816,0.10494215362338276,0.10121001826618185,8.17804093529147e-06,2,0.0,,120.0,1.0,fixture,5,True,2,0.09999999999999999,0.09999999999999999,
run.fixture.fixed.300,edge.market,300,fixed,650.0,0.1119535233285639,0.10393007289657079,0.10579735731760478,0.10218637028152845,2.2820095872821253e-05,2,0.0,,120.0,1.0,fixture,5,True,2,0.09999999999999999,0.09999999999999999,
run.fixture.fixed.300,edge.market,300,fixed,655.0,0.0771211468683337,0.10066710772866376,0.10329328929248827,0.09901375975835762,-0.00013643325089082736,2,0.0,,120.0,1.0,fixture,5,True,2,0.09999999999999999,0.09999999999999999,
run.fixture.fixed.300,edge.market,300,fixed,660.0,0.0883436885795511,0.09742080988633217,0.10233664426991188,0.09858676588432694,-0.00025433447310372335,2,0.0,,120.0,1.0,fixture,5,True,2,0.09999999999999999,0.09999999999999999,
run.fixture.fixed.300,edge.market,300,fixed,665.0,0.1066194572102741,0.10004565584101906,0.10302593081773173,0.09956750218869204,-0.0002620800858805349,2,0.0,,120.0,1.0,fixture,5,True,2,0.09999999999999999,0.09999999999999999,
run.fixture.fixed.300,edge.market,300,fixed,670.0,0.0926830805241614,0.09992764194899517,0.10167440091785458,0.10031596374800139,-0.00027468210008668086,2,0.0,,120.0,1.0,fixture,5,True,2,0.09999999999999999,0.09999999999999999,
run.fixture.fixed.300,edge.market,300,fixed,675.0,0.1072352915133251,0.09974047120824206,0.1013439611500751,0.10151673491803705,-0.00016219682908772534,2,0.0,,120.0,1.0,fixture,5,True,2,0.09999999999999999,0.09999999999999999,
run.fixture.fixed.300,edge.market,300,fixed,680.0,0.1122352181510113,0.09945591516788867,0.10090372254789631,0.10178893668406098,3.741641685781308e-05,2,0.0,,120.0,1.0,fixture,5,True,2,0.09999999999999999,0.09999999999999999,
run.fixture.fixed.300,edge.market,300,fixed,685.0,0.0880024402207395,0.0960343318667709,0.09998376386920839,0.10155757630732389,-5.4891748518488504e-05,2,0.0,,120.0,1.0,fixture,5,True,2,0.09999999999999999,0.09999999999999999,
run.fixture.fixed.300,edge.market,300,fixed,690.0,0.1134735972612597,0.10122753906576033,0.10016882723731511,0.10273318061274628,0.00011931382027157214,2,0.0,,120.0,1.0,fixture,5,True,2,0.09999999999999999,0.09999999999999999,
run.fixture.fixed.300,edge.market,300,fixed,695.0,0.0942737743618341,0.10207469417751502,0.10063253791688188,0.10254083700522759,-1.1272288763406634e-05,2,0.0,,120.0,1.0,fixture,5,True,2,0.09999999999999999,0.09999999999999999,
run.fixture.fixed.300,edge.market,300,fixed,700.0,0.1021960327962645,0.10144277640408508,0.10130075753441542,0.10228480112636239,-5.575860938272246e-05,2,0.0,,120.0,1.0,fixture,5,True,2,0.09999999999999999,0.09999999999999999,
run.fixture.fixed.300,edge.market,300,fixed,705.0,0.074596513833909,0.09885898116262046,0.09868929808328558,0.10131927047012812,-0.00017610185999126046,2,0.0,,120.0,1.0,fixture,5,True,2,0.09999999999999999,0.09999999999999999,
run.fixture.fixed.300,edge.market,300,fixed,710.0,0.1094596902798183,0.09917675241497662,0.09832257345608045,0.10166422306917376,1.4433348394008401e-05,2,0.0,,120.0,1.0,fixture,5,True,2,0.09999999999999999,0.09999999999999999,
run.fixture.fixed.300,edge.market,300,fixed,715.0,0.1166933852731512,0.09981363343242519,0.09868717822104872,0.10194499723230586,0.00024041304071247986,2,0.0,,120.0,1.0,fixture,5,True,2,0.09999999999999999,0.09999999999999999,
run.fixture.fixed.300,edge.market,300,fixed,720.0,0.1095434008091154,0.10289091351647887,0.10118119775495499,0.10229553030974874,0.00014609998143708873,2,0.0,,120.0,1.0,fixture,5,True,2,0.09999999999999999,0.09999999999999999,
run.fixture.fixed.300,edge.market,300,fixed,725.0,0.1216229602112803,0.10405510822362467,0.10374114172662646,0.1032540994346553,0.00018213076221744616,2,0.0,,120.0,1.0,fixture,5,True,2,0.09999999999999999,,
run.fixture.fixed.300,edge.market,300,fixed,730.0,0.0696797025622177,0.10054166939510804,0.10089962213831444,0.10163116876824142,-2.030926701433297e-05,2,0.0,,120.0,1.0,fixture,5,True,2,0.09999999999999999,,
run.fixture.fixed.300,edge.market,300,fixed,735.0,0.1078904700711689,0.10135516043438011,0.10206942133423808,0.10148554723130986,-3.741993042306333e-05,2,0.0,,120.0,1.0,fixture,5,True,2,0.09999999999999999,,
run.fixture.fixed.300,edge.market,300,fixed,740.0,0.0841806633143911,0.10272432464587755,0.10029598839585854,0.10013444096471208,-0.0001156303225829228,2,0.0,,120.0,1.0,fixture,5,True,2,0.09999999999999999,,
run.fixture.fixed.300,edge.market,300,fixed,745.0,0.1017530709836018,0.10162337903213234,0.09948966938298089,0.10020608768230882,-1.4182955755968433e-05,2,0.0,,120.0,1.0,fixture,5,True,2,0.09999999999999999,,
run.fixture.fixed.300,edge.market,300,fixed,750.0,0.1211170777793467,0.10225533510444598,0.10203694919518144,0.10060805985444782,4.005204011491716e-05,2,0.0,,120.0,1.0,fixture,5,True,2,0.09999999999999999,,
run.fixture.fixed.300,edge.market,300,fixed,755.0,0.0990089444989784,0.10075041277442641,0.10092428359808288,0.10103859621330832,0.00010806138987901444,2,0.0,,120.0,1.0,fixture,5,True,2,0.09999999999999999,,
run.fixture.fixed.300,edge.market,300,fixed,760.0,0.0917714817690834,0.09648591585411258,0.10073179955248665,0.1009690883733385,-3.444517404213839e-06,2,0.0,,120.0,1.0,fixture,5,True,2,0.09999999999999999,,
run.fixture.fixed.300,edge.market,300,fixed,765.0,0.0735832744052515,0.09704356897454595,0.09853081813779337,0.0995705998816047,-0.00017118244946681346,2,0.0,,120.0,1.0,fixture,5,True,2,0.09999999999999999,,
run.fixture.fixed.300,edge.market,300,fixed,770.0,0.0792469222924104,0.09295163357758048,0.09888854186537038,0.09817139235596171,-0.00048243904858713077,2,0.0,,120.0,1.0,fixture,5,True,2,0.09999999999999999,,
run.fixture.fixed.300,edge.market,300,fixed,775.0,0.0747044599109788,0.09159789023423584,0.09621506260622889,0.09668142981925829,-0.000560578007735718,2,0.0,,120.0,1.0,fixture,5,True,2,0.09999999999999999,,
run.fixture.fixed.300,edge.market,300,fixed,780.0,0.1043860854572031,0.09197403515903604,0.09526834723577135,0.09777202736281307,-0.0003491775728189032,2,0.0,,120.0,1.0,fixture,5,True,2,0.09999999999999999,,
run.fixture.fixed.300,edge.market,300,fixed,785.0,0.1004451121830929,0.08902089721671406,0.09456847887992346,0.09825608430695473,-0.0002052369522723774,2,0.0,,120.0,1.0,fixture,5,True,2,,,
run.fixture.fixed.300,edge.market,300,fixed,790.0,0.1121355070471192,0.09089612043787705,0.09383867479037263,0.09847672630042854,0.00011870100192836137,2,0.0,,120.0,1.0,fixture,5,True,2,,,
run.fixture.fixed.300,edge.market,300,fixed,795.0,0.0904178654596418,0.09070274667938538,0.09543391809017444,0.09838611769784775,-8.969203277655031e-05,2,0.0,,120.0,1.0,fixture,5,True,2,,,
run.fixture.fixed.300,edge.market,300,fixed,800.0,0.0981058004358047,0.09420596468375013,0.09468125119514642,0.09802093805474696,2.374440452096879e-05,2,0.0,,120.0,1.0,fixture,5,True,2,,,
run.fixture.fixed.300,edge.market,300,fixed,805.0,0.1084488511190135,0.0983776688018363,0.0965480348724251,0.09786948337346704,3.3746035705491195e-05,2,0.0,,120.0,1.0,fixture,5,True,2,,,
run.fixture.fixed.300,edge.market,300,fixed,810.0,0.0702700936046898,0.09774418790093786,0.09412626738173957,0.09716018950882505,-9.947637619360321e-05,2,0.0,,120.0,1.0,fixture,5,True,2,,,
run.fixture.fixed.300,edge.market,300,fixed,815.0,0.1174523566156124,0.09961079806642491,0.09384436575376001,0.09731933988299915,0.0002619436328025372,2,0.0,,120.0,1.0,fixture,5,True,2,,,
run.fixture.fixed.300,edge.market,300,fixed,820.0,0.0899305758902079,0.09810872145315562,0.0931460297069315,0.09714561194413411,0.0002758659537203571,2,0.0,,120.0,1.0,fixture,5,True,2,,,
run.fixture.fixed.300,edge.market,300,fixed,825.0,0.1105778362111733,0.0978861970480205,0.09459267235632302,0.09748088408073047,0.00038022749598465885,2,0.0,,120.0,1.0,fixture,5,True,2,,,
run.fixture.fixed.300,edge.market,300,fixed,830.0,0.0926205971026787,0.09820087299702576,0.09605708179458666,0.09820184741148125,0.00020561404853480518,2,0.0,,120.0,1.0,fixture,5,True,2,,,
run.fixture.fixed.300,edge.market,300,fixed,835.0,0.1011977494649263,0.09864258000118599,0.09774560696170329,0.09787136977888557,0.00011019964139942532,2,0.0,,120.0,1.0,fixture,5,True,2,,,
run.fixture.fixed.300,edge.market,300,fixed,840.0,0.0884710297746893,0.0957886055234254,0.09880457387429639,0.09674247555894708,-0.00012819100967437178,2,0.0,,120.0,1.0,fixture,5,True,2,,,
run.fixture.fixed.300,edge.market,300,fixed,845.0,0.0885660932165791,0.0984023197536953,0.09758765139424838,0.09590338325524565,-0.0001527627710655336,2,0.0,,120.0,1.0,fixture,5,True,2,,,
run.fixture.fixed.300,edge.market,300,fixed,850.0,0.1000805607232724,0.09592063462621815,0.09755960897426218,0.09504168727572533,-0.0001143455386522849,2,0.0,,120.0,1.0,fixture,5,True,2,,,
run.fixture.fixed.300,edge.market,300,fixed,855.0,0.1060841823876561,0.09822829269728217,0.09709412246199581,0.09649786646874287,5.398273276569616e-05,2,0.0,,120.0,1.0,fixture,5,True,2,,,
run.fixture.fixed.300,edge.market,300,fixed,860.0,0.0941134281082167,0.09587623439685979,0.09737839651188618,0.09594678479022477,-1.702602013447185e-05,2,0.0,,120.0,1.0,fixture,5,True,2,,,
run.fixture.fixed.300,edge.market,300,fixed,865.0,0.1076637550208474,0.09802525695659818,0.0981136237876587,0.09688610845848303,5.6384945273437176e-05,2,0.0,,120.0,1.0,fixture,5,True,2,,,
run.fixture.fixed.300,edge.market,300,fixed,870.0,0.104449365917727,0.09848977359271258,0.09780597107986742,0.09699396025584804,0.00017766081791068265,2,0.0,,120.0,1.0,fixture,5,True,2,,,
run.fixture.fixed.300,edge.market,300,fixed,875.0,0.109535654491584,0.10149900569512611,0.10082639884039774,0.09653070332433752,4.318494773931614e-05,2,0.0,,120.0,1.0,fixture,5,True,2,,,
run.fixture.fixed.300,edge.market,300,fixed,880.0,0.1171055590032306,0.10557607223607632,0.10079972210098374,0.09725456790450761,0.00027841205257832664,2,0.0,,120.0,1.0,fixture,5,True,2,,,
run.fixture.fixed.300,edge.market,300,fixed,885.0,0.0697196508803094,0.1012387994013673,0.0992450355617608,0.09637249466895664,-1.0120310937581694e-05,2,0.0,,120.0,1.0,fixture,5,True,2,,,
run.fixture.fixed.300,edge.market,300,fixed,890.0,0.0813073770489453,0.09769925578155149,0.09699346178005094,0.09668145877470438,-4.121519723539066e-05,2,0.0,,120.0,1.0,fixture,5,True,2,,,
run.fixture.fixed.300,edge.market,300,fixed,895.0,0.0838434108907829,0.09623211046477523,0.09631829360990511,0.09686531831863932,-0.00016155625006749295,2,0.0,,120.0,1.0,fixture,5,True,2,,,
run.fixture.fixed.300,edge.market,300,fixed,900.0,0.1007699961149498,0.0952472877639327,0.09628538950606076,0.09790793976679815,-9.467008961099206e-05,2,0.0,,120.0,1.0,fixture,5,True,2,,,
run.fixture.fixed.301,edge.market,301,fixed,0.0,0.056857870777085,0.056857870777085,0.056857870777085,0.056857870777085,0.0,2,0.0,,0.0,1.0,fixture,5,False,2,0.09999999999999999,0.14725000000000002,0.5672499999999999
run.fixture.fixed.301,edge.market,301,fixed,5.0,0.0862214248760604,0.0715396478265727,0.0715396478265727,0.0715396478265727,0.0058727108197950805,2,0.0,,5.0,1.0,fixture,5,False,2,0.09999999999999999,0.16474999999999998,0.58475
run.fixture.fixed.301,edge.market,301,fixed,10.0,0.0843968968087501,0.0758253974872985,0.0758253974872985,0.0758253974872985,0.00275390260316651,2,0.0,,10.0,1.0,fixture,5,False,2,0.09999999999999999,0.18225,0.6022500000000001
run.fixture.fixed.301,edge.market,301,fixed,15.0,0.0931773090127461,0.08016337536866039,0.08016337536866039,0.08016337536866039,0.0021426757327934636,2,0.0,,15.0,1.0,fixture,5,False,2,0.09999999999999999,0.19974999999999998,0.6197499999999999
run.fixture.fixed.301,edge.market,301,fixed,20.0,0.0859598573337632,0.08132267176168095,0.08132267176168095,0.08132267176168095,0.0013031971450008445,2,0.0,,20.0,1.0,fixture,5,False,2,0.09999999999999999,0.21724999999999997,0.63725
run.fixture.fixed.301,edge.market,301,fixed,25.0,0.0521373754961753,0.07645845571743001,0.07645845571743001,0.07645845571743001,-8.918152472825072e-05,2,0.0,,25.0,1.0,fixture,5,False,2,0.09999999999999999,0.23475,0.6547499999999999
run.fixture.fixed.301,edge.market,301,fixed,30.0,0.1108033885000894,0.08136487468638134,0.08136487468638134,0.08136487468638134,0.0006802243923875438,2,0.0,,30.0,1.0,fixture,5,False,2,0.09999999999999999,0.25225,0.67225
run.fixture.fixed.301,edge.market,301,fixed,35.0,0.1129701828842144,0.08938091927311412,0.08531553821111049,0.08531553821111049,0.0009802380648889176,2,0.0,,35.0,1.0,fixture,5,False,2,0.10058333333333332,0.26975,0.6897500000000001
run.fixture.fixed.301,edge.market,301,fixed,40.0,0.1160127267838888,0.09363681954566104,0.0887263369414192,0.0887263369414192,0.0010954624930592822,2,0.0,,40.0,1.0,fixture,5,False,2,0.10408333333333332,0.28725,0.70725
run.fixture.fixed.301,edge.market,301,fixed,45.0,0.0994734901112414,0.09579061858887408,0.08980105225840142,0.08980105225840142,0.0009139416658957199,2,0.0,,45.0,1.0,fixture,5,False,2,0.11049999999999999,0.30475,0.7247500000000001
run.fixture.fixed.301,edge.market,301,fixed,50.0,0.0941093939306298,0.09592377357714318,0.09019271968314944,0.09019271968314944,0.0007246229918965935,2,0.0,,50.0,1.0,fixture,5,False,2,0.11983333333333333,0.32225,0.74225
run.fixture.fixed.301,edge.market,301,fixed,55.0,0.1047318484724744,0.09860548659695909,0.09140431374892653,0.09140431374892653,0.0006692417536844964,2,0.0,,55.0,1.0,fixture,5,False,2,0.13208333333333333,0.33975,0.75975
run.fixture.fixed.301,edge.market,301,fixed,60.0,0.0731881788511096,0.10161274421909254,0.0900030726029406,0.0900030726029406,0.0004057264225247391,2,0.0,,60.0,1.0,fixture,5,True,2,0.14725000000000002,0.35725,0.77725
run.fixture.fixed.301,edge.market,301,fixed,65.0,0.1154320251049011,0.10227397801977993,0.09450877678200337,0.09181942635308063,0.0003184267546464676,2,0.0,,65.0,1.0,fixture,5,True,2,0.16474999999999998,0.37474999999999997,0.7947500000000001
run.fixture.fixed.301,edge.market,301,fixed,70.0,0.0961127777276406,0.09986577728312653,0.09526965007827878,0.09210564977805129,0.0002652537242423165,2,0.0,,70.0,1.0,fixture,5,True,2,0.18225,0.39225,0.81225
run.fixture.fixed.301,edge.market,301,fixed,75.0,0.0765017208933926,0.0942213478701985,0.09466232885402054,0.09113040422276014,5.787257259834177e-05,2,0.0,,75.0,1.0,fixture,5,True,2,0.19974999999999998,0.40975,0.8297499999999998
run.fixture.fixed.301,edge.market,301,fixed,80.0,0.102087925366726,0.09459483862098203,0.09534776088124973,0.09177496429005225,9.54093200569262e-05,2,0.0,,80.0,1.0,fixture,5,True,2,0.21724999999999997,0.42724999999999996,0.8472499999999998
run.fixture.fixed.301,edge.market,301,fixed,85.0,0.0786177689335669,0.09238174933568731,0.09478298485046541,0.09104400899246973,-8.711296183153853e-05,2,0.0,,85.0,1.0,fixture,5,True,2,0.23475,0.44475,0.8633333333333333
run.fixture.fixed.301,edge.market,301,fixed,90.0,0.1107451374144915,0.09324079061311834,0.09929127422879741,0.09208091048836561,-0.0003099111487500819,2,0.0,,90.0,1.0,fixture,5,True,2,0.25225,0.46225,0.8765
run.fixture.fixed.301,edge.market,301,fixed,95.0,0.1031604057186127,0.09752253730847593,0.09870335247637613,0.09263488524987797,-0.00019584566651059175,2,0.0,,95.0,1.0,fixture,5,True,2,0.26975,0.47974999999999995,0.88675
run.fixture.fixed.301,edge.market,301,fixed,100.0,0.1095471410698636,0.09668183958918485,0.09844004156757992,0.09344023076511537,-1.4603310009721618e-05,2,0.0,,100.0,1.0,fixture,5,True,2,0.28725,0.49725,0.8940833333333332
run.fixture.fixed.301,edge.market,301,fixed,105.0,0.0972756305855753,0.09684796142603266,0.09699872647540196,0.09361456712059081,0.00011289375660800837,2,0.0,,105.0,1.0,fixture,5,True,2,0.30475,0.5147499999999999,0.8985
run.fixture.fixed.301,edge.market,301,fixed,110.0,0.1005327554081987,0.10028096635671925,0.09708020842132176,0.0939153579157042,0.00015523168962741169,2,0.0,,110.0,1.0,fixture,5,True,2,0.32225,0.53225,0.8946666666666667
run.fixture.fixed.301,edge.market,301,fixed,115.0,0.1064584489347888,0.1009053268664425,0.09803013572933399,0.09443798670816607,0.00019421382330428916,2,0.0,,115.0,1.0,fixture,5,True,2,0.33975,0.54975,0.8826666666666667
run.fixture.fixed.301,edge.market,301,fixed,120.0,0.1034744964323877,0.10445628793770263,0.09793341634163501,0.09479944709713493,0.00028166234354638255,2,0.0,,120.0,1.0,fixture,5,True,2,0.35725,0.5672499999999999,0.864
run.fixture.fixed.301,edge.market,301,fixed,125.0,0.0919343823151077,0.10176903720921923,0.0993754319927118,0.09620250755865584,5.176029234545767e-05,2,0.0,,120.0,1.0,fixture,5,True,2,0.37474999999999997,0.58475,0.8386666666666667
run.fixture.fixed.301,edge.market,301,fixed,130.0,0.0938674580128176,0.10044147325124848,0.09771661913947459,0.09650834888412614,0.00013895623509925943,2,0.0,,120.0,1.0,fixture,5,True,2,0.39225,0.6022500000000001,0.8066666666666666
run.fixture.fixed.301,edge.market,301,fixed,135.0,0.114148853176321,0.10109886069502809,0.09910400955860386,0.09769842713882895,0.00023496339371271134,2,0.0,,120.0,1.0,fixture,5,True,2,0.40975,0.6197499999999999,0.7680000000000001
run.fixture.fixed.301,edge.market,301,fixed,140.0,0.1156884275883441,0.10372926026685222,0.10211837161206166,0.0985988718818529,0.00017044744593464745,2,0.0,,120.0,1.0,fixture,5,True,2,0.42724999999999996,0.63725,0.7280000000000001
run.fixture.fixed.301,edge.market,301,fixed,145.0,0.0885836873056101,0.10202225053791099,0.10107958406889891,0.09870382508072677,8.097356730161688e-05,2,0.0,,120.0,1.0,fixture,5,True,2,0.44475,0.6547499999999999,0.6880000000000002
run.fixture.fixed.301,edge.market,301,fixed,150.0,0.1132181826949588,0.10298792678936385,0.10374115435823673,0.10114705736867811,-1.177490983131121e-05,2,0.0,,120.0,1.0,fixture,5,True,2,0.46225,0.67225,0.6480000000000001
run.fixture.fixed.301,edge.market,301,fixed,155.0,0.0876443735904161,0.10072648066908219,0.10196417252561553,0.10022069677229117,-6.403073753805988e-05,2,0.0,,120.0,1.0,fixture,5,True,2,0.47974999999999995,0.6897500000000001,0.6080000000000001
run.fixture.fixed.301,edge.market,301,fixed,160.0,0.1468251777054874,0.10856802286770788,0.10532300113999053,0.10157489656514208,0.00024095790359404128,2,0.0,,120.0,1.0,fixture,5,True,2,0.49725,0.70725,0.5680000000000001
run.fixture.fixed.301,edge.market,301,fixed,165.0,0.1353387497229363,0.11449249311201057,0.10730697103638073,0.10234793748270399,0.00047135732228281653,2,0.0,,120.0,1.0,fixture,5,True,2,0.5147499999999999,0.7247500000000001,0.528
run.fixture.fixed.301,edge.market,301,fixed,170.0,0.1392550007009241,0.11807908561552528,0.11053615335294603,0.1039391979062913,0.0006048395144054789,2,0.0,,120.0,1.0,fixture,5,True,2,0.53225,0.74225,0.488
run.fixture.fixed.301,edge.market,301,fixed,175.0,0.1410040022054677,0.12169559627511438,0.11364932618350519,0.1058149822372848,0.0007287772149570144,2,0.0,,120.0,1.0,fixture,5,True,2,0.54975,0.75975,0.44799999999999995
run.fixture.fixed.301,edge.market,301,fixed,180.0,0.181040858489822,0.13490376358714462,0.11938643461081543,0.10886734263797869,0.0011178025480305168,2,0.0,,120.0,1.0,fixture,5,True,2,0.5672499999999999,0.77725,0.408
run.fixture.fixed.301,edge.market,301,fixed,185.0,0.1986289928375203,0.14710530789322482,0.12670601125736408,0.11388497519743515,0.0015178814294714345,2,0.0,,120.0,1.0,fixture,5,True,2,0.58475,0.7947500000000001,0.36800000000000005
run.fixture.fixed.301,edge.market,301,fixed,190.0,0.2424569987485296,0.1692213972015268,0.138284674059935,0.11896597414318029,0.0020136006848024217,2,0.0,,120.0,1.0,fixture,5,True,2,0.6022500000000001,0.81225,0.3279999999999999
run.fixture.fixed.301,edge.market,301,fixed,195.0,0.2433443113160438,0.1830098448601777,0.14978289354479857,0.1248552354867164,0.0023646306971176205,2,0.0,,120.0,1.0,fixture,5,True,2,0.6197499999999999,0.8297499999999998,0.288
run.fixture.fixed.301,edge.market,301,fixed,200.0,0.2493421055031183,0.19929603854306085,0.16018237449301373,0.13176885087110543,0.002746957058843528,2,0.0,,120.0,1.0,fixture,5,True,2,0.63725,0.8472499999999998,0.248
run.fixture.fixed.301,edge.market,301,fixed,205.0,0.2742042203579344,0.21857449849406232,0.17237589701375144,0.13865350267075377,0.003156488319125766,2,0.0,,120.0,1.0,fixture,5,True,2,0.6547499999999999,0.8633333333333333,0.20799999999999996
run.fixture.fixed.301,edge.market,301,fixed,210.0,0.2750953723784191,0.23773040851876964,0.18672294971165984,0.14651260680854786,0.0031892041259730377,2,0.0,,120.0,1.0,fixture,5,True,2,0.67225,0.8765,0.17333333333333326
run.fixture.fixed.301,edge.market,301,fixed,215.0,0.2895490423521132,0.2532315776419541,0.2002868619929794,0.1536647630060527,0.003301757078418986,2,0.0,,120.0,1.0,fixture,5,True,2,0.6897500000000001,0.88675,0.1453333333333333
run.fixture.fixed.301,edge.market,301,fixed,220.0,0.32483921834767,0.27126160985768977,0.2185326192819989,0.16253191551121504,0.0032565007260126127,2,0.0,,120.0,1.0,fixture,5,True,2,0.70725,0.8940833333333332,0.124
run.fixture.fixed.301,edge.market,301,fixed,225.0,0.3574494122156924,0.28768909749585586,0.23473448347509157,0.17244800635704816,0.00362083992004182,2,0.0,,120.0,1.0,fixture,5,True,2,0.7247500000000001,0.8985,0.10933333333333332
run.fixture.fixed.301,edge.market,301,fixed,230.0,0.3903417150676092,0.3086887266032224,0.2543500961939126,0.1841706497363295,0.0038822390994814006,2,0.0,,120.0,1.0,fixture,5,True,2,0.74225,0.8946666666666667,0.10133333333333332
run.fixture.fixed.301,edge.market,301,fixed,235.0,0.4008676156236532,0.3303352280490131,0.27447414349566096,0.1961840441449477,0.003962941789731426,2,0.0,,120.0,1.0,fixture,5,True,2,0.75975,0.8826666666666667,0.09999999999999999
run.fixture.fixed.301,edge.market,301,fixed,240.0,0.4184717552004782,0.35094487588366213,0.2958178168029695,0.2086645763955753,0.00388568319764082,2,0.0,,120.0,1.0,fixture,5,True,2,0.77725,0.864,0.09999999999999999
run.fixture.fixed.301,edge.market,301,fixed,245.0,0.4028057765290503,0.36918921933375237,0.3128766566521409,0.22063782759944178,0.0037081986373819786,2,0.0,,120.0,1.0,fixture,5,True,2,0.7947500000000001,0.8386666666666667,0.09999999999999999
run.fixture.fixed.301,edge.market,301,fixed,250.0,0.431875354839993,0.3895215496891638,0.330818684498485,0.23423546650043722,0.0036139772554311736,2,0.0,,120.0,1.0,fixture,5,True,2,0.81225,0.8066666666666666,0.09999999999999999
run.fixture.fixed.301,edge.market,301,fixed,255.0,0.4517714410015405,0.4076547243540024,0.34691979544102425,0.24855162581998613,0.0037317626826494656,2,0.0,,120.0,1.0,fixture,5,True,2,0.8297499999999998,0.7680000000000001,0.09999999999999999
run.fixture.fixed.301,edge.market,301,fixed,260.0,0.4336128505265588,0.41853521554126905,0.3615558369187562,0.26133018571399563,0.003506630750383906,2,0.0,,120.0,1.0,fixture,5,True,2,0.8472499999999998,0.7280000000000001,0.09999999999999999
run.fixture.fixed.301,edge.market,301,fixed,265.0,0.4907894765252865,0.43288489574950856,0.38012871161276907,0.2763342276714733,0.003495538132504476,2,0.0,,120.0,1.0,fixture,5,True,2,0.8633333333333333,0.6880000000000002,0.09999999999999999
run.fixture.fixed.301,edge.market,301,fixed,270.0,0.5280821680691805,0.45105840324172675,0.3996577845136342,0.29391416690201616,0.00365625164893813,2,0.0,,120.0,1.0,fixture,5,True,2,0.8765,0.6480000000000001,0.09999999999999999
run.fixture.fixed.301,edge.market,301,fixed,275.0,0.5117942534765578,0.46439018870973825,0.41786539075195256,0.3098572097332801,0.0034374405817194876,2,0.0,,120.0,1.0,fixture,5,True,2,0.88675,0.6080000000000001,0.09999999999999999
run.fixture.fixed.301,edge.market,301,fixed,280.0,0.564162871243776,0.48744120224041326,0.43898953143592667,0.3289179496394145,0.003414990520348131,2,0.0,,120.0,1.0,fixture,5,True,2,0.8940833333333332,0.5680000000000001,0.09999999999999999
run.fixture.fixed.301,edge.market,301,fixed,285.0,0.5575907104003459,0.5054005387490351,0.45689349236305554,0.34534857094720883,0.003318896984269798,2,0.0,,120.0,1.0,fixture,5,True,2,0.8985,0.528,0.09999999999999999
run.fixture.fixed.301,edge.market,301,fixed,290.0,0.5782723854250559,0.5234721022381088,0.473879874917622,0.3630659163752937,0.0033542429154131592,2,0.0,,120.0,1.0,fixture,5,True,2,0.8946666666666667,0.488,0.09999999999999999
run.fixture.fixed.301,edge.market,301,fixed,295.0,0.6393352314297449,0.5528610137957068,0.4930332223300939,0.3830691256044465,0.003802556124339148,2,0.0,,120.0,1.0,fixture,5,True,2,0.8826666666666667,0.44799999999999995,0.09999999999999999
run.fixture.fixed.301,edge.market,301,fixed,300.0,0.6031079159698542,0.5689065051449307,0.5085901685105709,0.40155328215502195,0.003819357129716596,2,0.0,,120.0,1.0,fixture,5,True,2,0.864,0.408,0.09999999999999999
run.fixture.fixed.301,edge.market,301,fixed,305.0,0.6080431543983317,0.5803295031919523,0.5231725838334828,0.4186333739913623,0.0037818725386791403,2,0.0,,120.0,1.0,fixture,5,True,2,0.8386666666666667,0.36800000000000005,0.09999999999999999
run.fixture.fixed.301,edge.market,301,fixed,310.0,0.6293215102883823,0.5971191113079273,0.5405968710457391,0.4358610746893968,0.0035558570525235046,2,0.0,,120.0,1.0,fixture,5,True,2,0.8066666666666666,0.3279999999999999,0.09999999999999999
run.fixture.fixed.301,edge.market,301,fixed,315.0,0.651284179713793,0.6095650125179297,0.5574744729591082,0.45221416192800734,0.003449344127873062,2,0.0,,120.0,1.0,fixture,5,True,2,0.7680000000000001,0.288,0.09999999999999999
run.fixture.fixed.301,edge.market,301,fixed,320.0,0.6642404100235837,0.624800683892678,0.5738182398069578,0.46905000587630896,0.003340195115437764,2,0.0,,120.0,1.0,fixture,5,True,2,0.7280000000000001,0.248,0.09999999999999999
run.fixture.fixed.301,edge.market,301,fixed,325.0,0.7380445474609152,0.6476252784692293,0.5972360626480622,0.48859810355462074,0.0033445029406695844,2,0.0,,120.0,1.0,fixture,5,True,2,0.6880000000000002,0.20799999999999996,0.09999999999999999
run.fixture.fixed.301,edge.market,301,fixed,330.0,0.6966619928151105,0.6558148158099959,0.6130724100549716,0.5054964144529078,0.0031812386309364605,2,0.0,,120.0,1.0,fixture,5,True,2,0.6480000000000001,0.17333333333333326,0.09999999999999999
run.fixture.fixed.301,edge.market,301,fixed,335.0,0.7193879627716335,0.672426251067393,0.6277882404166988,0.5232681180686365,0.0032284492050017686,2,0.0,,120.0,1.0,fixture,5,True,2,0.6080000000000001,0.1453333333333333,0.09999999999999999
run.fixture.fixed.301,edge.market,301,fixed,340.0,0.750677910963363,0.6928026448623974,0.6461639063772223,0.5417132728130865,0.0031464493310446227,2,0.0,,120.0,1.0,fixture,5,True,2,0.5680000000000001,0.124,0.09999999999999999
run.fixture.fixed.301,edge.market,301,fixed,345.0,0.770609306121197,0.7129866156956565,0.6620444013677932,0.5595440763240274,0.003336191256901464,2,0.0,,120.0,1.0,fixture,5,True,2,0.528,0.10933333333333332,0.09999999999999999
run.fixture.fixed.301,edge.market,301,fixed,350.0,0.8129997050643183,0.7360888336028745,0.6816912471111756,0.5777660880379725,0.003528011021085007,2,0.0,,120.0,1.0,fixture,5,True,2,0.488,0.10133333333333332,0.09999999999999999
run.fixture.fixed.301,edge.market,301,fixed,355.0,0.797973856140773,0.7551936116196158,0.6985913602431538,0.5940713736808991,0.0034991798368814264,2,0.0,,120.0,1.0,fixture,5,True,2,0.44799999999999995,0.09999999999999999,0.09999999999999999
run.fixture.fixed.301,edge.market,301,fixed,360.0,0.8264960271429547,0.7678295372884786,0.7129883445287855,0.6110965101416711,0.0038866909354582837,2,0.0,,120.0,1.0,fixture,5,True,2,0.408,0.09999999999999999,0.09999999999999999
run.fixture.fixed.301,edge.market,301,fixed,365.0,0.8524590752528933,0.790086263351019,0.7321692029351732,0.6284560029437677,0.003961044105163925,2,0.0,,120.0,1.0,fixture,5,True,2,0.36800000000000005,0.09999999999999999,0.09999999999999999
run.fixture.fixed.301,edge.market,301,fixed,370.0,0.8401906700553314,0.807343792962976,0.7500267041395576,0.645951398684819,0.0037184578007277234,2,0.0,,120.0,1.0,fixture,5,True,2,0.3279999999999999,0.09999999999999999,0.09999999999999999
run.fixture.fixed.301,edge.market,301,fixed,375.0,0.8789565716239798,0.8256693159144924,0.7692294011653728,0.6638346473561785,0.0036400433479236664,2,0.0,,120.0,1.0,fixture,5,True,2,0.288,0.09999999999999999,0.09999999999999999
run.fixture.fixed.301,edge.market,301,fixed,380.0,0.8759804037124841,0.840722329856105,0.7865137260883491,0.6808030058646162,0.0034366251777276295,2,0.0,,120.0,1.0,fixture,5,True,2,0.248,0.09999999999999999,0.09999999999999999
run.fixture.fixed.301,edge.market,301,fixed,385.0,0.8726362572366366,0.8492418373092933,0.8025441758739686,0.6983639421330193,0.003063902072712651,2,0.0,,120.0,1.0,fixture,5,True,2,0.20799999999999996,0.09999999999999999,0.09999999999999999
run.fixture.fixed.301,edge.market,301,fixed,390.0,0.8994064448481842,0.8637322071246377,0.8149566295191432,0.7147086208659352,0.0032064034078268535,2,0.0,,120.0,1.0,fixture,5,True,2,0.17333333333333326,0.09999999999999999,0.09999999999999999
run.fixture.fixed.301,edge.market,301,fixed,395.0,0.8965833280168465,0.8737446786780508,0.8303351937654304,0.7294486672638417,0.002834642676022441,2,0.0,,120.0,1.0,fixture,5,True,2,0.1453333333333333,0.09999999999999999,0.09999999999999999
run.fixture.fixed.301,edge.market,301,fixed,400.0,0.9189541390103536,0.8832439735005452,0.8456864380914859,0.7457350626851936,0.0025655031754872417,2,0.0,,120.0,1.0,fixture,5,True,2,0.124,0.09999999999999999,0.09999999999999999
run.fixture.fixed.301,edge.market,301,fixed,405.0,0.9129569530688242,0.893639156788187,0.8581694413303674,0.7596868259581956,0.0022782102084182025,2,0.0,,120.0,1.0,fixture,5,True,2,0.10933333333333332,0.09999999999999999,0.09999999999999999
run.fixture.fixed.301,edge.market,301,fixed,410.0,0.8478909334662428,0.8892012084799389,0.8641141818953708,0.7712988348808314,0.001536900325287498,2,0.0,,120.0,1.0,fixture,5,True,2,0.10133333333333332,0.09999999999999999,0.09999999999999999
run.fixture.fixed.301,edge.market,301,fixed,415.0,0.8226574263974793,0.881583640292081,0.8648570835363832,0.7810742365197284,0.0008703707969306574,2,0.0,,120.0,1.0,fixture,5,True,2,0.09999999999999999,0.09999999999999999,0.09999999999999999
run.fixture.fixed.301,edge.market,301,fixed,420.0,0.7846242295229264,0.8690104934758368,0.8638301891811644,0.7868857964434557,-0.00017312339631111605,2,0.0,,120.0,1.0,fixture,5,True,2,0.09999999999999999,0.09999999999999999,0.09999999999999999
run.fixture.fixed.301,edge.market,301,fixed,425.0,0.7461203114284292,0.8471124744158717,0.8576474418185085,0.7926062922617987,-0.0012364183422274733,2,0.0,,120.0,1.0,fixture,5,True,2,0.09999999999999999,0.09999999999999999,0.09999999999999999
run.fixture.fixed.301,edge.market,301,fixed,430.0,0.7102491995387865,0.8204933132047204,0.846708220609731,0.7966945340674169,-0.0022481853967743206,2,0.0,,120.0,1.0,fixture,5,True,2,0.09999999999999999,0.09999999999999999,0.09999999999999999
run.fixture.fixed.301,edge.market,301,fixed,435.0,0.6614895737572342,0.7837126610257031,0.8329619824329544,0.7979812566061709,-0.0035195422484180405,2,0.0,,120.0,1.0,fixture,5,True,2,0.09999999999999999,0.09999999999999999,0.09999999999999999
run.fixture.fixed.301,edge.market,301,fixed,440.0,0.6248653978826182,0.7425567245705309,0.8134165075297728,0.7969245053329239,-0.004537803108818963,2,0.0,,120.0,1.0,fixture,5,True,2,0.09999999999999999,0.09999999999999999,0.09999999999999999
run.fixture.fixed.301,edge.market,301,fixed,445.0,0.5837979531104931,0.704829155948281,0.7909409344065428,0.7937068070564004,-0.005570510859628522,2,0.0,,120.0,1.0,fixture,5,True,2,0.09999999999999999,0.09999999999999999,0.09999999999999999
run.fixture.fixed.301,edge.market,301,fixed,450.0,0.5146520142066144,0.6608283827781574,0.7634036849426947,0.7847711057262283,-0.006763770487528415,2,0.0,,120.0,1.0,fixture,5,True,2,0.09999999999999999,0.09999999999999999,0.09999999999999999
run.fixture.fixed.301,edge.market,301,fixed,455.0,0.4957961317572728,0.6195672259544927,0.7323567377818553,0.776736471283915,-0.0074820408169505165,2,0.0,,120.0,1.0,fixture,5,True,2,0.09999999999999999,0.09999999999999999,0.09999999999999999
run.fixture.fixed.301,edge.market,301,fixed,460.0,0.4633563383547343,0.5791723726582506,0.6990315847309236,0.7664952063072389,-0.007992388360816224,2,0.0,,120.0,1.0,fixture,5,True,2,0.09999999999999999,0.09999999999999999,0.09999999999999999
run.fixture.fixed.301,edge.market,301,fixed,465.0,0.4321533124808281,0.5394443887928279,0.6615853673055756,0.7537542223679375,-0.008060313364711346,2,0.0,,120.0,1.0,fixture,5,True,2,0.09999999999999999,0.09999999999999999,0.09999999999999999
run.fixture.fixed.301,edge.market,301,fixed,470.0,0.4115357620561746,0.5037367014069621,0.6230145064584488,0.7393912806053367,-0.007775364497847244,2,0.0,,120.0,1.0,fixture,5,True,2,0.09999999999999999,0.09999999999999999,0.09999999999999999
run.fixture.fixed.301,edge.market,301,fixed,475.0,0.3446657022051445,0.4637081734530374,0.5843048732845182,0.7206579204909697,-0.0078808126697871,2,0.0,,120.0,1.0,fixture,5,True,2,0.09999999999999999,0.09999999999999999,0.09999999999999999
run.fixture.fixed.301,edge.market,301,fixed,480.0,0.2934650414731656,0.42223204321913343,0.5435977667518787,0.7004775679042653,-0.007964956756685326,2,0.0,,120.0,1.0,fixture,5,True,2,0.09999999999999999,0.09999999999999999,0.09999999999999999
run.fixture.fixed.301,edge.market,301,fixed,485.0,0.2769457173470604,0.38827400081062574,0.5045455735075812,0.6784955555124296,-0.007869052423752989,2,0.0,,120.0,1.0,fixture,5,True,2,0.09999999999999999,0.09999999999999999,0.09999999999999999
run.fixture.fixed.301,edge.market,301,fixed,490.0,0.2194834911833648,0.3488007664429246,0.46403504887334546,0.6531765321496483,-0.00789031542210394,2,0.0,,120.0,1.0,fixture,5,True,2,0.09999999999999999,0.09999999999999999,0.09999999999999999
run.fixture.fixed.301,edge.market,301,fixed,495.0,0.1487922909504189,0.30386304538516523,0.42084605590500956,0.6255205969854518,-0.008074884095597862,2,0.0,,120.0,1.0,fixture,5,True,2,0.09999999999999999,0.09999999999999999,0.09999999999999999
run.fixture.fixed.301,edge.market,301,fixed,500.0,0.1191844238674969,0.2591532041546894,0.3791302751442605,0.5951297110751925,-0.00821275790577314,2,0.0,,120.0,1.0,fixture,5,True,2,0.09999999999999999,0.09999999999999999,0.09999999999999999
run.fixture.fixed.301,edge.market,301,fixed,505.0,0.1018166386791541,0.2149076151008293,0.3388957552055325,0.5641631604738593,-0.00815092928997329,2,0.0,,120.0,1.0,fixture,5,True,2,0.09999999999999999,0.09999999999999999,0.09999999999999999
run.fixture.fixed.301,edge.market,301,fixed,510.0,0.0978840257798128,0.1796530898972105,0.30151776079548015,0.5331730712155864,-0.007856154555049765,2,0.0,,120.0,1.0,fixture,5,True,2,0.09999999999999999,0.09999999999999999,0.09999999999999999
run.fixture.fixed.301,edge.market,301,fixed,515.0,0.1147256497520483,0.15411889107990803,0.27075419429897507,0.5017858394117409,-0.007448256634591142,2,0.0,,120.0,1.0,fixture,5,True,2,0.09999999999999999,0.09999999999999999,0.09999999999999999
run.fixture.fixed.301,edge.market,301,fixed,520.0,0.0807187440407266,0.12608646632186035,0.23882516447462532,0.46915125605269625,-0.006970145798702576,2,0.0,,120.0,1.0,fixture,5,True,2,0.09999999999999999,0.09999999999999999,0.09999999999999999
run.fixture.fixed.301,edge.market,301,fixed,525.0,0.1269940845103396,0.11287369393999962,0.21295114494813341,0.43747285387269563,-0.005980330702686039,2,0.0,,120.0,1.0,fixture,5,True,2,0.09999999999999999,0.09999999999999999,0.09999999999999999
run.fixture.fixed.301,edge.market,301,fixed,530.0,0.113346950433214,0.10781007386611317,0.1884275786367785,0.4054884537672712,-0.0049508911360493955,2,0.0,,120.0,1.0,fixture,5,True,2,0.09999999999999999,0.09999999999999999,0.09999999999999999
run.fixture.fixed.301,edge.market,301,fixed,535.0,0.1276503552712548,0.1090194926380786,0.16659023965332317,0.37667883063947166,-0.0036354032857827704,2,0.0,,120.0,1.0,fixture,5,True,2,0.09999999999999999,0.09999999999999999,0.09999999999999999
run.fixture.fixed.301,edge.market,301,fixed,540.0,0.0631399986847451,0.10349425835316303,0.14493441630560017,0.34629813353096234,-0.0029476815362758663,2,0.0,,120.0,1.0,fixture,5,True,2,0.09999999999999999,0.09999999999999999,0.09999999999999999
run.fixture.fixed.301,edge.market,301,fixed,545.0,0.0939071500939213,0.10292613325517852,0.12958380927642751,0.3186694503538021,-0.002141581779239729,2,0.0,,120.0,1.0,fixture,5,True,2,0.09999999999999999,0.09999999999999999,0.09999999999999999
run.fixture.fixed.301,edge.market,301,fixed,550.0,0.0981521271178529,0.10055848716457917,0.1158304561818731,0.29275072298137905,-0.0012152705006210677,2,0.0,,120.0,1.0,fixture,5,True,2,0.09999999999999999,0.09999999999999999,0.09999999999999999
run.fixture.fixed.301,edge.market,301,fixed,555.0,0.0807617313291023,0.10056462820577572,0.10515955157769905,0.2675712242529917,-0.0006491618238146748,2,0.0,,120.0,1.0,fixture,5,True,2,0.09999999999999999,0.09999999999999999,0.09999999999999999
run.fixture.fixed.301,edge.market,301,fixed,560.0,0.1096344707813991,0.09808468338735564,0.10214741156469752,0.2454970201339583,-0.00028402040531880706,2,0.0,,120.0,1.0,fixture,5,True,2,0.09999999999999999,0.09999999999999999,0.09999999999999999
run.fixture.fixed.301,edge.market,301,fixed,565.0,0.079219413463651,0.09320932096313236,0.09907317999517093,0.2236711807571996,-0.00030414007838109735,2,0.0,,120.0,1.0,fixture,5,True,2,0.09999999999999999,0.09999999999999999,0.09999999999999999
run.fixture.fixed.301,edge.market,301,fixed,570.0,0.1172792398941154,0.09172773305211243,0.10026261085786023,0.20501043222854448,-0.00016299659466510887,2,0.0,,120.0,1.0,fixture,5,True,2,0.09999999999999999,0.09999999999999999,0.09999999999999999
run.fixture.fixed.301,edge.market,301,fixed,575.0,0.1009781728451617,0.0971331865036005,0.1005006221705794,0.18846347857408638,-0.00017657541183271699,2,0.0,,120.0,1.0,fixture,5,True,2,0.09999999999999999,0.09999999999999999,0.09999999999999999
run.fixture.fixed.301,edge.market,301,fixed,580.0,0.1367861227989081,0.10325875403288434,0.10219758163572244,0.1741030782157518,0.0001720929363433881,2,0.0,,120.0,1.0,fixture,5,True,2,0.09999999999999999,0.09999999999999999,0.09999999999999999
run.fixture.fixed.301,edge.market,301,fixed,585.0,0.0996787202038405,0.103476838759454,0.10365604134057736,0.15955597348971604,-9.736768883275668e-06,2,0.0,,120.0,1.0,fixture,5,True,2,0.09999999999999999,0.09999999999999999,0.09999999999999999
run.fixture.fixed.301,edge.market,301,fixed,590.0,0.1050427739907533,0.10694555913968987,0.10196747899291687,0.14647155195011308,0.0001789299323138586,2,0.0,,120.0,1.0,fixture,5,True,2,0.09999999999999999,0.09999999999999999,0.09999999999999999
run.fixture.fixed.301,edge.market,301,fixed,595.0,0.0704735909330637,0.10135114773278482,0.09866952826213608,0.13282906510518863,5.881231882260637e-05,2,0.0,,120.0,1.0,fixture,5,True,2,0.09999999999999999,0.09999999999999999,0.09999999999999999
run.fixture.fixed.301,edge.market,301,fixed,600.0,0.1188731988683324,0.10701597421916786,0.09799436238498821,0.12379736497171613,0.0004149527723401981,2,0.0,,120.0,1.0,fixture,5,True,2,0.09999999999999999,0.09999999999999999,0.09999999999999999
run.fixture.fixed.301,edge.market,301,fixed,605.0,0.0899327218457479,0.10310932878368677,0.10005534108968074,0.11565607218661941,9.368860845322754e-05,2,0.0,,120.0,1.0,fixture,5,True,2,0.09999999999999999,0.09999999999999999,
run.fixture.fixed.301,edge.market,301,fixed,610.0,0.1154541950329225,0.10517733195336691,0.10171280608498853,0.10919641129405391,0.00014792573668304503,2,0.0,,120.0,1.0,fixture,5,True,2,0.09999999999999999,0.09999999999999999,
run.fixture.fixed.301,edge.market,301,fixed,615.0,0.0981835770456033,0.09966268256003766,0.10171522531020008,0.10434441472854347,9.726625645638595e-05,2,0.0,,120.0,1.0,fixture,5,True,2,0.09999999999999999,0.09999999999999999,
run.fixture.fixed.301,edge.market,301,fixed,620.0,0.0527753613787638,0.09296220272788384,0.0995624276217125,0.10050373754567726,-0.00038659488800108947,2,0.0,,120.0,1.0,fixture,5,True,2,0.09999999999999999,0.09999999999999999,
run.fixture.fixed.301,edge.market,301,fixed,625.0,0.1140598205118046,0.09425035223089118,0.09990283913943601,0.10029875341144955,-0.00021353042705783877,2,0.0,,120.0,1.0,fixture,5,True,2,0.09999999999999999,0.09999999999999999,
run.fixture.fixed.301,edge.market,301,fixed,630.0,0.0932617948101779,0.09750580992762178,0.1009830223199381,0.09995655965669052,-0.00041642080695459063,2,0.0,,120.0,1.0,fixture,5,True,2,0.09999999999999999,0.09999999999999999,
run.fixture.fixed.301,edge.market,301,fixed,635.0,0.0860808918648935,0.09282119464141624,0.09858314939461331,0.09948443430009375,-0.00038932109235132215,2,0.0,,120.0,1.0,fixture,5,True,2,0.09999999999999999,0.09999999999999999,
run.fixture.fixed.301,edge.market,301,fixed,640.0,0.0739111506056164,0.09053239874996886,0.09650107076080214,0.09785185433423647,-0.0005335703545273039,2,0.0,,120.0,1.0,fixture,5,True,2,0.09999999999999999,0.09999999999999999,
run.fixture.fixed.301,edge.market,301,fixed,645.0,0.0644810890154961,0.08325052646176509,0.09093914508515509,0.09720234813322724,-0.00043480609760982494,2,0.0,,120.0,1.0,fixture,5,True,2,0.09999999999999999,0.09999999999999999,
run.fixture.fixed.301,edge.market,301,fixed,650.0,0.0836830655315221,0.08117902481689633,0.08970871011036136,0.09546990737407456,-0.00041542087946806777,2,0.0,,120.0,1.0,fixture,5,True,2,0.09999999999999999,0.09999999999999999,
run.fixture.fixed.301,edge.market,301,fixed,655.0,0.0710107161350233,0.08378407549636198,0.08709085950607443,0.09377645800214694,-0.0004207500186870601,2,0.0,,120.0,1.0,fixture,5,True,2,0.09999999999999999,0.09999999999999999,
run.fixture.fixed.301,edge.market,301,fixed,660.0,0.0851058428883912,0.07964779297873151,0.08821641734879192,0.09207467750683238,-0.000561663183211428,2,0.0,,120.0,1.0,fixture,5,True,2,0.09999999999999999,0.09999999999999999,
run.fixture.fixed.301,edge.market,301,fixed,665.0,0.0821896876768182,0.07806606338825153,0.08539460879559854,0.09283666506651529,-0.000365578466063141,2,0.0,,120.0,1.0,fixture,5,True,2,0.09999999999999999,0.09999999999999999,
run.fixture.fixed.301,edge.market,301,fixed,670.0,0.102295019457037,0.08038236732998634,0.08634555476569766,0.09317217984103993,-0.00021923862505250847,2,0.0,,120.0,1.0,fixture,5,True,2,0.09999999999999999,0.09999999999999999,
run.fixture.fixed.301,edge.market,301,fixed,675.0,0.0844039652957608,0.0818813408571498,0.0839570755551468,0.09262225336815626,-8.12769642508706e-06,2,0.0,,120.0,1.0,fixture,5,True,2,0.09999999999999999,0.09999999999999999,
run.fixture.fixed.301,edge.market,301,fixed,680.0,0.1020021837886975,0.08724149725332143,0.0842508145353848,0.09347187146654004,0.00022028566603040758,2,0.0,,120.0,1.0,fixture,5,True,2,0.09999999999999999,0.09999999999999999,
run.fixture.fixed.301,edge.market,301,fixed,685.0,0.1053626758399393,0.09033858444023819,0.08829599257085984,0.09330099966888167,0.00011736588111939579,2,0.0,,120.0,1.0,fixture,5,True,2,0.09999999999999999,0.09999999999999999,
run.fixture.fixed.301,edge.market,301,fixed,690.0,0.1131333034915546,0.09635609691974266,0.08822472203084061,0.0946575552699978,0.00047931166255981583,2,0.0,,120.0,1.0,fixture,5,True,2,0.09999999999999999,0.09999999999999999,
run.fixture.fixed.301,edge.market,301,fixed,695.0,0.0806408862897125,0.09571824597707426,0.08725388291388174,0.09319202112582169,0.0004680550636681586,2,0.0,,120.0,1.0,fixture,5,True,2,0.09999999999999999,0.09999999999999999,
run.fixture.fixed.301,edge.market,301,fixed,700.0,0.1097970831297928,0.09966215961321348,0.08907820531887398,0.09354477753720693,0.0006076685405390921,2,0.0,,120.0,1.0,fixture,5,True,2,0.09999999999999999,0.09999999999999999,
run.fixture.fixed.301,edge.market,301,fixed,705.0,0.1136615346730149,0.10128594750121034,0.09213592717021232,0.09261979401217119,0.0006530867747501275,2,0.0,,120.0,1.0,fixture,5,True,2,0.09999999999999999,0.09999999999999999,
run.fixture.fixed.301,edge.market,301,fixed,710.0,0.1327951361206288,0.10819897190476291,0.09739085387060714,0.09394445064884276,0.000708439946859452,2,0.0,,120.0,1.0,fixture,5,True,2,0.09999999999999999,0.09999999999999999,
run.fixture.fixed.301,edge.market,301,fixed,715.0,0.0910999439338098,0.10664150906835038,0.09796138297847544,0.09338673744656498,0.0005615168941183749,2,0.0,,120.0,1.0,fixture,5,True,2,0.09999999999999999,0.09999999999999999,
run.fixture.fixed.301,edge.market,301,fixed,720.0,0.0915218797369996,0.10466425248221614,0.09953916479401209,0.09422866899872241,0.00031174580911505603,2,0.0,,120.0,1.0,fixture,5,True,2,0.09999999999999999,0.09999999999999999,
run.fixture.fixed.301,edge.market,301,fixed,725.0,0.0931931822975993,0.10181566374022252,0.10016126782548963,0.0932014683358931,0.00015887861316140502,2,0.0,,120.0,1.0,fixture,5,True,2,0.09999999999999999,,
run.fixture.fixed.301,edge.market,301,fixed,730.0,0.0991820838494564,0.10446440624875739,0.10146837522338487,0.09357144281604145,1.4179530857119594e-05,2,0.0,,120.0,1.0,fixture,5,True,2,0.09999999999999999,,
run.fixture.fixed.301,edge.market,301,fixed,735.0,0.1041156807045234,0.10365277733086173,0.10160842608857613,0.09311790224290549,3.79930940685453e-05,2,0.0,,120.0,1.0,fixture,5,True,2,0.09999999999999999,,
run.fixture.fixed.301,edge.market,301,fixed,740.0,0.0982511022941089,0.10145128699101803,0.10267359047306444,0.09312060325284571,-0.00011648511287267551,2,0.0,,120.0,1.0,fixture,5,True,2,0.09999999999999999,,
run.fixture.fixed.301,edge.market,301,fixed,745.0,0.0641616914332618,0.09164650917853702,0.09976278336880016,0.09357605645502563,-0.0003755743887291429,2,0.0,,120.0,1.0,fixture,5,True,2,0.09999999999999999,,
run.fixture.fixed.301,edge.market,301,fixed,750.0,0.077804338493518,0.08974713697278106,0.0976429112652293,0.09212583717429416,-0.00047727924801894343,2,0.0,,120.0,1.0,fixture,5,True,2,0.09999999999999999,,
run.fixture.fixed.301,edge.market,301,fixed,755.0,0.091572006349849,0.08975429791747382,0.09598434994663656,0.092058245635881,-0.0003981503292365313,2,0.0,,120.0,1.0,fixture,5,True,2,0.09999999999999999,,
run.fixture.fixed.301,edge.market,301,fixed,760.0,0.0906058383605719,0.08938467735504133,0.09675088472131807,0.09223924349570815,-0.0005516396865056045,2,0.0,,120.0,1.0,fixture,5,True,2,0.09999999999999999,,
run.fixture.fixed.301,edge.market,301,fixed,765.0,0.0919521274188062,0.08835182643637703,0.09537819582047292,0.09296088256823573,-0.00048292447217126126,2,0.0,,120.0,1.0,fixture,5,True,2,0.09999999999999999,,
run.fixture.fixed.301,edge.market,301,fixed,770.0,0.1046817634185721,0.08843269539552685,0.09468744418551579,0.09456890954435877,-0.0002809412001312737,2,0.0,,120.0,1.0,fixture,5,True,2,0.09999999999999999,,
run.fixture.fixed.301,edge.market,301,fixed,775.0,0.0960154971649032,0.08811332323421175,0.0918582411889215,0.095062206809694,2.095128494797439e-05,2,0.0,,120.0,1.0,fixture,5,True,2,0.09999999999999999,,
run.fixture.fixed.301,edge.market,301,fixed,780.0,0.0696577135457051,0.08889846925027507,0.090208838851375,0.09500808670612129,-0.00013125887620046598,2,0.0,,120.0,1.0,fixture,5,True,2,0.09999999999999999,,
run.fixture.fixed.301,edge.market,301,fixed,785.0,0.1299503057973055,0.09634789315081614,0.09316487162524467,0.09680186522247787,0.0001408730884972881,2,0.0,,120.0,1.0,fixture,5,True,2,,,
run.fixture.fixed.301,edge.market,301,fixed,790.0,0.103063324767516,0.09798951006762571,0.0939241133536998,0.09763681070610579,0.00020635538911279434,2,0.0,,120.0,1.0,fixture,5,True,2,,,
run.fixture.fixed.301,edge.market,301,fixed,795.0,0.0996982734473451,0.09928842936573616,0.0939638202458451,0.09753294086571812,0.0002848727012360555,2,0.0,,120.0,1.0,fixture,5,True,2,,,
run.fixture.fixed.301,edge.market,301,fixed,800.0,0.1074294888080501,0.10149948099277102,0.09421872856150097,0.09845396180620967,0.0004517485634162511,2,0.0,,120.0,1.0,fixture,5,True,2,,,
run.fixture.fixed.301,edge.market,301,fixed,805.0,0.0912053555391165,0.0995742798671345,0.09367674804188621,0.09802208867622644,0.00046289842934366717,2,0.0,,120.0,1.0,fixture,5,True,2,,,
run.fixture.fixed.301,edge.market,301,fixed,810.0,0.102776852873063,0.10054018782544305,0.09664714507571706,0.09791865575755138,0.0002958602235488207,2,0.0,,120.0,1.0,fixture,5,True,2,,,
run.fixture.fixed.301,edge.market,301,fixed,815.0,0.0936792476791616,0.10397183555879397,0.09786829193615118,0.09714049352505566,0.0001313470032689024,2,0.0,,120.0,1.0,fixture,5,True,2,,,
run.fixture.fixed.301,edge.market,301,fixed,820.0,0.1260918766555117,0.10342063139568057,0.10052366657504833,0.09895853313968761,0.00026900360679862515,2,0.0,,120.0,1.0,fixture,5,True,2,,,
run.fixture.fixed.301,edge.market,301,fixed,825.0,0.1146317357693874,0.10507326153880506,0.10237181252957257,0.0991519192452714,0.000285732856979614,2,0.0,,120.0,1.0,fixture,5,True,2,,,
run.fixture.fixed.301,edge.market,301,fixed,830.0,0.1139009739043361,0.1071022187469466,0.10406018533615181,0.09916149681452424,0.0002815978816754565,2,0.0,,120.0,1.0,fixture,5,True,2,,,
run.fixture.fixed.301,edge.market,301,fixed,835.0,0.1061204984639566,0.10691522012636183,0.10417085726271985,0.09809451130825737,0.000299963733701578,2,0.0,,120.0,1.0,fixture,5,True,2,,,
run.fixture.fixed.301,edge.market,301,fixed,840.0,0.1163718052797326,0.11051042723216416,0.10573672711770674,0.0991053857620943,0.00031767600558878684,2,0.0,,120.0,1.0,fixture,5,True,2,,,
run.fixture.fixed.301,edge.market,301,fixed,845.0,0.103722451895349,0.11064551280677644,0.10835709160614086,0.09959340864842826,2.6864196425976032e-05,2,0.0,,120.0,1.0,fixture,5,True,2,,,
run.fixture.fixed.301,edge.market,301,fixed,850.0,0.0999556401350192,0.11154214030047038,0.10604980963211884,0.09986390696192504,0.00013757165852644018,2,0.0,,120.0,1.0,fixture,5,True,2,,,
run.fixture.fixed.301,edge.market,301,fixed,855.0,0.0826587602362982,0.10533740938343986,0.1044802277451021,0.09920297401739873,-3.9628001283607546e-05,2,0.0,,120.0,1.0,fixture,5,True,2,,,
run.fixture.fixed.301,edge.market,301,fixed,860.0,0.1074884191186811,0.10431693557619612,0.10507946971982024,0.09933788355396506,-5.657803627572342e-05,2,0.0,,120.0,1.0,fixture,5,True,2,,,
run.fixture.fixed.301,edge.market,301,fixed,865.0,0.1340988132323574,0.1072023411944849,0.10713095621399772,0.10077179199149496,0.00015283536448563125,2,0.0,,120.0,1.0,fixture,5,True,2,,,
run.fixture.fixed.301,edge.market,301,fixed,870.0,0.1214829556405583,0.1093969779339994,0.10946000237564711,0.10306464255978684,0.00012495931155727378,2,0.0,,120.0,1.0,fixture,5,True,2,,,
run.fixture.fixed.301,edge.market,301,fixed,875.0,0.0933486916239321,0.10610796169745648,0.10873475920263702,0.10368641668500339,-3.267795330907613e-05,2,0.0,,120.0,1.0,fixture,5,True,2,,,
run.fixture.fixed.301,edge.market,301,fixed,880.0,0.0956072294417724,0.10494864420408838,0.10888306549206864,0.10384782560868036,-0.00023504472169315948,2,0.0,,120.0,1.0,fixture,5,True,2,,,
run.fixture.fixed.301,edge.market,301,fixed,885.0,0.0953664882331898,0.10429305107525562,0.10651957407496694,0.10403825160358504,-0.0001917895408241173,2,0.0,,120.0,1.0,fixture,5,True,2,,,
run.fixture.fixed.301,edge.market,301,fixed,890.0,0.0922270257469648,0.10565994614820799,0.10479613484247288,0.1040492475367114,-0.00022362487940331437,2,0.0,,120.0,1.0,fixture,5,True,2,,,
run.fixture.fixed.301,edge.market,301,fixed,895.0,0.0952043727722919,0.1039050823844381,0.10335793475539258,0.10367015191086018,-0.00021683004312643864,2,0.0,,120.0,1.0,fixture,5,True,2,,,
run.fixture.fixed.301,edge.market,301,fixed,900.0,0.1020738471651678,0.09933008723198244,0.10304665388625497,0.10391248591087077,-0.00020404606464446124,2,0.0,,120.0,1.0,fixture,5,True,2,,,
run.fixture.fixed.302,edge.market,302,fixed,0.0,0.0618996030107776,0.0618996030107776,0.0618996030107776,0.0618996030107776,0.0,2,0.0,,0.0,1.0,fixture,5,False,2,0.09999999999999999,0.09999999999999999,0.44825
run.fixture.fixed.302,edge.market,302,fixed,5.0,0.0920598354670264,0.076979719238902,0.076979719238902,0.076979719238902,0.00603204649124976,2,0.0,,5.0,1.0,fixture,5,False,2,0.09999999999999999,0.09999999999999999,0.46574999999999994
run.fixture.fixed.302,edge.market,302,fixed,10.0,0.139299564270155,0.09775300091598634,0.09775300091598634,0.09775300091598634,0.007739996125937741,2,0.0,,10.0,1.0,fixture,5,False,2,0.09999999999999999,0.10116666666666667,0.48324999999999996
run.fixture.fixed.302,edge.market,302,fixed,15.0,0.1372468627174807,0.10762646636635993,0.10762646636635993,0.10762646636635993,0.005465630158464762,2,0.0,,15.0,1.0,fixture,5,False,2,0.09999999999999999,0.10525,0.5007499999999999
run.fixture.fixed.302,edge.market,302,fixed,20.0,0.1251616397747703,0.11113350104804201,0.11113350104804201,0.11113350104804201,0.0034342220155687986,2,0.0,,20.0,1.0,fixture,5,False,2,0.09999999999999999,0.11224999999999997,0.51825
run.fixture.fixed.302,edge.market,302,fixed,25.0,0.0620587415510037,0.10295437446520228,0.10295437446520228,0.10295437446520228,0.0005602765946953588,2,0.0,,25.0,1.0,fixture,5,False,2,0.09999999999999999,0.12216666666666666,0.5357500000000001
run.fixture.fixed.302,edge.market,302,fixed,30.0,0.085854217788896,0.10051149494001567,0.10051149494001567,0.10051149494001567,-1.6259057093392596e-05,2,0.0,,30.0,1.0,fixture,5,False,2,0.09999999999999999,0.13499999999999998,0.55325
run.fixture.fixed.302,edge.market,302,fixed,35.0,0.1088640674411699,0.10722070414435744,0.10155556650265996,0.10155556650265996,0.00012837017029031347,2,0.0,,35.0,1.0,fixture,5,False,2,0.09999999999999999,0.15075000000000002,0.57075
run.fixture.fixed.302,edge.market,302,fixed,40.0,0.0930613685018311,0.10736378029218667,0.10061176672479008,0.10061176672479008,-2.3396854141169117e-05,2,0.0,,40.0,1.0,fixture,5,False,2,0.09999999999999999,0.16824999999999998,0.58825
run.fixture.fixed.302,edge.market,302,fixed,45.0,0.1101116644426311,0.10319408031682611,0.1015617564965742,0.1015617564965742,8.661935391014196e-05,2,0.0,,45.0,1.0,fixture,5,False,2,0.09999999999999999,0.18574999999999997,0.60575
run.fixture.fixed.302,edge.market,302,fixed,50.0,0.1263429037541815,0.10163637189349764,0.10381458806544758,0.10381458806544758,0.00029024767231994737,2,0.0,,50.0,1.0,fixture,5,False,2,0.09999999999999999,0.20325000000000001,0.62325
run.fixture.fixed.302,edge.market,302,fixed,55.0,0.0979373079479029,0.09774718163251661,0.10332481472231886,0.10332481472231886,0.00017805759318807648,2,0.0,,55.0,1.0,fixture,5,False,2,0.09999999999999999,0.22075,0.64075
run.fixture.fixed.302,edge.market,302,fixed,60.0,0.0934841337296108,0.10223652337231762,0.10256783926134132,0.10256783926134132,7.501878370684168e-05,2,0.0,,60.0,1.0,fixture,5,True,2,0.09999999999999999,0.23825,0.6582499999999999
run.fixture.fixed.302,edge.market,302,fixed,65.0,0.1095366412104642,0.10561972671825594,0.10623222681516335,0.1030656108291358,-0.0001918656581164643,2,0.0,,65.0,1.0,fixture,5,True,2,0.09999999999999999,0.25575,0.6757499999999999
run.fixture.fixed.302,edge.market,302,fixed,70.0,0.0874494317726132,0.10256049305131927,0.10587758037713156,0.10202453222536763,-0.00042472665777828757,2,0.0,,70.0,1.0,fixture,5,True,2,0.10116666666666667,0.27325000000000005,0.6932499999999999
run.fixture.fixed.302,edge.market,302,fixed,75.0,0.1073519218557074,0.1046020006733016,0.10342006942217405,0.10235749407726386,-0.00015791354116002562,2,0.0,,75.0,1.0,fixture,5,True,2,0.10525,0.29075,0.71075
run.fixture.fixed.302,edge.market,302,fixed,80.0,0.0905338029526909,0.10180516331759583,0.09982675713257484,0.10166198283464192,1.732816680727984e-05,2,0.0,,80.0,1.0,fixture,5,True,2,0.11224999999999997,0.30824999999999997,0.7282500000000001
run.fixture.fixed.302,edge.market,302,fixed,85.0,0.1048128413459036,0.09872944011641328,0.09826146494573895,0.101837030529712,0.0002450871599669949,2,0.0,,85.0,1.0,fixture,5,True,2,0.12216666666666666,0.32575,0.74575
run.fixture.fixed.302,edge.market,302,fixed,90.0,0.1037521454258069,0.09956013118468529,0.10146864985918534,0.10193782605055911,2.806961194754952e-06,2,0.0,,90.0,1.0,fixture,5,True,2,0.13499999999999998,0.34325,0.7632500000000001
run.fixture.fixed.302,edge.market,302,fixed,95.0,0.0971007032892614,0.1000767839789211,0.10233376412844422,0.10169596991249422,-0.0001461037024443333,2,0.0,,95.0,1.0,fixture,5,True,2,0.15075000000000002,0.36074999999999996,0.7807499999999999
run.fixture.fixed.302,edge.market,302,fixed,100.0,0.1068661382595766,0.0996952835573657,0.10218007726832166,0.10194216840521243,-6.598681455875714e-05,2,0.0,,100.0,1.0,fixture,5,True,2,0.16824999999999998,0.37825,0.79825
run.fixture.fixed.302,edge.market,302,fixed,105.0,0.0850724711887395,0.09935571775966948,0.10156554670577614,0.10117536398628184,-0.00024892813086966573,2,0.0,,105.0,1.0,fixture,5,True,2,0.18574999999999997,0.39575,0.81575
run.fixture.fixed.302,edge.market,302,fixed,110.0,0.1005163565125212,0.0983792084249286,0.10082744609576769,0.10114671148742267,-0.00019010650120103353,2,0.0,,110.0,1.0,fixture,5,True,2,0.20325000000000001,0.4132499999999999,0.83325
run.fixture.fixed.302,edge.market,302,fixed,115.0,0.0470656208718243,0.09216946812766193,0.0947291935663556,0.09889333271177277,-0.00034830732288758636,2,0.0,,115.0,1.0,fixture,5,True,2,0.22075,0.43074999999999997,0.85075
run.fixture.fixed.302,edge.market,302,fixed,120.0,0.0957920350447523,0.09088078151321174,0.09456417257380556,0.09876928080509195,-0.0003166217739412017,2,0.0,,120.0,1.0,fixture,5,True,2,0.23825,0.44825,0.86625
run.fixture.fixed.302,edge.market,302,fixed,125.0,0.0887512793358495,0.08873780064321782,0.09420010685120854,0.0998433478580948,-0.00036325653365230074,2,0.0,,120.0,1.0,fixture,5,True,2,0.25575,0.46574999999999994,0.8788333333333332
run.fixture.fixed.302,edge.market,302,fixed,130.0,0.0636385108107233,0.08395748743199809,0.09066948143584387,0.09870649487184269,-0.0004467882212656212,2,0.0,,120.0,1.0,fixture,5,True,2,0.27325000000000005,0.48324999999999996,0.8885
run.fixture.fixed.302,edge.market,302,fixed,135.0,0.0724228625706657,0.0790370194764394,0.08951359149723251,0.0960314268038631,-0.0005918652111927456,2,0.0,,120.0,1.0,fixture,5,True,2,0.29075,0.5007499999999999,0.89525
run.fixture.fixed.302,edge.market,302,fixed,140.0,0.0867036396222926,0.07927004353837555,0.08792526209466214,0.09400969788005559,-0.00047317444057770814,2,0.0,,120.0,1.0,fixture,5,True,2,0.30824999999999997,0.51825,0.8990833333333333
run.fixture.fixed.302,edge.market,302,fixed,145.0,0.107962017431394,0.08033370938392882,0.08926589397763927,0.09332171298632055,-0.0003209982669221119,2,0.0,,120.0,1.0,fixture,5,True,2,0.32575,0.5357500000000001,0.9
run.fixture.fixed.302,edge.market,302,fixed,150.0,0.0716285469611079,0.08384269882525505,0.08671325594803964,0.0937045052027247,-0.0003176965641983062,2,0.0,,120.0,1.0,fixture,5,True,2,0.34325,0.55325,0.9
run.fixture.fixed.302,edge.market,302,fixed,155.0,0.090201918062062,0.08304411068487072,0.0856709307662131,0.09387841321365135,-0.00016362601581533425,2,0.0,,120.0,1.0,fixture,5,True,2,0.36074999999999996,0.57075,0.9
run.fixture.fixed.302,edge.market,302,fixed,160.0,0.1088853764433155,0.08592041027165158,0.08657744408575573,0.09387926557373717,7.735759047472344e-05,2,0.0,,120.0,1.0,fixture,5,True,2,0.37825,0.58825,0.9
run.fixture.fixed.302,edge.market,302,fixed,165.0,0.0785861506975627,0.08805578739834292,0.08440206042713928,0.09330025686156641,0.0001807346222193259,2,0.0,,120.0,1.0,fixture,5,True,2,0.39575,0.60575,0.9
run.fixture.fixed.302,edge.market,302,fixed,170.0,0.0751469417487007,0.08844494156663364,0.0836385581625209,0.09190166795380922,0.00012486886756061093,2,0.0,,120.0,1.0,fixture,5,True,2,0.4132499999999999,0.62325,0.8973333333333334
run.fixture.fixed.302,edge.market,302,fixed,175.0,0.0915308147006225,0.08913453800639505,0.0829473626385287,0.09050918439166686,0.0003067349419327125,2,0.0,,120.0,1.0,fixture,5,True,2,0.43074999999999997,0.64075,0.888
run.fixture.fixed.302,edge.market,302,fixed,180.0,0.082864445956012,0.08554917065276903,0.08570111841423543,0.08990626991199122,3.0174840326085923e-05,2,0.0,,120.0,1.0,fixture,5,True,2,0.44825,0.6582499999999999,0.872
run.fixture.fixed.302,edge.market,302,fixed,185.0,0.0963118253716175,0.08907535328284186,0.08574110228553278,0.09001937757767148,0.0001777579811589535,2,0.0,,120.0,1.0,fixture,5,True,2,0.46574999999999994,0.6757499999999999,0.8493333333333334
run.fixture.fixed.302,edge.market,302,fixed,190.0,0.1228175952251605,0.09373473573471307,0.08836158812317207,0.09055061573825934,0.0004453735822468474,2,0.0,,120.0,1.0,fixture,5,True,2,0.48324999999999996,0.6932499999999999,0.82
run.fixture.fixed.302,edge.market,302,fixed,195.0,0.1252048774373498,0.09606609301957511,0.09309746247906642,0.09206083356484882,0.0004981188511456665,2,0.0,,120.0,1.0,fixture,5,True,2,0.5007499999999999,0.71075,0.7839999999999999
run.fixture.fixed.302,edge.market,302,fixed,200.0,0.1085177308265613,0.10034203303800347,0.09587399080644299,0.09210746592368296,0.000440755566229363,2,0.0,,120.0,1.0,fixture,5,True,2,0.51825,0.7282500000000001,0.7440000000000001
run.fixture.fixed.302,edge.market,302,fixed,205.0,0.172239931852802,0.11421246019573224,0.10245370559340526,0.09537571107968741,0.0008737261024811233,2,0.0,,120.0,1.0,fixture,5,True,2,0.5357500000000001,0.74575,0.7040000000000002
run.fixture.fixed.302,edge.market,302,fixed,210.0,0.1685363827733386,0.12521325563469168,0.10711327215817024,0.0979246527367848,0.0013518076914322446,2,0.0,,120.0,1.0,fixture,5,True,2,0.55325,0.7632500000000001,0.6640000000000001
run.fixture.fixed.302,edge.market,302,fixed,215.0,0.2082475808320693,0.14312513204555696,0.11762242860978264,0.10210447015303531,0.0017456678844695612,2,0.0,,120.0,1.0,fixture,5,True,2,0.57075,0.7807499999999999,0.6240000000000001
run.fixture.fixed.302,edge.market,302,fixed,220.0,0.2090898449601108,0.15923627770105603,0.1267676537557864,0.10658403581986928,0.002137822746302446,2,0.0,,120.0,1.0,fixture,5,True,2,0.58825,0.79825,0.5840000000000001
run.fixture.fixed.302,edge.market,302,fixed,225.0,0.2258688232671415,0.1739578817070533,0.13576638043454226,0.11134414322017187,0.0026536810714462198,2,0.0,,120.0,1.0,fixture,5,True,2,0.60575,0.81575,0.544
run.fixture.fixed.302,edge.market,302,fixed,230.0,0.2531702471401791,0.1922386488074575,0.14919592631474352,0.11806805425822947,0.002987924579220906,2,0.0,,120.0,1.0,fixture,5,True,2,0.62325,0.83325,0.504
run.fixture.fixed.302,edge.market,302,fixed,235.0,0.2694409508490535,0.21522768023924213,0.16414161932246296,0.12482503803169076,0.0032111413432248195,2,0.0,,120.0,1.0,fixture,5,True,2,0.64075,0.85075,0.46399999999999997
run.fixture.fixed.302,edge.market,302,fixed,240.0,0.28927076664754,0.23194637092420467,0.1793523848568412,0.13451324386271937,0.003477624037288093,2,0.0,,120.0,1.0,fixture,5,True,2,0.6582499999999999,0.86625,0.424
run.fixture.fixed.302,edge.market,302,fixed,245.0,0.3017330510038725,0.2509744663857095,0.19618843139898434,0.1427508845010842,0.0035423146137456584,2,0.0,,120.0,1.0,fixture,5,True,2,0.6757499999999999,0.8788333333333332,0.38399999999999995
run.fixture.fixed.302,edge.market,302,fixed,250.0,0.3282720690605871,0.26812082184692637,0.21403152706736656,0.1523317160900737,0.0036449141563588945,2,0.0,,120.0,1.0,fixture,5,True,2,0.6932499999999999,0.8885,0.3439999999999999
run.fixture.fixed.302,edge.market,302,fixed,255.0,0.3539884411804559,0.28882062130697567,0.23181389983315853,0.16394571330486302,0.0038660613671095494,2,0.0,,120.0,1.0,fixture,5,True,2,0.71075,0.89525,0.304
run.fixture.fixed.302,edge.market,302,fixed,260.0,0.3389243693764294,0.3049714136083025,0.24825386075154932,0.17460577357709353,0.003752214840174341,2,0.0,,120.0,1.0,fixture,5,True,2,0.7282500000000001,0.8990833333333333,0.26399999999999996
run.fixture.fixed.302,edge.market,302,fixed,265.0,0.3764226324162637,0.32257889721917177,0.26886193010460335,0.18619453328885238,0.003522390357222003,2,0.0,,120.0,1.0,fixture,5,True,2,0.74575,0.9,0.22399999999999998
run.fixture.fixed.302,edge.market,302,fixed,270.0,0.3853594123790176,0.33913867743773807,0.2852557362989276,0.19729042908675734,0.0035472594845669197,2,0.0,,120.0,1.0,fixture,5,True,2,0.7632500000000001,0.9,0.18666666666666665
run.fixture.fixed.302,edge.market,302,fixed,275.0,0.4083926889916005,0.356156094915461,0.30370622139264014,0.21076099476797705,0.0034613102993767183,2,0.0,,120.0,1.0,fixture,5,True,2,0.7807499999999999,0.9,0.156
run.fixture.fixed.302,edge.market,302,fixed,280.0,0.4246141556377232,0.3737105384345825,0.3203498040699981,0.22413748427100347,0.003524208235142108,2,0.0,,120.0,1.0,fixture,5,True,2,0.79825,0.9,0.132
run.fixture.fixed.302,edge.market,302,fixed,285.0,0.4473992949094099,0.39072871355584293,0.3386813002199442,0.23767804100964723,0.00350605134642481,2,0.0,,120.0,1.0,fixture,5,True,2,0.81575,0.9,0.11466666666666668
run.fixture.fixed.302,edge.market,302,fixed,290.0,0.4800319787389518,0.4087349332070566,0.35823231217931417,0.25373587413130283,0.0035702455579022024,2,0.0,,120.0,1.0,fixture,5,True,2,0.83325,0.8973333333333334,0.104
run.fixture.fixed.302,edge.market,302,fixed,295.0,0.4740419053337403,0.4280374383438153,0.375222439732665,0.26969167267470445,0.003525655561916063,2,0.0,,120.0,1.0,fixture,5,True,2,0.85075,0.888,0.09999999999999999
run.fixture.fixed.302,edge.market,302,fixed,300.0,0.4740419053337403,0.44198304876059763,0.39096097469302554,0.28499211630002913,0.0033635087173239414,2,5.0,,120.0,1.0,fixture,5,True,2,0.86625,0.872,0.09999999999999999
run.fixture.fixed.302,edge.market,302,fixed,305.0,0.4740419053337403,0.454651976325558,0.4051741392073487,0.3006392146751382,0.0031290627036161295,2,10.0,,120.0,1.0,fixture,5,True,2,0.8788333333333332,0.8493333333333334,0.09999999999999999
run.fixture.fixed.302,edge.market,302,fixed,310.0,0.4740419053337403,0.46403043580300657,0.4184286664634923,0.3157484178736231,0.0027874352083787778,2,15.0,,120.0,1.0,fixture,5,True,2,0.8885,0.82,0.09999999999999999
run.fixture.fixed.302,edge.market,302,fixed,315.0,,0.47059981583055377,0.4259417162470677,0.32378720215064244,0.0027280393797284017,2,20.0,,120.0,0.9230769230769231,fixture,5,False,0,0.89525,0.7839999999999999,0.09999999999999999
run.fixture.fixed.302,edge.market,302,fixed,320.0,,0.4752399200147826,0.43248292307130515,0.33242121626861165,0.002761506374738431,2,25.0,,120.0,0.8461538461538461,fixture,5,False,0,0.8990833333333333,0.7440000000000001,0.09999999999999999
run.fixture.fixed.302,edge.market,302,fixed,325.0,,0.4740419053337403,0.4418387784407928,0.34259864742506846,0.0024345611170528882,2,30.0,,120.0,0.7692307692307693,fixture,5,False,0,0.9,0.7040000000000002,0.09999999999999999
run.fixture.fixed.302,edge.market,302,fixed,330.0,,0.4740419053337403,0.4491072391101849,0.35071096721422407,0.0022572524355389157,2,35.0,,120.0,0.6923076923076923,fixture,5,False,0,0.9,0.6640000000000001,0.09999999999999999
run.fixture.fixed.302,edge.market,302,fixed,335.0,,0.4740419053337403,0.4570757174515808,0.3598196964362684,0.001858621477959152,2,40.0,,120.0,0.6153846153846154,fixture,5,False,0,0.9,0.6240000000000001,0.09999999999999999
run.fixture.fixed.302,edge.market,302,fixed,340.0,,0.4740419053337403,0.46403043580300657,0.3677971762049104,0.0013969885466535868,2,45.0,,120.0,0.5384615384615384,fixture,5,False,0,0.9,0.5840000000000001,0.09999999999999999
run.fixture.fixed.302,edge.market,302,fixed,345.0,,,0.47059981583055377,0.37661425016295486,0.0006585304680343796,2,50.0,,120.0,0.46153846153846156,fixture,5,False,0,0.9,0.544,0.09999999999999999
run.fixture.fixed.302,edge.market,302,fixed,350.0,,,0.4752399200147826,0.38548162821564974,-0.00023960293620845915,2,55.0,,120.0,0.38461538461538464,fixture,5,False,0,0.8973333333333334,0.504,0.09999999999999999
run.fixture.fixed.302,edge.market,302,fixed,355.0,0.6940954577923643,0.6940954577923643,0.518052615825465,0.41141840531283713,0.003966630559340013,2,0.0,,120.0,0.38461538461538464,fixture,5,False,2,0.888,0.46399999999999997,0.09999999999999999
run.fixture.fixed.302,edge.market,302,fixed,360.0,0.7268893799760251,0.7104924188841947,0.5686221107539221,0.43832713643795307,0.004444619335055724,2,0.0,,120.0,0.38461538461538464,fixture,5,False,2,0.872,0.424,0.09999999999999999
run.fixture.fixed.302,edge.market,302,fixed,365.0,0.7152390616247175,0.7120746331310356,0.6168615420121174,0.46338409496602234,0.004481240317623554,2,0.0,,120.0,0.38461538461538464,fixture,5,False,2,0.8493333333333334,0.38399999999999995,0.09999999999999999
run.fixture.fixed.302,edge.market,302,fixed,370.0,0.742903665974503,0.7197818913419025,0.6706338941402701,0.48933530761135346,0.004574255441129009,2,0.0,,120.0,0.38461538461538464,fixture,5,False,2,0.82,0.3439999999999999,0.09999999999999999
run.fixture.fixed.302,edge.market,302,fixed,375.0,0.7482016091772784,0.7254658349089776,0.7254658349089776,0.5140370452652766,0.002484531775366154,2,0.0,,120.0,0.38461538461538464,fixture,5,False,2,0.7839999999999999,0.304,0.09999999999999999
run.fixture.fixed.302,edge.market,302,fixed,380.0,0.7805222881971738,0.7346419104570104,0.7346419104570104,0.5391272715603775,0.002992773965586246,2,0.0,,120.0,0.46153846153846156,fixture,5,False,2,0.7440000000000001,0.26399999999999996,0.09999999999999999
run.fixture.fixed.302,edge.market,302,fixed,385.0,0.8249232433278868,0.7475392437242785,0.7475392437242785,0.5677154406163457,0.003805083718581609,2,0.0,,120.0,0.5384615384615384,fixture,5,False,2,0.7040000000000002,0.22399999999999998,0.09999999999999999
run.fixture.fixed.302,edge.market,302,fixed,390.0,0.7857557333554073,0.7606335688047131,0.7523163049281696,0.5917938583186482,0.0031736639729065858,2,0.0,,120.0,0.6153846153846154,fixture,5,False,2,0.6640000000000001,0.18666666666666665,0.09999999999999999
run.fixture.fixed.302,edge.market,302,fixed,395.0,0.7994139018264811,0.7709942147833498,0.7575493712502043,0.6161500047567343,0.002849532739678739,2,0.0,,120.0,0.6923076923076923,fixture,5,False,2,0.6240000000000001,0.156,0.09999999999999999
run.fixture.fixed.302,edge.market,302,fixed,400.0,0.8524238588919864,0.7905920429643883,0.7670368200143824,0.64226948533911,0.0031073818576767033,2,0.0,,120.0,0.7692307692307693,fixture,5,False,2,0.5840000000000001,0.132,0.09999999999999999
run.fixture.fixed.302,edge.market,302,fixed,405.0,0.8808822958578912,0.8103032758048722,0.7773864087274287,0.6691087877050022,0.003365495264562162,2,0.0,,120.0,0.8461538461538461,fixture,5,True,2,0.544,0.11466666666666668,0.09999999999999999
run.fixture.fixed.302,edge.market,302,fixed,410.0,0.8654356840705827,0.8270510007896298,0.7847238483393583,0.6936991635380124,0.0032661446292259317,2,0.0,,120.0,0.9230769230769231,fixture,5,True,2,0.504,0.104,0.09999999999999999
run.fixture.fixed.302,edge.market,302,fixed,415.0,0.8997648195511926,0.8440856481259184,0.7935731538171916,0.7183893306446147,0.003324768392491809,2,0.0,,120.0,1.0,fixture,5,True,2,0.46399999999999997,0.09999999999999999,0.09999999999999999
run.fixture.fixed.302,edge.market,302,fixed,420.0,0.8642792424678328,0.8497079337173392,0.806664214176843,0.7413444681230908,0.003025749337250109,2,0.0,,120.0,1.0,fixture,5,True,2,0.424,0.09999999999999999,0.09999999999999999
run.fixture.fixed.302,edge.market,302,fixed,425.0,0.9038182871948888,0.8665740128372651,0.8202741301167555,0.766625431761982,0.003052673072088074,2,0.0,,120.0,1.0,fixture,5,True,2,0.38399999999999995,0.09999999999999999,0.09999999999999999
run.fixture.fixed.302,edge.market,302,fixed,430.0,0.8820892024379609,0.8783847700674764,0.833108756333159,0.7906282139445832,0.002652282912179245,2,0.0,,120.0,1.0,fixture,5,True,2,0.3439999999999999,0.09999999999999999,0.09999999999999999
run.fixture.fixed.302,edge.market,302,fixed,435.0,0.9054171449591868,0.885955239505648,0.8456097931781346,0.8160032280401976,0.002435156208053501,2,0.0,,120.0,1.0,fixture,5,True,2,0.304,0.09999999999999999,0.09999999999999999
run.fixture.fixed.302,edge.market,302,fixed,440.0,0.9165891092349792,0.8910562128452321,0.8585626777979576,0.8215913325510189,0.0021538579754546835,2,0.0,,120.0,1.0,fixture,5,True,2,0.26399999999999996,0.09999999999999999,0.09999999999999999
run.fixture.fixed.302,edge.market,302,fixed,445.0,0.9011344718179742,0.8961560396662879,0.8678405380764809,0.8257778135650691,0.0018342404336026098,2,0.0,,120.0,1.0,fixture,5,True,2,0.22399999999999998,0.09999999999999999,0.09999999999999999
run.fixture.fixed.302,edge.market,302,fixed,450.0,0.91230014783568,0.897946800849786,0.8745618384232341,0.8301039302785996,0.0017972476812015451,2,0.0,,120.0,1.0,fixture,5,True,2,0.18666666666666665,0.09999999999999999,0.09999999999999999
run.fixture.fixed.302,edge.market,302,fixed,455.0,0.9082602855445724,0.904229807003606,0.8839852655147085,0.8338256614817412,0.0013363113595018144,2,0.0,,120.0,1.0,fixture,5,True,2,0.156,0.09999999999999999,0.09999999999999999
run.fixture.fixed.302,edge.market,302,fixed,460.0,0.910778214478942,0.9052240823298993,0.8925517511033594,0.8373235047997958,0.000862419214411496,2,0.0,,120.0,1.0,fixture,5,True,2,0.132,0.09999999999999999,0.09999999999999999
run.fixture.fixed.302,edge.market,302,fixed,465.0,0.8784532675976031,0.904704663066991,0.8945540133114837,0.8391117553562222,0.0004607860863739726,2,0.0,,120.0,1.0,fixture,5,True,2,0.11466666666666668,0.09999999999999999,0.09999999999999999
run.fixture.fixed.302,edge.market,302,fixed,470.0,0.8969436285681357,0.9034941607254122,0.895789500443041,0.841521416740052,0.0003713747340275606,2,0.0,,120.0,1.0,fixture,5,True,2,0.104,0.09999999999999999,0.09999999999999999
run.fixture.fixed.302,edge.market,302,fixed,475.0,0.8383439201657428,0.8923162765726643,0.8937055186042071,0.8413943168770797,-0.0002408782289075982,2,0.0,,120.0,1.0,fixture,5,True,2,0.09999999999999999,0.09999999999999999,0.09999999999999999
run.fixture.fixed.302,edge.market,302,fixed,480.0,0.7950870535543039,0.87716664539214,0.8856533827582926,0.8454339807075573,-0.0008444998593147671,2,0.0,,120.0,1.0,fixture,5,True,2,0.09999999999999999,0.09999999999999999,0.09999999999999999
run.fixture.fixed.302,edge.market,302,fixed,485.0,0.7381913719438777,0.8522939631218824,0.8759543157949115,0.8458860603862712,-0.0019811933174682834,2,0.0,,120.0,1.0,fixture,5,True,2,0.09999999999999999,0.09999999999999999,0.09999999999999999
run.fixture.fixed.302,edge.market,302,fixed,490.0,0.722064256165891,0.8256945303534995,0.8619732364849886,0.8461590681679182,-0.0027815148097477117,2,0.0,,120.0,1.0,fixture,5,True,2,0.09999999999999999,0.09999999999999999,0.09999999999999999
run.fixture.fixed.302,edge.market,302,fixed,495.0,0.6776442680995637,0.7923896808707311,0.8462467030743425,0.8435486922529206,-0.0038421324456177647,2,0.0,,120.0,1.0,fixture,5,True,2,0.09999999999999999,0.09999999999999999,0.09999999999999999
run.fixture.fixed.302,edge.market,302,fixed,500.0,0.6468249987204971,0.7592999281740017,0.8263549995175202,0.8394936278346493,-0.004701843580704762,2,0.0,,120.0,1.0,fixture,5,True,2,0.09999999999999999,0.09999999999999999,0.09999999999999999
run.fixture.fixed.302,edge.market,302,fixed,505.0,0.6151634185910445,0.7190456124629886,0.8031684079295253,0.8328792730504042,-0.005400207006569194,2,0.0,,120.0,1.0,fixture,5,True,2,0.09999999999999999,0.09999999999999999,0.09999999999999999
run.fixture.fixed.302,edge.market,302,fixed,510.0,0.5582288790275157,0.6790291780146704,0.7767910546379515,0.8222114984783895,-0.006261607804583389,2,0.0,,120.0,1.0,fixture,5,True,2,0.09999999999999999,0.09999999999999999,0.09999999999999999
run.fixture.fixed.302,edge.market,302,fixed,515.0,0.5342066497538847,0.641760548900325,0.7477069394008905,0.8121495351343284,-0.006818687779221084,2,0.0,,120.0,1.0,fixture,5,True,2,0.09999999999999999,0.09999999999999999,0.09999999999999999
run.fixture.fixed.302,edge.market,302,fixed,520.0,0.4657052985589256,0.6028339669881888,0.7136642480943021,0.7988011910036262,-0.007443013517733182,2,0.0,,120.0,1.0,fixture,5,True,2,0.09999999999999999,0.09999999999999999,0.09999999999999999
run.fixture.fixed.302,edge.market,302,fixed,525.0,0.4441268350027421,0.5631286211077391,0.6777679881345944,0.7824693100480564,-0.007703921994498988,2,0.0,,120.0,1.0,fixture,5,True,2,0.09999999999999999,0.09999999999999999,0.09999999999999999
run.fixture.fixed.302,edge.market,302,fixed,530.0,0.4169939455460654,0.5258928607429535,0.642271117207553,0.7639137760355834,-0.007879578367345264,2,0.0,,120.0,1.0,fixture,5,True,2,0.09999999999999999,0.09999999999999999,0.09999999999999999
run.fixture.fixed.302,edge.market,302,fixed,535.0,0.3481668838673368,0.48322741576393063,0.6000575214613378,0.7432230240274535,-0.007859707840441108,2,0.0,,120.0,1.0,fixture,5,True,2,0.09999999999999999,0.09999999999999999,0.09999999999999999
run.fixture.fixed.302,edge.market,302,fixed,540.0,0.3258167924355681,0.4418921834560054,0.5606323577897859,0.7202651029428287,-0.007834916173654059,2,0.0,,120.0,1.0,fixture,5,True,2,0.09999999999999999,0.09999999999999999,0.09999999999999999
run.fixture.fixed.302,edge.market,302,fixed,545.0,0.2928836273519246,0.403985718930921,0.5220013250049875,0.6974092783381923,-0.0077967947585722355,2,0.0,,120.0,1.0,fixture,5,True,2,0.09999999999999999,0.09999999999999999,0.09999999999999999
run.fixture.fixed.302,edge.market,302,fixed,550.0,0.2322337795369368,0.360846737471357,0.48308151020445356,0.6705458980318743,-0.008044349642348143,2,0.0,,120.0,1.0,fixture,5,True,2,0.09999999999999999,0.09999999999999999,0.09999999999999999
run.fixture.fixed.302,edge.market,302,fixed,555.0,0.1951562778486145,0.3221968773698841,0.44255012725697074,0.6430685810483004,-0.008104428952683273,2,0.0,,120.0,1.0,fixture,5,True,2,0.09999999999999999,0.09999999999999999,0.09999999999999999
run.fixture.fixed.302,edge.market,302,fixed,560.0,0.1549997518330353,0.2808930083456402,0.4023467029287763,0.6130518853232543,-0.008191949025920044,2,0.0,,120.0,1.0,fixture,5,True,2,0.09999999999999999,0.09999999999999999,0.09999999999999999
run.fixture.fixed.302,edge.market,302,fixed,565.0,0.114822248035019,0.23772562298691927,0.3614234144145087,0.5809812108752559,-0.00820711238726125,2,0.0,,120.0,1.0,fixture,5,True,2,0.09999999999999999,0.09999999999999999,0.09999999999999999
run.fixture.fixed.302,edge.market,302,fixed,570.0,0.087677106400579,0.2005127976345253,0.3208475442460114,0.54844291625856,-0.008060186913467651,2,0.0,,120.0,1.0,fixture,5,True,2,0.09999999999999999,0.09999999999999999,0.09999999999999999
run.fixture.fixed.302,edge.market,302,fixed,575.0,0.1025093564247873,0.1686117353472709,0.2857921963534938,0.5160512846021243,-0.007673769093090528,2,0.0,,120.0,1.0,fixture,5,True,2,0.09999999999999999,0.09999999999999999,0.09999999999999999
run.fixture.fixed.302,edge.market,302,fixed,580.0,0.1008423546700083,0.14117726782128287,0.25245648134704174,0.4837545673671418,-0.006982338187923685,2,0.0,,120.0,1.0,fixture,5,True,2,0.09999999999999999,0.09999999999999999,0.09999999999999999
run.fixture.fixed.302,edge.market,302,fixed,585.0,0.0808718077333633,0.11955412899220097,0.2228539051296908,0.45055831109731864,-0.006473290189241141,2,0.0,,120.0,1.0,fixture,5,True,2,0.09999999999999999,0.09999999999999999,0.09999999999999999
run.fixture.fixed.302,edge.market,302,fixed,590.0,0.13903839233527,0.11153728820458032,0.1993855633860391,0.4209817160868253,-0.0053238204833676965,2,0.0,,120.0,1.0,fixture,5,True,2,0.09999999999999999,0.09999999999999999,0.09999999999999999
run.fixture.fixed.302,edge.market,302,fixed,595.0,0.1157214569168321,0.1059261032165513,0.17621075656840576,0.3897328292207731,-0.004201541322593034,2,0.0,,120.0,1.0,fixture,5,True,2,0.09999999999999999,0.09999999999999999,0.09999999999999999
run.fixture.fixed.302,edge.market,302,fixed,600.0,0.0779397996378847,0.10065718201696065,0.15542405778152485,0.3593166643996588,-0.0035267422571981003,2,0.0,,120.0,1.0,fixture,5,True,2,0.09999999999999999,0.09999999999999999,0.09999999999999999
run.fixture.fixed.302,edge.market,302,fixed,605.0,0.1248289231768542,0.1059645844135714,0.13996345245393146,0.3325063391845609,-0.002417755075934056,2,0.0,,120.0,1.0,fixture,5,True,2,0.09999999999999999,0.09999999999999999,
run.fixture.fixed.302,edge.market,302,fixed,610.0,0.120783242874527,0.1085751396206771,0.12672496134028552,0.3078100140217868,-0.0013679089585609515,2,0.0,,120.0,1.0,fixture,5,True,2,0.09999999999999999,0.09999999999999999,
run.fixture.fixed.302,edge.market,302,fixed,615.0,0.092978307038695,0.1074517042447752,0.11601300191734383,0.282646576056699,-0.0007788080777180771,2,0.0,,120.0,1.0,fixture,5,True,2,0.09999999999999999,0.09999999999999999,
run.fixture.fixed.302,edge.market,302,fixed,620.0,0.0971084524212578,0.10977122491447441,0.10847086149985484,0.2594251434295668,-0.0002946590287704072,2,0.0,,120.0,1.0,fixture,5,True,2,0.09999999999999999,0.09999999999999999,
run.fixture.fixed.302,edge.market,302,fixed,625.0,0.1159055586307198,0.10646653438525296,0.1054636158689075,0.2381883658259757,0.00011227549333668229,2,0.0,,120.0,1.0,fixture,5,True,2,0.09999999999999999,0.09999999999999999,
run.fixture.fixed.302,edge.market,302,fixed,630.0,0.0694317793171073,0.09985372329957798,0.10197204135214506,0.21635910025501817,-5.330757715564617e-05,2,0.0,,120.0,1.0,fixture,5,True,2,0.09999999999999999,0.09999999999999999,
run.fixture.fixed.302,edge.market,302,fixed,635.0,0.1049236123988187,0.1037085536939971,0.10329869565970197,0.1982268895898703,-0.0001438077072445704,2,0.0,,120.0,1.0,fixture,5,True,2,0.09999999999999999,0.09999999999999999,
run.fixture.fixed.302,edge.market,302,fixed,640.0,0.0824131814595258,0.09764916202009308,0.10175283604698954,0.18015515085809589,-0.00028758623454727233,2,0.0,,120.0,1.0,fixture,5,True,2,0.09999999999999999,0.09999999999999999,
run.fixture.fixed.302,edge.market,302,fixed,645.0,0.0772155174855783,0.09142520125024324,0.0999353870328026,0.16461555961516205,-0.0004563744554344565,2,0.0,,120.0,1.0,fixture,5,True,2,0.09999999999999999,0.09999999999999999,
run.fixture.fixed.302,edge.market,302,fixed,650.0,0.0942527030922061,0.09160725782931625,0.1009646866757905,0.1506205943387406,-0.0006404856188846265,2,0.0,,120.0,1.0,fixture,5,True,2,0.09999999999999999,0.09999999999999999,
run.fixture.fixed.302,edge.market,302,fixed,655.0,0.0981347780870581,0.09175387578157344,0.09781825481054343,0.1378662276403803,-0.00036626969791323926,2,0.0,,120.0,1.0,fixture,5,True,2,0.09999999999999999,0.09999999999999999,
run.fixture.fixed.302,edge.market,302,fixed,660.0,0.1195626215538521,0.09227631334202091,0.09811372901339113,0.12872205714784093,-8.518330757931295e-05,2,0.0,,120.0,1.0,fixture,5,True,2,0.09999999999999999,0.09999999999999999,
run.fixture.fixed.302,edge.market,302,fixed,665.0,0.0838570091762118,0.09433706046475011,0.09856889897787785,0.11904366581746668,-0.0003343677302734027,2,0.0,,120.0,1.0,fixture,5,True,2,0.09999999999999999,0.09999999999999999,
run.fixture.fixed.302,edge.market,302,fixed,670.0,0.0900440170062178,0.09221140398009285,0.09589313696475196,0.11093008140363841,-0.00018857555712738683,2,0.0,,120.0,1.0,fixture,5,True,2,0.09999999999999999,0.09999999999999999,
run.fixture.fixed.302,edge.market,302,fixed,675.0,0.1225883559611731,0.09795071462318534,0.09603199181757091,0.10654426446060786,0.0001788992289681642,2,0.0,,120.0,1.0,fixture,5,True,2,0.09999999999999999,0.09999999999999999,
run.fixture.fixed.302,edge.market,302,fixed,680.0,0.1030241631701729,0.10163766400669884,0.09680474998153075,0.1028589798734702,0.00020151157475221013,2,0.0,,120.0,1.0,fixture,5,True,2,0.09999999999999999,0.09999999999999999,
run.fixture.fixed.302,edge.market,302,fixed,685.0,0.1074566974598691,0.10352394891636499,0.09760076883065469,0.10095725769854354,0.00027408036810179097,2,0.0,,120.0,1.0,fixture,5,True,2,0.09999999999999999,0.09999999999999999,
run.fixture.fixed.302,edge.market,302,fixed,690.0,0.118904182607828,0.1064910067050464,0.09783143221350918,0.10112053508145591,0.0005553485123473909,2,0.0,,120.0,1.0,fixture,5,True,2,0.09999999999999999,0.09999999999999999,
run.fixture.fixed.302,edge.market,302,fixed,695.0,0.0742724658980014,0.10002098446849629,0.0982037927197318,0.10058434946135282,0.00018155580007501738,2,0.0,,120.0,1.0,fixture,5,True,2,0.09999999999999999,0.09999999999999999,
run.fixture.fixed.302,edge.market,302,fixed,700.0,0.0563971722839096,0.09609815062673885,0.09447098963396955,0.09873986209571768,-4.240132614621765e-05,2,0.0,,120.0,1.0,fixture,5,True,2,0.09999999999999999,0.09999999999999999,
run.fixture.fixed.302,edge.market,302,fixed,705.0,0.0997178410267967,0.09748012548682154,0.09580211729299039,0.09869488154998923,-0.00010055907215077175,2,0.0,,120.0,1.0,fixture,5,True,2,0.09999999999999999,0.09999999999999999,
run.fixture.fixed.302,edge.market,302,fixed,710.0,0.1150068659421453,0.09639705548410328,0.0987091440973417,0.1000602838783405,-0.00011690820045511733,2,0.0,,120.0,1.0,fixture,5,True,2,0.09999999999999999,0.09999999999999999,
run.fixture.fixed.302,edge.market,302,fixed,715.0,0.1039567709296143,0.0965302851640235,0.0994556108540654,0.09865701902211427,-0.00011658877852359313,2,0.0,,120.0,1.0,fixture,5,True,2,0.09999999999999999,0.09999999999999999,
run.fixture.fixed.302,edge.market,302,fixed,720.0,0.1055308707455647,0.09625516706198001,0.10002454105856591,0.09824939557526358,-8.669237195222587e-05,2,0.0,,120.0,1.0,fixture,5,True,2,0.09999999999999999,0.09999999999999999,
run.fixture.fixed.302,edge.market,302,fixed,725.0,0.0940588583365642,0.09270583502322804,0.09806271311877454,0.09889415792321075,2.4266383141173825e-05,2,0.0,,120.0,1.0,fixture,5,True,2,0.09999999999999999,,
run.fixture.fixed.302,edge.market,302,fixed,730.0,0.0963725974109873,0.09586299666794032,0.09902545067529572,0.09775590489257607,-9.615188262219246e-05,2,0.0,,120.0,1.0,fixture,5,True,2,0.09999999999999999,,
run.fixture.fixed.302,edge.market,302,fixed,735.0,0.1208845561123521,0.10507548007200354,0.10139779983730605,0.09775995742208908,-2.111386400813465e-05,2,0.0,,120.0,1.0,fixture,5,True,2,0.09999999999999999,,
run.fixture.fixed.302,edge.market,302,fixed,740.0,0.1005291061814576,0.10519137509409793,0.09970093446963563,0.09806198938779959,0.00013616276338964417,2,0.0,,120.0,1.0,fixture,5,True,2,0.09999999999999999,,
run.fixture.fixed.302,edge.market,302,fixed,745.0,0.1080256153745097,0.1041940535844357,0.10008566156227694,0.09849867590592969,0.00021661406705228748,2,0.0,,120.0,1.0,fixture,5,True,2,0.09999999999999999,,
run.fixture.fixed.302,edge.market,302,fixed,750.0,0.142735784752654,0.10973391270201281,0.10279943750787576,0.09957188495080704,0.000554523946640648,2,0.0,,120.0,1.0,fixture,5,True,2,0.09999999999999999,,
run.fixture.fixed.302,edge.market,302,fixed,755.0,0.1102373832411661,0.11040627162995585,0.10213276063351716,0.10120410910776938,0.0007274480016949413,2,0.0,,120.0,1.0,fixture,5,True,2,0.09999999999999999,,
run.fixture.fixed.302,edge.market,302,fixed,760.0,0.1100735084979798,0.11269407879587237,0.10488668698736164,0.10141010495173582,0.0005654946215171012,2,0.0,,120.0,1.0,fixture,5,True,2,0.09999999999999999,,
run.fixture.fixed.302,edge.market,302,fixed,765.0,0.087645844028605,0.11144739974124632,0.10729043096772282,0.101619411454499,7.882246692731684e-05,2,0.0,,120.0,1.0,fixture,5,True,2,0.09999999999999999,,
run.fixture.fixed.302,edge.market,302,fixed,770.0,0.1131439769615658,0.11034160271970543,0.10832321065501277,0.1030565498335385,5.916658382465182e-05,2,0.0,,120.0,1.0,fixture,5,True,2,0.09999999999999999,,
run.fixture.fixed.302,edge.market,302,fixed,775.0,0.0910041192749442,0.10898089030448922,0.10647684552676653,0.10292660648084802,-3.6124944945614493e-06,2,0.0,,120.0,1.0,fixture,5,True,2,0.09999999999999999,,
run.fixture.fixed.302,edge.market,302,fixed,780.0,0.0693999542818225,0.10346293871981962,0.10381862886155177,0.10177721352863861,-0.00026746070290085695,2,0.0,,120.0,1.0,fixture,5,True,2,0.09999999999999999,,
run.fixture.fixed.302,edge.market,302,fixed,785.0,0.1115229983810184,0.0990039692381574,0.10427956175658668,0.10145562860172523,-0.00020349157069768194,2,0.0,,120.0,1.0,fixture,5,True,2,,,
run.fixture.fixed.302,edge.market,302,fixed,790.0,0.1226923301486753,0.10078324736780156,0.10648213651136446,0.10300904144062378,-0.0001607094977170498,2,0.0,,120.0,1.0,fixture,5,True,2,,,
run.fixture.fixed.302,edge.market,302,fixed,795.0,0.1133107617720174,0.1012457121212355,0.10778507223144371,0.10393971123125578,-0.00019345128028707336,2,0.0,,120.0,1.0,fixture,5,True,2,,,
run.fixture.fixed.302,edge.market,302,fixed,800.0,0.094170588050915,0.10217781841013696,0.10573015161133315,0.10280300051484546,-0.00018245184942642943,2,0.0,,120.0,1.0,fixture,5,True,2,,,
run.fixture.fixed.302,edge.market,302,fixed,805.0,0.1057639497065932,0.10112352880228372,0.10613283188249742,0.10291259197630226,-0.00022223704661057076,2,0.0,,120.0,1.0,fixture,5,True,2,,,
run.fixture.fixed.302,edge.market,302,fixed,810.0,0.0944121450559123,0.1016103896281363,0.10508564185798994,0.102390809880144,-0.00028495642739675194,2,0.0,,120.0,1.0,fixture,5,True,2,,,
run.fixture.fixed.302,edge.market,302,fixed,815.0,0.0961787830115042,0.10543593658951941,0.10150433403174763,0.10148179389629104,-5.4066485436604116e-05,2,0.0,,120.0,1.0,fixture,5,True,2,,,
run.fixture.fixed.302,edge.market,302,fixed,820.0,0.099895917501751,0.10377492503533833,0.10070883666717724,0.10250673196044105,2.505872020482964e-06,2,0.0,,120.0,1.0,fixture,5,True,2,,,
run.fixture.fixed.302,edge.market,302,fixed,825.0,0.0741838157956393,0.09684513727061891,0.0979480910746895,0.10321819770091022,-0.00010034843832414222,2,0.0,,120.0,1.0,fixture,5,True,2,,,
run.fixture.fixed.302,edge.market,302,fixed,830.0,0.0766638962494976,0.09160987076740179,0.09710332586091204,0.10229603990981827,-0.0003199318430205624,2,0.0,,120.0,1.0,fixture,5,True,2,,,
run.fixture.fixed.302,edge.market,302,fixed,835.0,0.096172917382215,0.09189591781473037,0.0957978597394235,0.10154268196742106,-0.0002026767805673816,2,0.0,,120.0,1.0,fixture,5,True,2,,,
run.fixture.fixed.302,edge.market,302,fixed,840.0,0.1127885595611186,0.09289943350823401,0.09747358591528307,0.10189595351268121,-0.00012752511498626709,2,0.0,,120.0,1.0,fixture,5,True,2,,,
run.fixture.fixed.302,edge.market,302,fixed,845.0,0.0883158022642913,0.09202852739514529,0.09892865114470374,0.10120735077343028,-0.000403857118656787,2,0.0,,120.0,1.0,fixture,5,True,2,,,
run.fixture.fixed.302,edge.market,302,fixed,850.0,0.1098282738247867,0.09397845465418564,0.09879828771730131,0.10183812739295918,-0.00023511188048678782,2,0.0,,120.0,1.0,fixture,5,True,2,,,
run.fixture.fixed.302,edge.market,302,fixed,855.0,0.102347135924786,0.09432862871461922,0.09723327277700214,0.10207710893351113,-2.791255492137475e-05,2,0.0,,120.0,1.0,fixture,5,True,2,,,
run.fixture.fixed.302,edge.market,302,fixed,860.0,0.0834927755206763,0.0956584801039102,0.09493958152689896,0.1005814377098441,5.1637521414300195e-06,2,0.0,,120.0,1.0,fixture,5,True,2,,,
run.fixture.fixed.302,edge.market,302,fixed,865.0,0.0960077336187152,0.09842188544236988,0.09508090041672974,0.1004005828073344,6.291178755725771e-06,2,0.0,,120.0,1.0,fixture,5,True,2,,,
run.fixture.fixed.302,edge.market,302,fixed,870.0,0.0952732126331247,0.09829335619249983,0.09427392064184754,0.09989048669767898,8.973647362101672e-05,2,0.0,,120.0,1.0,fixture,5,True,2,,,
run.fixture.fixed.302,edge.market,302,fixed,875.0,0.111061388625998,0.0980466174874826,0.0955546316857003,0.09862351085261276,0.00020148634043789097,2,0.0,,120.0,1.0,fixture,5,True,2,,,
run.fixture.fixed.302,edge.market,302,fixed,880.0,0.0961051381062274,0.09915937975061635,0.09554896669298671,0.09805822104721522,0.0002099172171453524,2,0.0,,120.0,1.0,fixture,5,True,2,,,
run.fixture.fixed.302,edge.market,302,fixed,885.0,0.11597830451043,0.10003795556285108,0.096786073385962,0.09829441288771322,0.00037805423095415474,2,0.0,,120.0,1.0,fixture,5,True,2,,,
run.fixture.fixed.302,edge.market,302,fixed,890.0,0.125068224566947,0.10328382536887408,0.1007002586760626,0.09979130810924688,0.0003906664331010236,2,0.0,,120.0,1.0,fixture,5,True,2,,,
run.fixture.fixed.302,edge.market,302,fixed,895.0,0.089817322370499,0.1041873320617059,0.10171206068537039,0.09885824192560425,0.00013401571351933495,2,0.0,,120.0,1.0,fixture,5,True,2,,,
run.fixture.fixed.302,edge.market,302,fixed,900.0,0.0991039311241286,0.10462964599105067,0.1019375232809022,0.09918223439957159,7.421046023412782e-05,2,0.0,,120.0,1.0,fixture,5,True,2,,,
run.fixture.fixed.303,edge.market,303,fixed,0.0,0.0834898577389655,0.0834898577389655,0.0834898577389655,0.0834898577389655,0.0,2,0.0,,0.0,1.0,fixture,5,False,2,0.09999999999999999,0.11983333333333333,0.53225
run.fixture.fixed.303,edge.market,303,fixed,5.0,0.0944828237272876,0.08898634073312656,0.08898634073312656,0.08898634073312656,0.0021985931976644217,2,0.0,,5.0,1.0,fixture,5,False,2,0.09999999999999999,0.13208333333333333,0.54975
run.fixture.fixed.303,edge.market,303,fixed,10.0,0.1071969998858364,0.0950565604506965,0.0950565604506965,0.0950565604506965,0.002370714214687091,2,0.0,,10.0,1.0,fixture,5,False,2,0.09999999999999999,0.14725000000000002,0.5672499999999999
run.fixture.fixed.303,edge.market,303,fixed,15.0,0.0709092768806695,0.08901973955818976,0.08901973955818976,0.08901973955818976,-0.0005005513283267828,2,0.0,,15.0,1.0,fixture,5,False,2,0.09999999999999999,0.16474999999999998,0.58475
run.fixture.fixed.303,edge.market,303,fixed,20.0,0.0904655721553415,0.08930890607762011,0.08930890607762011,0.08930890607762011,-0.00019244236027732005,2,0.0,,20.0,1.0,fixture,5,False,2,0.09999999999999999,0.18225,0.6022500000000001
run.fixture.fixed.303,edge.market,303,fixed,25.0,0.1035021875935029,0.0916744529969339,0.0916744529969339,0.0916744529969339,0.000295555266009611,2,0.0,,25.0,1.0,fixture,5,False,2,0.09999999999999999,0.19974999999999998,0.6197499999999999
run.fixture.fixed.303,edge.market,303,fixed,30.0,0.1333148084090307,0.09762307519866201,0.09762307519866201,0.09762307519866201,0.001077015371515222,2,0.0,,30.0,1.0,fixture,5,False,2,0.09999999999999999,0.21724999999999997,0.63725
run.fixture.fixed.303,edge.market,303,fixed,35.0,0.0513944044839937,0.09303801044795175,0.09184449135932848,0.09184449135932848,-5.24675975676532e-05,2,0.0,,35.0,1.0,fixture,5,False,2,0.09999999999999999,0.23475,0.6547499999999999
run.fixture.fixed.303,edge.market,303,fixed,40.0,0.1159814716786545,0.0961092458695756,0.09452637806147582,0.09452637806147582,0.00028509908596031984,2,0.0,,40.0,1.0,fixture,5,False,2,0.09999999999999999,0.25225,0.67225
run.fixture.fixed.303,edge.market,303,fixed,45.0,0.0993906689260732,0.09499405573246657,0.09501280714793556,0.09501280714793556,0.0002604097810394762,2,0.0,,45.0,1.0,fixture,5,False,2,0.10058333333333332,0.26975,0.6897500000000001
run.fixture.fixed.303,edge.market,303,fixed,50.0,0.0943055233546162,0.0983363766573161,0.09494850862127016,0.09494850862127016,0.00018887748311306887,2,0.0,,50.0,1.0,fixture,5,False,2,0.10408333333333332,0.28725,0.70725
run.fixture.fixed.303,edge.market,303,fixed,55.0,0.122528657904916,0.10291681747868386,0.09724685439490732,0.09724685439490732,0.00035744536611502286,2,0.0,,55.0,1.0,fixture,5,False,2,0.11049999999999999,0.30475,0.7247500000000001
run.fixture.fixed.303,edge.market,303,fixed,60.0,0.0920297330378222,0.10127789539930092,0.09684553736743923,0.09684553736743923,0.00024645132816453663,2,0.0,,60.0,1.0,fixture,5,True,2,0.11983333333333333,0.32225,0.74225
run.fixture.fixed.303,edge.market,303,fixed,65.0,0.1120152991830973,0.09823510836702473,0.09903980209391089,0.09792909178284338,0.0002437357385981995,2,0.0,,65.0,1.0,fixture,5,True,2,0.13208333333333333,0.33975,0.75975
run.fixture.fixed.303,edge.market,303,fixed,70.0,0.0751553515221967,0.10162952937248229,0.09755307346275008,0.09641084243213362,5.120216497550925e-05,2,0.0,,70.0,1.0,fixture,5,True,2,0.14725000000000002,0.35725,0.77725
run.fixture.fixed.303,edge.market,303,fixed,75.0,0.1268373814076182,0.10318037361947711,0.09906387204134867,0.09831250111810137,0.00031846956347090746,2,0.0,,75.0,1.0,fixture,5,True,2,0.16474999999999998,0.37474999999999997,0.7947500000000001
run.fixture.fixed.303,edge.market,303,fixed,80.0,0.0912897967380537,0.10202310616404575,0.10063160433807053,0.09789940086045151,5.063811518022247e-05,2,0.0,,80.0,1.0,fixture,5,True,2,0.18225,0.39225,0.81225
run.fixture.fixed.303,edge.market,303,fixed,85.0,0.1032959946237902,0.10330745920249919,0.10161855991256658,0.09819921162508144,-9.99472390196015e-06,2,0.0,,85.0,1.0,fixture,5,True,2,0.19974999999999998,0.40975,0.8297499999999998
run.fixture.fixed.303,edge.market,303,fixed,90.0,0.1003451519267759,0.10013838691990776,0.10137571101512603,0.09831215585148641,-3.901376812058523e-06,2,0.0,,90.0,1.0,fixture,5,True,2,0.21724999999999997,0.42724999999999996,0.8472499999999998
run.fixture.fixed.303,edge.market,303,fixed,95.0,0.0862440977826392,0.09931186759773873,0.09775488712078823,0.09770875294804404,0.00014201510930048221,2,0.0,,95.0,1.0,fixture,5,True,2,0.23475,0.44475,0.8633333333333333
run.fixture.fixed.303,edge.market,303,fixed,100.0,0.0526154615128575,0.0908261765019902,0.097848814584547,0.0955614533558923,-0.0005122265743315465,2,0.0,,100.0,1.0,fixture,5,True,2,0.25225,0.46225,0.8765
run.fixture.fixed.303,edge.market,303,fixed,105.0,0.1052765390981116,0.09512920329854946,0.09702535823219754,0.09600304816235682,-0.0003237705889028206,2,0.0,,105.0,1.0,fixture,5,True,2,0.26975,0.47974999999999995,0.8814166666666666
run.fixture.fixed.303,edge.market,303,fixed,110.0,0.0964098000434112,0.0907824059608056,0.09679606062583893,0.09602073302675047,-0.00030963451667819137,2,0.0,,110.0,1.0,fixture,5,True,2,0.28725,0.49725,0.87675
run.fixture.fixed.303,edge.market,303,fixed,115.0,0.1069123148830135,0.09301419426722843,0.09776581382033102,0.09647454893742811,-0.00026209191816776545,2,0.0,,115.0,1.0,fixture,5,True,2,0.30475,0.5147499999999999,0.8624999999999999
run.fixture.fixed.303,edge.market,303,fixed,120.0,0.0875655234373908,0.09076698409774282,0.0950763419382137,0.09611818791742661,-0.00013886316399803667,2,0.0,,120.0,1.0,fixture,5,True,2,0.32225,0.53225,0.8386666666666667
run.fixture.fixed.303,edge.market,303,fixed,125.0,0.0918647302812416,0.08955549529123792,0.09506364941847673,0.09645318281911766,-0.00018347407855251184,2,0.0,,120.0,1.0,fixture,5,True,2,0.33975,0.54975,0.8066666666666666
run.fixture.fixed.303,edge.market,303,fixed,130.0,0.0900419173386868,0.09009804094210186,0.09337338927659901,0.09627554656357364,-8.618709407602291e-05,2,0.0,,120.0,1.0,fixture,5,True,2,0.35725,0.5672499999999999,0.7680000000000001
run.fixture.fixed.303,edge.market,303,fixed,135.0,0.0997143836015851,0.09682645838334866,0.09526254559039808,0.09597624191220361,-0.00018451709224184725,2,0.0,,120.0,1.0,fixture,5,True,2,0.37474999999999997,0.58475,0.7280000000000001
run.fixture.fixed.303,edge.market,303,fixed,140.0,0.1095997277985416,0.09744405676912438,0.09393657223585375,0.09752385994891846,0.00015289713190035268,2,0.0,,120.0,1.0,fixture,5,True,2,0.39225,0.6022500000000001,0.6880000000000002
run.fixture.fixed.303,edge.market,303,fixed,145.0,0.085755778616512,0.09592205370813876,0.09351087853419669,0.09733546820736529,7.859802178974704e-05,2,0.0,,120.0,1.0,fixture,5,True,2,0.40975,0.6197499999999999,0.6480000000000001
run.fixture.fixed.303,edge.market,303,fixed,150.0,0.1155628700744124,0.09715784730691006,0.09445448433809071,0.09781789550660164,0.00029926589197485607,2,0.0,,120.0,1.0,fixture,5,True,2,0.42724999999999996,0.63725,0.6080000000000001
run.fixture.fixed.303,edge.market,303,fixed,155.0,0.1006884638275014,0.09903255307692585,0.09448089294583882,0.09651284172334051,0.0003856818810487681,2,0.0,,120.0,1.0,fixture,5,True,2,0.44475,0.6547499999999999,0.5680000000000001
run.fixture.fixed.303,edge.market,303,fixed,160.0,0.1040082429017633,0.10076734059414323,0.09584736564730992,0.0986173952600513,0.00038513961027201044,2,0.0,,120.0,1.0,fixture,5,True,2,0.46225,0.67225,0.528
run.fixture.fixed.303,edge.market,303,fixed,165.0,0.1119162089232274,0.10389223939193473,0.10040896160195376,0.0984547847498342,0.00015853491874930433,2,0.0,,120.0,1.0,fixture,5,True,2,0.47974999999999995,0.6897500000000001,0.488
run.fixture.fixed.303,edge.market,303,fixed,170.0,0.1118996811537705,0.10563299618510409,0.10091843406777365,0.09895514523894208,0.0002717408086218383,2,0.0,,120.0,1.0,fixture,5,True,2,0.49725,0.70725,0.44799999999999995
run.fixture.fixed.303,edge.market,303,fixed,175.0,0.1047418754305328,0.10493901727538855,0.10155936294370609,0.09937259932197874,0.00026226851192515414,2,0.0,,120.0,1.0,fixture,5,True,2,0.5147499999999999,0.7247500000000001,0.408
run.fixture.fixed.303,edge.market,303,fixed,180.0,0.1682571863437907,0.1167249326649998,0.10627819920991974,0.10120174045953373,0.0007432109338764291,2,0.0,,120.0,1.0,fixture,5,True,2,0.53225,0.74225,0.36800000000000005
run.fixture.fixed.303,edge.market,303,fixed,185.0,0.1495119154867701,0.12157479629533662,0.11104330629064121,0.10350102775749166,0.0008843247440449997,2,0.0,,120.0,1.0,fixture,5,True,2,0.54975,0.75975,0.3279999999999999
run.fixture.fixed.303,edge.market,303,fixed,190.0,0.1605081984153941,0.13012047266503557,0.1163235730701914,0.10544074372678353,0.0010629393821578789,2,0.0,,120.0,1.0,fixture,5,True,2,0.5672499999999999,0.77725,0.288
run.fixture.fixed.303,edge.market,303,fixed,195.0,0.2055166347796191,0.14462167150472924,0.12520624364257082,0.11065519505708041,0.0014488589207689037,2,0.0,,120.0,1.0,fixture,5,True,2,0.58475,0.7947500000000001,0.248
run.fixture.fixed.303,edge.market,303,fixed,200.0,0.2243269003069493,0.1606803417024038,0.13479182185067573,0.11455477581305366,0.001906310480878104,2,0.0,,120.0,1.0,fixture,5,True,2,0.6022500000000001,0.81225,0.20799999999999996
run.fixture.fixed.303,edge.market,303,fixed,205.0,0.2125271346070982,0.17505569219573633,0.14270931468210318,0.11940426932781543,0.002225065665684253,2,0.0,,120.0,1.0,fixture,5,True,2,0.6197499999999999,0.8297499999999998,0.17333333333333326
run.fixture.fixed.303,edge.market,303,fixed,210.0,0.2770152750945609,0.19966617786202606,0.15742158364195308,0.12635304054664628,0.0026724953470200863,2,0.0,,120.0,1.0,fixture,5,True,2,0.63725,0.8472499999999998,0.1453333333333333
run.fixture.fixed.303,edge.market,303,fixed,215.0,0.3094535084129063,0.21983708101475688,0.17233624812952955,0.1347173748060915,0.0033529135378474882,2,0.0,,120.0,1.0,fixture,5,True,2,0.6547499999999999,0.8633333333333333,0.124
run.fixture.fixed.303,edge.market,303,fixed,220.0,0.2883451651083785,0.2396704023892724,0.18677137899728932,0.14280141749912106,0.003566670693626495,2,0.0,,120.0,1.0,fixture,5,True,2,0.67225,0.8765,0.10933333333333332
run.fixture.fixed.303,edge.market,303,fixed,225.0,0.3332403461180702,0.26434642348965465,0.20440461770623602,0.15402641288332958,0.0038957606387429802,2,0.0,,120.0,1.0,fixture,5,True,2,0.6897500000000001,0.8814166666666666,0.10133333333333332
run.fixture.fixed.303,edge.market,303,fixed,230.0,0.3287378870787257,0.2819494595323842,0.22108320833358205,0.16296486680255412,0.004004091138472518,2,0.0,,120.0,1.0,fixture,5,True,2,0.70725,0.87675,0.09999999999999999
run.fixture.fixed.303,edge.market,303,fixed,235.0,0.366195082144837,0.3022163426520824,0.24064439302520255,0.17375627808661115,0.0041209994380426804,2,0.0,,120.0,1.0,fixture,5,True,2,0.7247500000000001,0.8624999999999999,0.09999999999999999
run.fixture.fixed.303,edge.market,303,fixed,240.0,0.3727136445279466,0.3251001297836322,0.26125760603269593,0.18438833127240847,0.003946381730189686,2,0.0,,120.0,1.0,fixture,5,True,2,0.74225,0.8386666666666667,0.09999999999999999
run.fixture.fixed.303,edge.market,303,fixed,245.0,0.3792756352728984,0.33970875266625183,0.27748979441185806,0.19605673574582877,0.004009134738562082,2,0.0,,120.0,1.0,fixture,5,True,2,0.75975,0.8066666666666666,0.09999999999999999
run.fixture.fixed.303,edge.market,303,fixed,250.0,0.3863463890235106,0.35069344989633816,0.29570783083776114,0.20783600209551956,0.003742425304709664,2,0.0,,120.0,1.0,fixture,5,True,2,0.77725,0.7680000000000001,0.09999999999999999
run.fixture.fixed.303,edge.market,303,fixed,255.0,0.4334105297309867,0.3714170734138535,0.31670031786203745,0.22157074659121154,0.00361035801504239,2,0.0,,120.0,1.0,fixture,5,True,2,0.7947500000000001,0.7280000000000001,0.09999999999999999
run.fixture.fixed.303,edge.market,303,fixed,260.0,0.4224441796369302,0.3841604782022622,0.3333870520818306,0.23447993843262535,0.003452311189847259,2,0.0,,120.0,1.0,fixture,5,True,2,0.81225,0.6880000000000002,0.09999999999999999
run.fixture.fixed.303,edge.market,303,fixed,265.0,0.4675316811877462,0.4039881630749794,0.3520951121495842,0.24879721656819356,0.003497857027442123,2,0.0,,120.0,1.0,fixture,5,True,2,0.8297499999999998,0.6480000000000001,0.09999999999999999
run.fixture.fixed.303,edge.market,303,fixed,270.0,0.4833064638624899,0.42071836046321553,0.37292429132307586,0.26469924397803263,0.003289386991705893,2,0.0,,120.0,1.0,fixture,5,True,2,0.8472499999999998,0.6080000000000001,0.09999999999999999
run.fixture.fixed.303,edge.market,303,fixed,275.0,0.5106426919326812,0.44042251009246336,0.39089563107985437,0.28050243685236337,0.003459658739022402,2,0.0,,120.0,1.0,fixture,5,True,2,0.8633333333333333,0.5680000000000001,0.09999999999999999
run.fixture.fixed.303,edge.market,303,fixed,280.0,0.492204313901588,0.4565551784679904,0.40495338534821457,0.2961630708553269,0.003501150209639728,2,0.0,,120.0,1.0,fixture,5,True,2,0.8765,0.528,0.09999999999999999
run.fixture.fixed.303,edge.market,303,fixed,285.0,0.5047910224859146,0.47347584039119095,0.4216030666849481,0.31219438203869293,0.003262434035076376,2,0.0,,120.0,1.0,fixture,5,True,2,0.8814166666666666,0.488,0.09999999999999999
run.fixture.fixed.303,edge.market,303,fixed,290.0,0.5543659557600238,0.4907551869667676,0.4386127289650984,0.32989237191216475,0.0034580805081338524,2,0.0,,120.0,1.0,fixture,5,True,2,0.87675,0.44799999999999995,0.09999999999999999
run.fixture.fixed.303,edge.market,303,fixed,295.0,0.5718694343639843,0.5121016519277755,0.457315155679349,0.34829116204057337,0.003491505056692871,2,0.0,,120.0,1.0,fixture,5,True,2,0.8624999999999999,0.408,0.09999999999999999
run.fixture.fixed.303,edge.market,303,fixed,300.0,0.5620402902148521,0.5256028817887906,0.4723801716847348,0.3665830986319461,0.003481076806661481,2,0.0,,120.0,1.0,fixture,5,True,2,0.8386666666666667,0.36800000000000005,0.09999999999999999
run.fixture.fixed.303,edge.market,303,fixed,305.0,0.597659327077538,0.541939005105226,0.489683685727011,0.383759184261296,0.003540427622331045,2,0.0,,120.0,1.0,fixture,5,True,2,0.8066666666666666,0.3279999999999999,0.09999999999999999
run.fixture.fixed.303,edge.market,303,fixed,310.0,0.6382930754224657,0.5601747741751952,0.5096081042000546,0.40331043065872374,0.0036709770563903175,2,0.0,,120.0,1.0,fixture,5,True,2,0.7680000000000001,0.288,0.09999999999999999
run.fixture.fixed.303,edge.market,303,fixed,315.0,0.616726488844512,0.5779636563098987,0.5273296503401317,0.4215591622758885,0.0034290850801605775,2,0.0,,120.0,1.0,fixture,5,True,2,0.7280000000000001,0.248,0.09999999999999999
run.fixture.fixed.303,edge.market,303,fixed,320.0,0.6258568897261606,0.5952587802013624,0.5421332164936067,0.4383727724737501,0.0033562604560420694,2,0.0,,120.0,1.0,fixture,5,True,2,0.6880000000000002,0.20799999999999996,0.09999999999999999
run.fixture.fixed.303,edge.market,303,fixed,325.0,0.6893689651135737,0.6145449243947266,0.5626658922995024,0.4569744550660151,0.003406360712880606,2,0.0,,120.0,1.0,fixture,5,True,2,0.6480000000000001,0.17333333333333326,0.09999999999999999
run.fixture.fixed.303,edge.market,303,fixed,330.0,0.6870760011843987,0.6310030053690715,0.5795539169146295,0.47595640972910724,0.0034948455211521283,2,0.0,,120.0,1.0,fixture,5,True,2,0.6080000000000001,0.1453333333333333,0.09999999999999999
run.fixture.fixed.303,edge.market,303,fixed,335.0,0.7086818335332464,0.6519517972716992,0.59689048381238,0.4932230720666546,0.0036058733545001735,2,0.0,,120.0,1.0,fixture,5,True,2,0.5680000000000001,0.124,0.09999999999999999
run.fixture.fixed.303,edge.market,303,fixed,340.0,0.7166274484911213,0.6689472431879254,0.6127354650861061,0.5095100296697832,0.0037319032939667255,2,0.0,,120.0,1.0,fixture,5,True,2,0.528,0.10933333333333332,0.09999999999999999
run.fixture.fixed.303,edge.market,303,fixed,345.0,0.7505417072877363,0.6849827620258212,0.632607572269656,0.5279978913569575,0.0037133531784921655,2,0.0,,120.0,1.0,fixture,5,True,2,0.488,0.10133333333333332,0.09999999999999999
run.fixture.fixed.303,edge.market,303,fixed,350.0,0.7472357166251238,0.7036269374230514,0.6512571641265181,0.5445577061772396,0.0034859389121697677,2,0.0,,120.0,1.0,fixture,5,True,2,0.44799999999999995,0.09999999999999999,0.09999999999999999
run.fixture.fixed.303,edge.market,303,fixed,355.0,0.7546592638674707,0.7220272765860959,0.666664341673245,0.5615945612487895,0.0034223940109392734,2,0.0,,120.0,1.0,fixture,5,True,2,0.408,0.09999999999999999,0.09999999999999999
run.fixture.fixed.303,edge.market,303,fixed,360.0,0.8006728765113601,0.7379278353572081,0.6842646064538123,0.5789736730234504,0.003576775173427037,2,0.0,,120.0,1.0,fixture,5,True,2,0.36800000000000005,0.09999999999999999,0.09999999999999999
run.fixture.fixed.303,edge.market,303,fixed,365.0,0.7980246587981839,0.7537776435877489,0.7024172501909915,0.5959861135942599,0.0033866544046287027,2,0.0,,120.0,1.0,fixture,5,True,2,0.3279999999999999,0.09999999999999999,0.09999999999999999
run.fixture.fixed.303,edge.market,303,fixed,370.0,0.8203540693632047,0.7697308201348859,0.7195476149821967,0.6136292509578721,0.0033584296279683757,2,0.0,,120.0,1.0,fixture,5,True,2,0.288,0.09999999999999999,0.09999999999999999
run.fixture.fixed.303,edge.market,303,fixed,375.0,0.858665521265694,0.7900219733883962,0.736499341585522,0.6325220162475594,0.0036506556288286667,2,0.0,,120.0,1.0,fixture,5,True,2,0.248,0.09999999999999999,0.09999999999999999
run.fixture.fixed.303,edge.market,303,fixed,380.0,0.8487597867310839,0.8040531275945887,0.7543480568075659,0.6491359865275633,0.0034695047515608656,2,0.0,,120.0,1.0,fixture,5,True,2,0.20799999999999996,0.09999999999999999,0.09999999999999999
run.fixture.fixed.303,edge.market,303,fixed,385.0,0.9234208350383282,0.8292224302250465,0.7772375910623481,0.6691750527436191,0.0035958767293792567,2,0.0,,120.0,1.0,fixture,5,True,2,0.17333333333333326,0.09999999999999999,0.09999999999999999
run.fixture.fixed.303,edge.market,303,fixed,390.0,0.8891717850037439,0.8484385046730855,0.7926070387462075,0.6860406568962591,0.0036579918744418446,2,0.0,,120.0,1.0,fixture,5,True,2,0.1453333333333333,0.09999999999999999,0.09999999999999999
run.fixture.fixed.303,edge.market,303,fixed,395.0,0.9123248302772394,0.8643887837824968,0.8099338717533489,0.7032013915528491,0.0036355627384567157,2,0.0,,120.0,1.0,fixture,5,True,2,0.124,0.09999999999999999,0.09999999999999999
run.fixture.fixed.303,edge.market,303,fixed,400.0,0.8965120911274642,0.878458416972394,0.8243823531067503,0.7186361675206405,0.0034275463084610775,2,0.0,,120.0,1.0,fixture,5,True,2,0.10933333333333332,0.09999999999999999,0.09999999999999999
run.fixture.fixed.303,edge.market,303,fixed,405.0,0.8562910274887863,0.8835922681331914,0.83512570533734,0.7331996360641284,0.002809049290859776,2,0.0,,120.0,1.0,fixture,5,True,2,0.10133333333333332,0.09999999999999999,0.09999999999999999
run.fixture.fixed.303,edge.market,303,fixed,410.0,0.815536136244084,0.8774309274158185,0.8401252767955205,0.7456294406144552,0.0020292411579951987,2,0.0,,120.0,1.0,fixture,5,True,2,0.09999999999999999,0.09999999999999999,0.09999999999999999
run.fixture.fixed.303,edge.market,303,fixed,415.0,0.8046887447692024,0.871135064278407,0.8445447404989113,0.7556423521748222,0.0010810586158515906,2,0.0,,120.0,1.0,fixture,5,True,2,0.09999999999999999,0.09999999999999999,0.09999999999999999
run.fixture.fixed.303,edge.market,303,fixed,420.0,0.7795925627879585,0.8505881682426398,0.846462686569718,0.7639512773117814,-3.862424424269383e-05,2,0.0,,120.0,1.0,fixture,5,True,2,0.09999999999999999,0.09999999999999999,0.09999999999999999
run.fixture.fixed.303,edge.market,303,fixed,425.0,0.6933600999854881,0.8226150703828891,0.8382078576061892,0.7692040697026066,-0.0014003211562359865,2,0.0,,120.0,1.0,fixture,5,True,2,0.09999999999999999,0.09999999999999999,0.09999999999999999
run.fixture.fixed.303,edge.market,303,fixed,430.0,0.6637020061474005,0.7870975240786262,0.8278753458638215,0.7718457768654012,-0.0028600107171247394,2,0.0,,120.0,1.0,fixture,5,True,2,0.09999999999999999,0.09999999999999999,0.09999999999999999
run.fixture.fixed.303,edge.market,303,fixed,435.0,0.6285371447358054,0.7488153888798178,0.8131201978155599,0.7714555396379349,-0.004232184499841672,2,0.0,,120.0,1.0,fixture,5,True,2,0.09999999999999999,0.09999999999999999,0.09999999999999999
run.fixture.fixed.303,edge.market,303,fixed,440.0,0.6034013193548157,0.7126882877178221,0.7934844899762615,0.770922532858347,-0.005264597693922469,2,0.0,,120.0,1.0,fixture,5,True,2,0.09999999999999999,0.09999999999999999,0.09999999999999999
run.fixture.fixed.303,edge.market,303,fixed,445.0,0.5480272785973048,0.6744727366254251,0.770351220119817,0.7678093484131928,-0.006457802299405968,2,0.0,,120.0,1.0,fixture,5,True,2,0.09999999999999999,0.09999999999999999,0.09999999999999999
run.fixture.fixed.303,edge.market,303,fixed,450.0,0.5149398973900674,0.6330800441426915,0.7389296095314892,0.7608321857042525,-0.006964374422426757,2,0.0,,120.0,1.0,fixture,5,True,2,0.09999999999999999,0.09999999999999999,0.09999999999999999
run.fixture.fixed.303,edge.market,303,fixed,455.0,0.4733810855339133,0.5893355473921135,0.7069457095722717,0.752284389078233,-0.007559534769327508,2,0.0,,120.0,1.0,fixture,5,True,2,0.09999999999999999,0.09999999999999999,0.09999999999999999
run.fixture.fixed.303,edge.market,303,fixed,460.0,0.4339734801829298,0.5522803159917481,0.6701494518727092,0.7412960549442204,-0.007779512276361874,2,0.0,,120.0,1.0,fixture,5,True,2,0.09999999999999999,0.09999999999999999,0.09999999999999999
run.fixture.fixed.303,edge.market,303,fixed,465.0,0.4323097822095972,0.5192242840006334,0.6344415819559502,0.7299233482929595,-0.007606434851301861,2,0.0,,120.0,1.0,fixture,5,True,2,0.09999999999999999,0.09999999999999999,0.09999999999999999
run.fixture.fixed.303,edge.market,303,fixed,470.0,0.352543905006923,0.4797966783250787,0.5956918033034992,0.7140034362017268,-0.007758566656757142,2,0.0,,120.0,1.0,fixture,5,True,2,0.09999999999999999,0.09999999999999999,0.09999999999999999
run.fixture.fixed.303,edge.market,303,fixed,475.0,0.3011707464089903,0.4366208821899608,0.5561252348546459,0.6961608373930815,-0.008009353481793368,2,0.0,,120.0,1.0,fixture,5,True,2,0.09999999999999999,0.09999999999999999,0.09999999999999999
run.fixture.fixed.303,edge.market,303,fixed,480.0,0.2670067886050653,0.3964750979053551,0.5147650843804815,0.6766547383825855,-0.008003601952228075,2,0.0,,120.0,1.0,fixture,5,True,2,0.09999999999999999,0.09999999999999999,0.09999999999999999
run.fixture.fixed.303,edge.market,303,fixed,485.0,0.2550621182719346,0.35934970088847906,0.4744165886484797,0.6548303080530082,-0.007678794752007132,2,0.0,,120.0,1.0,fixture,5,True,2,0.09999999999999999,0.09999999999999999,0.09999999999999999
run.fixture.fixed.303,edge.market,303,fixed,490.0,0.1867114938182428,0.3183969020719547,0.43544361894330696,0.6303777814538107,-0.007891570564778957,2,0.0,,120.0,1.0,fixture,5,True,2,0.09999999999999999,0.09999999999999999,0.09999999999999999
run.fixture.fixed.303,edge.market,303,fixed,495.0,0.1456725256126336,0.2772110514190553,0.39559519736370946,0.6033905197037879,-0.008046315454400257,2,0.0,,120.0,1.0,fixture,5,True,2,0.09999999999999999,0.09999999999999999,0.09999999999999999
run.fixture.fixed.303,edge.market,303,fixed,500.0,0.0835702784869816,0.22739112231582448,0.35367466919072305,0.5723867099926394,-0.008311761478197727,2,0.0,,120.0,1.0,fixture,5,True,2,0.09999999999999999,0.09999999999999999,0.09999999999999999
run.fixture.fixed.303,edge.market,303,fixed,505.0,0.0748741896529627,0.18772402012240158,0.3130187361367343,0.5414312861095145,-0.008229032166195437,2,0.0,,120.0,1.0,fixture,5,True,2,0.09999999999999999,0.09999999999999999,0.09999999999999999
run.fixture.fixed.303,edge.market,303,fixed,510.0,0.079870653260912,0.15610972110124752,0.2770066880339349,0.5076892788384179,-0.007958514254141525,2,0.0,,120.0,1.0,fixture,5,True,2,0.09999999999999999,0.09999999999999999,0.09999999999999999
run.fixture.fixed.303,edge.market,303,fixed,515.0,0.0827500304166297,0.12978732707432816,0.24376131365136275,0.4754324086549333,-0.007409071924702955,2,0.0,,120.0,1.0,fixture,5,True,2,0.09999999999999999,0.09999999999999999,0.09999999999999999
run.fixture.fixed.303,edge.market,303,fixed,520.0,0.11039533696347,0.1091206440302618,0.21583933299209784,0.44335522892238255,-0.0065221020971749375,2,0.0,,120.0,1.0,fixture,5,True,2,0.09999999999999999,0.09999999999999999,0.09999999999999999
run.fixture.fixed.303,edge.market,303,fixed,525.0,0.1032370518182095,0.09719572374454274,0.19039806927173478,0.41162422735001236,-0.005586579741908462,2,0.0,,120.0,1.0,fixture,5,True,2,0.09999999999999999,0.09999999999999999,0.09999999999999999
run.fixture.fixed.303,edge.market,303,fixed,530.0,0.0712262397414222,0.08656054004865539,0.16262241215879822,0.3802216358401178,-0.0045114687381907015,2,0.0,,120.0,1.0,fixture,5,True,2,0.09999999999999999,0.09999999999999999,0.09999999999999999
run.fixture.fixed.303,edge.market,303,fixed,535.0,0.1415769439527542,0.09484720654376576,0.14639418438540067,0.3532632681484646,-0.003189295506651571,2,0.0,,120.0,1.0,fixture,5,True,2,0.09999999999999999,0.09999999999999999,0.09999999999999999
run.fixture.fixed.303,edge.market,303,fixed,540.0,0.0752332349121825,0.0948984987236543,0.12901437580872316,0.3240850477541838,-0.002467899641458362,2,0.0,,120.0,1.0,fixture,5,True,2,0.09999999999999999,0.09999999999999999,0.09999999999999999
run.fixture.fixed.303,edge.market,303,fixed,545.0,0.1004147332246205,0.09783336728989836,0.11619960231791969,0.2969179345716503,-0.001594988615008056,2,0.0,,120.0,1.0,fixture,5,True,2,0.09999999999999999,0.09999999999999999,0.09999999999999999
run.fixture.fixed.303,edge.market,303,fixed,550.0,0.1081012606537743,0.10145497160949046,0.1048949209626766,0.2735075809983817,-0.0005802110746858235,2,0.0,,120.0,1.0,fixture,5,True,2,0.09999999999999999,0.09999999999999999,0.09999999999999999
run.fixture.fixed.303,edge.market,303,fixed,555.0,0.0833348018957839,0.0975891808855353,0.09694286773787206,0.25029289282831707,-9.300745316097938e-05,2,0.0,,120.0,1.0,fixture,5,True,2,0.09999999999999999,0.09999999999999999,0.09999999999999999
run.fixture.fixed.303,edge.market,303,fixed,560.0,0.1026535498720623,0.09750582346465712,0.0936337157578281,0.22925754903376735,0.0003194889181889909,2,0.0,,120.0,1.0,fixture,5,True,2,0.09999999999999999,0.09999999999999999,0.09999999999999999
run.fixture.fixed.303,edge.market,303,fixed,565.0,0.1303853552895411,0.10595712568581696,0.09723487551187114,0.21033691047115635,0.00048439636466630036,2,0.0,,120.0,1.0,fixture,5,True,2,0.09999999999999999,0.09999999999999999,0.09999999999999999
run.fixture.fixed.303,edge.market,303,fixed,570.0,0.0873607428993088,0.09821195410675335,0.09819537960774394,0.19191024904323647,0.00024728691775670314,2,0.0,,120.0,1.0,fixture,5,True,2,0.09999999999999999,0.09999999999999999,0.09999999999999999
run.fixture.fixed.303,edge.market,303,fixed,575.0,0.0885745239773942,0.10011785254464074,0.09886490812439641,0.1748556341067296,4.289327137217457e-05,2,0.0,,120.0,1.0,fixture,5,True,2,0.09999999999999999,0.09999999999999999,0.09999999999999999
run.fixture.fixed.303,edge.market,303,fixed,580.0,0.0795411802404164,0.09713591640404015,0.09861807349545693,0.1591020378949897,-0.0002084765212193058,2,0.0,,120.0,1.0,fixture,5,True,2,0.09999999999999999,0.09999999999999999,0.09999999999999999
run.fixture.fixed.303,edge.market,303,fixed,585.0,0.0861937885076826,0.09400627752602704,0.09675641592193482,0.1451908502279798,-0.00019980054940672783,2,0.0,,120.0,1.0,fixture,5,True,2,0.09999999999999999,0.09999999999999999,0.09999999999999999
run.fixture.fixed.303,edge.market,303,fixed,590.0,0.1046166291278014,0.0970465385591724,0.09686253725344188,0.132083124104708,-9.812392247362668e-05,2,0.0,,120.0,1.0,fixture,5,True,2,0.09999999999999999,0.09999999999999999,0.09999999999999999
run.fixture.fixed.303,edge.market,303,fixed,595.0,0.1000718401897124,0.09667772289026526,0.09908142959561807,0.12198424151201955,-0.0002741659718873798,2,0.0,,120.0,1.0,fixture,5,True,2,0.09999999999999999,0.09999999999999999,0.09999999999999999
run.fixture.fixed.303,edge.market,303,fixed,600.0,0.0717835652301221,0.08830603859606255,0.09371270815541559,0.11280875426486484,-0.00012726331880278798,2,0.0,,120.0,1.0,fixture,5,True,2,0.09999999999999999,0.09999999999999999,0.09999999999999999
run.fixture.fixed.303,edge.market,303,fixed,605.0,0.1247119966482481,0.09364193198876816,0.09751876675049756,0.10711696258659213,-6.502219984194883e-05,2,0.0,,120.0,1.0,fixture,5,True,2,0.09999999999999999,0.09999999999999999,
run.fixture.fixed.303,edge.market,303,fixed,610.0,0.0961306329914091,0.09472137613362744,0.09718922057871206,0.10075970317537113,-5.189806493609317e-05,2,0.0,,120.0,1.0,fixture,5,True,2,0.09999999999999999,0.09999999999999999,
run.fixture.fixed.303,edge.market,303,fixed,615.0,0.1162445719998036,0.0999647178135399,0.09781562914379122,0.09794102630263354,0.0001576803845715834,2,0.0,,120.0,1.0,fixture,5,True,2,0.09999999999999999,0.09999999999999999,
run.fixture.fixed.303,edge.market,303,fixed,620.0,0.1062331465668616,0.10282748325056547,0.09957704027233565,0.09636345114080269,0.00010178952061814554,2,0.0,,120.0,1.0,fixture,5,True,2,0.09999999999999999,0.09999999999999999,
run.fixture.fixed.303,edge.market,303,fixed,625.0,0.0551517585836714,0.0957610731728326,0.09592305632707482,0.09522671034467026,-0.00016745896612240326,2,0.0,,120.0,1.0,fixture,5,True,2,0.09999999999999999,0.09999999999999999,
run.fixture.fixed.303,edge.market,303,fixed,630.0,0.0833481158264536,0.09337196969236707,0.09230480713760655,0.0955656673916099,1.4723945672692917e-05,2,0.0,,120.0,1.0,fixture,5,True,2,0.09999999999999999,0.09999999999999999,
run.fixture.fixed.303,edge.market,303,fixed,635.0,0.1015907845640947,0.09763014388293459,0.09339942572720547,0.09643447264373721,3.7918907091201955e-05,2,0.0,,120.0,1.0,fixture,5,True,2,0.09999999999999999,0.09999999999999999,
run.fixture.fixed.303,edge.market,303,fixed,640.0,0.0969557624338897,0.09366496756659767,0.09404413637770512,0.0970027019244276,2.4252652136725684e-05,2,0.0,,120.0,1.0,fixture,5,True,2,0.09999999999999999,0.09999999999999999,
run.fixture.fixed.303,edge.market,303,fixed,645.0,0.0995388723421845,0.09415185890242272,0.09558242038553343,0.09656844333957619,-5.1079520582114624e-05,2,0.0,,120.0,1.0,fixture,5,True,2,0.09999999999999999,0.09999999999999999,
run.fixture.fixed.303,edge.market,303,fixed,650.0,0.0746330891388715,0.088207361350861,0.09469313581870183,0.09542428483240267,-0.00026142722456555203,2,0.0,,120.0,1.0,fixture,5,True,2,0.09999999999999999,0.09999999999999999,
run.fixture.fixed.303,edge.market,303,fixed,655.0,0.1033276128051781,0.08779228509919193,0.09459398071696157,0.09670833975495291,-0.00012816204315615099,2,0.0,,120.0,1.0,fixture,5,True,2,0.09999999999999999,0.09999999999999999,
run.fixture.fixed.303,edge.market,303,fixed,660.0,0.1081478469964654,0.09536315487244822,0.09521521200978873,0.09537117587670135,3.341488696901905e-06,2,0.0,,120.0,1.0,fixture,5,True,2,0.09999999999999999,0.09999999999999999,
run.fixture.fixed.303,edge.market,303,fixed,665.0,0.0872651396138255,0.09592272969921564,0.09640610234699667,0.09585245206476706,-0.00022932000782336767,2,0.0,,120.0,1.0,fixture,5,True,2,0.09999999999999999,0.09999999999999999,
run.fixture.fixed.303,edge.market,303,fixed,670.0,0.083809642907612,0.0933825666054324,0.09325976744387082,0.09518824845208673,-9.46359380734205e-05,2,0.0,,120.0,1.0,fixture,5,True,2,0.09999999999999999,0.09999999999999999,
run.fixture.fixed.303,edge.market,303,fixed,675.0,0.1170336113453984,0.09625083073564791,0.09486768885571616,0.0955455424797517,8.419826219244073e-05,2,0.0,,120.0,1.0,fixture,5,True,2,0.09999999999999999,0.09999999999999999,
run.fixture.fixed.303,edge.market,303,fixed,680.0,0.0959035906533042,0.0957315047800936,0.09330299798290852,0.09604829403005252,0.0002554659465816061,2,0.0,,120.0,1.0,fixture,5,True,2,0.09999999999999999,0.09999999999999999,
run.fixture.fixed.303,edge.market,303,fixed,685.0,0.0675820547494027,0.0947242141530266,0.09032983707387321,0.09464543422514612,0.00018533999129219557,2,0.0,,120.0,1.0,fixture,5,True,2,0.09999999999999999,0.09999999999999999,
run.fixture.fixed.303,edge.market,303,fixed,690.0,0.1168591472687634,0.09665729050496738,0.09507655928041873,0.094104385904315,8.965791627893029e-05,2,0.0,,120.0,1.0,fixture,5,True,2,0.09999999999999999,0.09999999999999999,
run.fixture.fixed.303,edge.market,303,fixed,695.0,0.0990889264547266,0.09536315899900469,0.09628739086720897,0.09457351324653172,2.5894288661447796e-05,2,0.0,,120.0,1.0,fixture,5,True,2,0.09999999999999999,0.09999999999999999,
run.fixture.fixed.303,edge.market,303,fixed,700.0,0.0807267637329161,0.09442910530173192,0.09468246618788755,0.09425960283675262,-3.5907916753450036e-05,2,0.0,,120.0,1.0,fixture,5,True,2,0.09999999999999999,0.09999999999999999,
run.fixture.fixed.303,edge.market,303,fixed,705.0,0.1061091704464936,0.09761475209300072,0.09538657449654939,0.09532232244499568,5.691988464616645e-05,2,0.0,,120.0,1.0,fixture,5,True,2,0.09999999999999999,0.09999999999999999,
run.fixture.fixed.303,edge.market,303,fixed,710.0,0.0971683042421114,0.09477685107824543,0.09520422310423607,0.09576130307437286,0.00010060830595695561,2,0.0,,120.0,1.0,fixture,5,True,2,0.09999999999999999,0.09999999999999999,
run.fixture.fixed.303,edge.market,303,fixed,715.0,0.1193948356984447,0.09813274322755121,0.09864743437804939,0.09635243133719859,0.00010186735849288897,2,0.0,,120.0,1.0,fixture,5,True,2,0.09999999999999999,0.09999999999999999,
run.fixture.fixed.303,edge.market,303,fixed,720.0,0.0691164942029389,0.09835194886377066,0.09601580987018485,0.09511421749772764,-5.68407646508044e-05,2,0.0,,120.0,1.0,fixture,5,True,2,0.09999999999999999,0.09999999999999999,
run.fixture.fixed.303,edge.market,303,fixed,725.0,0.0707395460064507,0.09176343439772598,0.09313824825556832,0.0950724567287808,-0.00013017408695678383,2,0.0,,120.0,1.0,fixture,5,True,2,0.09999999999999999,,
run.fixture.fixed.303,edge.market,303,fixed,730.0,0.1031714580112808,0.09234665319151945,0.09436181120921873,0.0942108351833021,-0.0001091988143830747,2,0.0,,120.0,1.0,fixture,5,True,2,0.09999999999999999,,
run.fixture.fixed.303,edge.market,303,fixed,735.0,0.0951219450693423,0.09440310766815177,0.09523198829858259,0.09417048766641942,-0.00018535746817483913,2,0.0,,120.0,1.0,fixture,5,True,2,0.09999999999999999,,
run.fixture.fixed.303,edge.market,303,fixed,740.0,0.119656995186722,0.09633851120247013,0.09543378705560748,0.09430698459389615,0.00014339132595323409,2,0.0,,120.0,1.0,fixture,5,True,2,0.09999999999999999,,
run.fixture.fixed.303,edge.market,303,fixed,745.0,0.1317868040168006,0.10128401117028285,0.09819403423741489,0.09532913089189371,0.0003866954215038235,2,0.0,,120.0,1.0,fixture,5,True,2,0.09999999999999999,,
run.fixture.fixed.303,edge.market,303,fixed,750.0,0.1021845495005495,0.09882539885629783,0.10085576460288774,0.09721044252856884,0.00017752974585846245,2,0.0,,120.0,1.0,fixture,5,True,2,0.09999999999999999,,
run.fixture.fixed.303,edge.market,303,fixed,755.0,0.103053092436357,0.10367348431821469,0.09979376038501032,0.09799864159296497,0.00031512056526719477,2,0.0,,120.0,1.0,fixture,5,True,2,0.09999999999999999,,
run.fixture.fixed.303,edge.market,303,fixed,760.0,0.1295417639566878,0.11207380116824858,0.10213628634669966,0.09911668076866871,0.0005058394486936537,2,0.0,,120.0,1.0,fixture,5,True,2,0.09999999999999999,,
run.fixture.fixed.303,edge.market,303,fixed,765.0,0.1001487052533484,0.1116419793456868,0.10363028184827137,0.09924439848144706,0.0003280458829171789,2,0.0,,120.0,1.0,fixture,5,True,2,0.09999999999999999,,
run.fixture.fixed.303,edge.market,303,fixed,770.0,0.0771839517814457,0.10907940887598729,0.10140526502788307,0.0983502016590175,0.00017274284971564155,2,0.0,,120.0,1.0,fixture,5,True,2,0.09999999999999999,,
run.fixture.fixed.303,edge.market,303,fixed,775.0,0.0987906400628222,0.10609850100114446,0.10153006009101466,0.09931650369597551,0.00012291155818732716,2,0.0,,120.0,1.0,fixture,5,True,2,0.09999999999999999,,
run.fixture.fixed.303,edge.market,303,fixed,780.0,0.1226699195856275,0.1047960889395483,0.10178198962079797,0.1000901959671935,0.0003997165979891816,2,0.0,,120.0,1.0,fixture,5,True,2,0.09999999999999999,,
run.fixture.fixed.303,edge.market,303,fixed,785.0,0.1080614155681491,0.10563564123491966,0.10477775280273723,0.10008673871006085,0.00018984636475741584,2,0.0,,120.0,1.0,fixture,5,True,2,,,
run.fixture.fixed.303,edge.market,303,fixed,790.0,0.0926532311145521,0.10414994676037612,0.10646342088797578,0.10030226237008993,-0.00015192789645480007,2,0.0,,120.0,1.0,fixture,5,True,2,,,
run.fixture.fixed.303,edge.market,303,fixed,795.0,0.0812345620344187,0.09724891791433768,0.10477596735129407,0.10019925913516219,-0.00034359481212315856,2,0.0,,120.0,1.0,fixture,5,True,2,,,
run.fixture.fixed.303,edge.market,303,fixed,800.0,0.0930846607167943,0.09623976869482995,0.10461925317032882,0.09924130111001801,-0.0004949420602337759,2,0.0,,120.0,1.0,fixture,5,True,2,,,
run.fixture.fixed.303,edge.market,303,fixed,805.0,0.099320855563073,0.0994021835207767,0.10305493473774044,0.09937799170640878,-0.00041420161136430554,2,0.0,,120.0,1.0,fixture,5,True,2,,,
run.fixture.fixed.303,edge.market,303,fixed,810.0,0.1115799278726585,0.1012292246364676,0.10150055964972952,0.10113790663133901,-0.000136978486350099,2,0.0,,120.0,1.0,fixture,5,True,2,,,
run.fixture.fixed.303,edge.market,303,fixed,815.0,0.1127614388261666,0.09981372738511606,0.10231416652093084,0.10097399829363513,-5.746947094970028e-05,2,0.0,,120.0,1.0,fixture,5,True,2,,,
run.fixture.fixed.303,edge.market,303,fixed,820.0,0.073288316688911,0.09484614183093917,0.10002456838651194,0.09994197390300248,-0.0002431646551080925,2,0.0,,120.0,1.0,fixture,5,True,2,,,
run.fixture.fixed.303,edge.market,303,fixed,825.0,0.1159375691627963,0.0981724758378312,0.09897809186390488,0.10135040612019772,8.881157967096103e-05,2,0.0,,120.0,1.0,fixture,5,True,2,,,
run.fixture.fixed.303,edge.market,303,fixed,830.0,0.1376338907862383,0.10622952280237687,0.10186156767412717,0.1026113949337875,0.0003526896975392092,2,0.0,,120.0,1.0,fixture,5,True,2,,,
run.fixture.fixed.303,edge.market,303,fixed,835.0,0.111369991550398,0.1088417129214631,0.10449126304096966,0.10317946242611897,0.00022555478765882902,2,0.0,,120.0,1.0,fixture,5,True,2,,,
run.fixture.fixed.303,edge.market,303,fixed,840.0,0.0982941369291499,0.10869503883090267,0.10445307049222564,0.10233543447534718,0.0001408436695072347,2,0.0,,120.0,1.0,fixture,5,True,2,,,
run.fixture.fixed.303,edge.market,303,fixed,845.0,0.1228925971981578,0.11031113444883113,0.10447019953934336,0.10448647859515595,0.00040255257488020754,2,0.0,,120.0,1.0,fixture,5,True,2,,,
run.fixture.fixed.303,edge.market,303,fixed,850.0,0.0961942206559548,0.10794438899594373,0.10355733839225148,0.10550466558113611,0.00037561041982670114,2,0.0,,120.0,1.0,fixture,5,True,2,,,
run.fixture.fixed.303,edge.market,303,fixed,855.0,0.1145780509555504,0.11384292246260651,0.10524386299540521,0.10596092929890688,0.0003643967104156003,2,0.0,,120.0,1.0,fixture,5,True,2,,,
run.fixture.fixed.303,edge.market,303,fixed,860.0,0.0969173721851319,0.1111257514657973,0.10645023300699853,0.10603274638353845,0.00012480984053807721,2,0.0,,120.0,1.0,fixture,5,True,2,,,
run.fixture.fixed.303,edge.market,303,fixed,865.0,0.1285422293443993,0.10982694268839173,0.10917773828604507,0.10638815574984557,0.00016765926031057858,2,0.0,,120.0,1.0,fixture,5,True,2,,,
run.fixture.fixed.303,edge.market,303,fixed,870.0,0.0801174242844648,0.10536229022182984,0.1077005512646137,0.10432138056055212,-9.976938042600049e-05,2,0.0,,120.0,1.0,fixture,5,True,2,,,
run.fixture.fixed.303,edge.market,303,fixed,875.0,0.1021161111872557,0.10590828654441639,0.10697256536573654,0.10431864302802037,-0.0001067485059291139,2,0.0,,120.0,1.0,fixture,5,True,2,,,
run.fixture.fixed.303,edge.market,303,fixed,880.0,0.0774815152756369,0.0994209891269134,0.10425872509261887,0.10329577994159157,-0.0002566651941901998,2,0.0,,120.0,1.0,fixture,5,True,2,,,
run.fixture.fixed.303,edge.market,303,fixed,885.0,0.1000125160089322,0.09996645989162446,0.1063144327326205,0.10211461002368133,-0.0005228960879573148,2,0.0,,120.0,1.0,fixture,5,True,2,,,
run.fixture.fixed.303,edge.market,303,fixed,890.0,0.0953735469288206,0.09722295931637735,0.10473258486846851,0.10192360369070022,-0.0005210096701678303,2,0.0,,120.0,1.0,fixture,5,True,2,,,
run.fixture.fixed.303,edge.market,303,fixed,895.0,0.1151439468773405,0.09982675570097857,0.10300258918316868,0.10344200349453601,-0.0001992763586539601,2,0.0,,120.0,1.0,fixture,5,True,2,,,
run.fixture.fixed.303,edge.market,303,fixed,900.0,0.0971479908089488,0.0953418644816285,0.10190858912613412,0.1033762975243811,-0.0001735134725822178,2,0.0,,120.0,1.0,fixture,5,True,2,,,
run.fixture.fixed.304,edge.market,304,fixed,0.0,0.0950832839095069,0.0950832839095069,0.0950832839095069,0.0950832839095069,0.0,2,0.0,,0.0,1.0,fixture,5,False,2,0.09999999999999999,0.09999999999999999,0.45875
run.fixture.fixed.304,edge.market,304,fixed,5.0,0.0947067962784931,0.094895040094,0.094895040094,0.094895040094,-7.529752620275999e-05,2,0.0,,5.0,1.0,fixture,5,False,2,0.09999999999999999,0.09999999999999999,0.47625
run.fixture.fixed.304,edge.market,304,fixed,10.0,0.097515818653189,0.095768632947063,0.095768632947063,0.095768632947063,0.00024325347436821254,2,0.0,,10.0,1.0,fixture,5,False,2,0.09999999999999999,0.10291666666666666,0.4937500000000001
run.fixture.fixed.304,edge.market,304,fixed,15.0,0.1126085545291367,0.09997861334258143,0.09997861334258143,0.09997861334258143,0.0011076966846717091,2,0.0,,15.0,1.0,fixture,5,False,2,0.09999999999999999,0.10875,0.51125
run.fixture.fixed.304,edge.market,304,fixed,20.0,0.1021197724997108,0.1004068451740073,0.1004068451740073,0.1004068451740073,0.0006394947086210313,2,0.0,,20.0,1.0,fixture,5,False,2,0.09999999999999999,0.1175,0.5287499999999999
run.fixture.fixed.304,edge.market,304,fixed,25.0,0.1144354001297127,0.10274493766662489,0.10274493766662489,0.10274493766662489,0.0007662414036607411,2,0.0,,25.0,1.0,fixture,5,False,2,0.09999999999999999,0.12916666666666665,0.54625
run.fixture.fixed.304,edge.market,304,fixed,30.0,0.0946272552200163,0.10158526874568079,0.10158526874568079,0.10158526874568079,0.0003049505391463521,2,0.0,,30.0,1.0,fixture,5,False,2,0.09999999999999999,0.14375,0.5637500000000001
run.fixture.fixed.304,edge.market,304,fixed,35.0,0.1177967936411163,0.1048300558501964,0.10361170935761023,0.10361170935761023,0.00047349244102149753,2,0.0,,35.0,1.0,fixture,5,False,2,0.09999999999999999,0.16125,0.5812499999999999
run.fixture.fixed.304,edge.market,304,fixed,40.0,0.0677585222132585,0.10098030241230575,0.0996280218971267,0.0996280218971267,-0.00014659778654297774,2,0.0,,40.0,1.0,fixture,5,False,2,0.09999999999999999,0.17875,0.59875
run.fixture.fixed.304,edge.market,304,fixed,45.0,0.100483683436882,0.10140428309569048,0.09971358805110223,0.09971358805110223,-9.728208250665528e-05,2,0.0,,45.0,1.0,fixture,5,False,2,0.09999999999999999,0.19625,0.61625
run.fixture.fixed.304,edge.market,304,fixed,50.0,0.1322883612438019,0.10421568405492836,0.10267493106862037,0.10267493106862037,0.00022317273987182418,2,0.0,,50.0,1.0,fixture,5,False,2,0.09999999999999999,0.21374999999999997,0.6337499999999999
run.fixture.fixed.304,edge.market,304,fixed,55.0,0.0783222803900456,0.10081604232497618,0.10064554351207249,0.10064554351207249,-1.5656743779939467e-05,2,0.0,,55.0,1.0,fixture,5,False,2,0.09999999999999999,0.23124999999999998,0.65125
run.fixture.fixed.304,edge.market,304,fixed,60.0,0.1154821812956203,0.10096558249153442,0.10178682334157617,0.10178682334157617,8.552225813036182e-05,2,0.0,,60.0,1.0,fixture,5,True,2,0.09999999999999999,0.24875,0.6687500000000001
run.fixture.fixed.304,edge.market,304,fixed,65.0,0.0708509178457177,0.0975689628666346,0.09992279518282315,0.0995771158061577,-0.00017001643307802886,2,0.0,,65.0,1.0,fixture,5,True,2,0.09999999999999999,0.26625,0.6862499999999999
run.fixture.fixed.304,edge.market,304,fixed,70.0,0.1330410940319202,0.09974672006532088,0.10287158731770217,0.1018080476878752,8.222908421171911e-06,2,0.0,,70.0,1.0,fixture,5,True,2,0.10291666666666666,0.28375,0.70375
run.fixture.fixed.304,edge.market,304,fixed,75.0,0.0939752655284593,0.1034919691103496,0.10259923707733834,0.1013184988029117,-9.163237881734428e-05,2,0.0,,75.0,1.0,fixture,5,True,2,0.10875,0.30124999999999996,0.72125
run.fixture.fixed.304,edge.market,304,fixed,80.0,0.0963336116248474,0.10289910170863036,0.101347318392393,0.10102527014537852,-5.5949445358397014e-05,2,0.0,,80.0,1.0,fixture,5,True,2,0.1175,0.31875000000000003,0.73875
run.fixture.fixed.304,edge.market,304,fixed,85.0,0.0647100725627218,0.09324506046847604,0.09846964916647079,0.09900775916856425,-0.00029157174890433386,2,0.0,,85.0,1.0,fixture,5,True,2,0.12916666666666665,0.33625,0.7562500000000001
run.fixture.fixed.304,edge.market,304,fixed,90.0,0.0800451283314999,0.09349118160296951,0.09582424364353134,0.09800972596661349,-0.0002902386371099723,2,0.0,,90.0,1.0,fixture,5,True,2,0.14375,0.35375,0.77375
run.fixture.fixed.304,edge.market,304,fixed,95.0,0.1269982687290849,0.09513633695060732,0.09831432160576739,0.09945915310473706,-9.390321782566919e-05,2,0.0,,95.0,1.0,fixture,5,True,2,0.16125,0.37125,0.7912499999999999
run.fixture.fixed.304,edge.market,304,fixed,100.0,0.0908983771014012,0.09800025970141925,0.0962452126411739,0.09905149710457821,7.065614285590034e-06,2,0.0,,100.0,1.0,fixture,5,True,2,0.17875,0.38875,0.8087499999999999
run.fixture.fixed.304,edge.market,304,fixed,105.0,0.118570684483809,0.09593305833740337,0.10015384050813932,0.09993873289454323,-6.486186037330823e-05,2,0.0,,105.0,1.0,fixture,5,True,2,0.19625,0.40625,0.8262499999999999
run.fixture.fixed.304,edge.market,304,fixed,110.0,0.1089268747660858,0.09806900251420714,0.10080331676423193,0.10032952167156682,-4.480425154761476e-06,2,0.0,,110.0,1.0,fixture,5,True,2,0.21374999999999997,0.42375,0.84375
run.fixture.fixed.304,edge.market,304,fixed,115.0,0.090202688257855,0.09719315631892252,0.09756595730377447,0.09990757027932884,0.00016781797079988607,2,0.0,,115.0,1.0,fixture,5,True,2,0.23124999999999998,0.44125,0.8604166666666667
run.fixture.fixed.304,edge.market,304,fixed,120.0,0.0995694675395902,0.10217306988704657,0.0992003563152779,0.0998940461697393,3.2999644446909025e-05,2,0.0,,120.0,1.0,fixture,5,True,2,0.24875,0.45875,0.8741666666666666
run.fixture.fixed.304,edge.market,304,fixed,125.0,0.1249337539734896,0.1085857306930451,0.09992740036742169,0.10108806497229861,0.0003279152057784124,2,0.0,,120.0,1.0,fixture,5,True,2,0.26625,0.47625,0.8850000000000001
run.fixture.fixed.304,edge.market,304,fixed,130.0,0.1139333513202333,0.10671931392035201,0.1032414337116152,0.10185712717396822,0.00019659688497065516,2,0.0,,120.0,1.0,fixture,5,True,2,0.28375,0.4937500000000001,0.8929166666666667
run.fixture.fixed.304,edge.market,304,fixed,135.0,0.0811884640180444,0.10533218347987247,0.09925276986439398,0.10120403298856243,0.0002804208454989086,2,0.0,,120.0,1.0,fixture,5,True,2,0.30124999999999996,0.51125,0.8979166666666667
run.fixture.fixed.304,edge.market,304,fixed,140.0,0.0861244991964023,0.10069701415310008,0.09864886476192807,0.10014467077525308,0.0001532646319170485,2,0.0,,120.0,1.0,fixture,5,True,2,0.31875000000000003,0.5287499999999999,0.9
run.fixture.fixed.304,edge.market,304,fixed,145.0,0.0883529517365342,0.09775788229173557,0.09803496784744245,0.09959399794472597,6.756985157426988e-05,2,0.0,,120.0,1.0,fixture,5,True,2,0.33625,0.54625,0.9
run.fixture.fixed.304,edge.market,304,fixed,150.0,0.0854704595541585,0.09708184961977892,0.09963192069293755,0.09843540032170382,-0.0002716184085935851,2,0.0,,120.0,1.0,fixture,5,True,2,0.35375,0.5637500000000001,0.8986666666666667
run.fixture.fixed.304,edge.market,304,fixed,155.0,0.125630405407158,0.10080484074371718,0.10313848046798817,0.09967552632918948,-0.0002508674616097838,2,0.0,,120.0,1.0,fixture,5,True,2,0.37125,0.5812499999999999,0.8906666666666667
run.fixture.fixed.304,edge.market,304,fixed,160.0,0.0737326219120599,0.09349039330637009,0.09904112302052473,0.09791295946002723,-0.0002612154105195558,2,0.0,,120.0,1.0,fixture,5,True,2,0.38875,0.59875,0.876
run.fixture.fixed.304,edge.market,304,fixed,165.0,0.1377842959173005,0.09689767110595111,0.1026477321602093,0.10071399040818889,-6.840242596264428e-05,2,0.0,,120.0,1.0,fixture,5,True,2,0.40625,0.61625,0.8546666666666667
run.fixture.fixed.304,edge.market,304,fixed,170.0,0.0881628965041084,0.09789401860396023,0.10030867154638617,0.10022115893087795,-4.1422588238915325e-05,2,0.0,,120.0,1.0,fixture,5,True,2,0.42375,0.6337499999999999,0.8266666666666667
run.fixture.fixed.304,edge.market,304,fixed,175.0,0.1067824750795617,0.10084515801584015,0.10014371772434583,0.09920092348430837,6.755570158190923e-05,2,0.0,,120.0,1.0,fixture,5,True,2,0.44125,0.65125,0.7919999999999999
run.fixture.fixed.304,edge.market,304,fixed,180.0,0.1457729646249586,0.10904801699990078,0.10441835436796919,0.10189895085370487,0.0002919384215140418,2,0.0,,120.0,1.0,fixture,5,True,2,0.45875,0.6687500000000001,0.7520000000000001
run.fixture.fixed.304,edge.market,304,fixed,185.0,0.1293835185878844,0.11532131114757593,0.10671174291014568,0.10245500434539544,0.00041924477043804023,2,0.0,,120.0,1.0,fixture,5,True,2,0.47625,0.6862499999999999,0.7120000000000001
run.fixture.fixed.304,edge.market,304,fixed,190.0,0.0951765217843364,0.11097075634431572,0.10442272504944158,0.1034280285029402,0.0004833576832826032,2,0.0,,120.0,1.0,fixture,5,True,2,0.4937500000000001,0.70375,0.6720000000000002
run.fixture.fixed.304,edge.market,304,fixed,195.0,0.1292634661330656,0.11890373409017366,0.10560196465042869,0.103276923386986,0.0007203014529499505,2,0.0,,120.0,1.0,fixture,5,True,2,0.51125,0.72125,0.6320000000000001
run.fixture.fixed.304,edge.market,304,fixed,200.0,0.1819156411813605,0.12520821198503937,0.11335020904760684,0.10679453841310206,0.0010356723922454454,2,0.0,,120.0,1.0,fixture,5,True,2,0.5287499999999999,0.73875,0.5920000000000001
run.fixture.fixed.304,edge.market,304,fixed,205.0,0.1720237387153809,0.13718833230093547,0.11995784285675905,0.1098221434967234,0.001213102292298427,2,0.0,,120.0,1.0,fixture,5,True,2,0.54625,0.7562500000000001,0.552
run.fixture.fixed.304,edge.market,304,fixed,210.0,0.1949148163490305,0.1497786667680024,0.1281549093654126,0.11503033324817574,0.0014642095484655195,2,0.0,,120.0,1.0,fixture,5,True,2,0.5637500000000001,0.77375,0.512
run.fixture.fixed.304,edge.market,304,fixed,215.0,0.1799593233749377,0.15466243230371374,0.13542328350547253,0.11902690104991326,0.0014774351917384565,2,0.0,,120.0,1.0,fixture,5,True,2,0.5812499999999999,0.7912499999999999,0.472
run.fixture.fixed.304,edge.market,304,fixed,220.0,0.249785537073922,0.17186272065886193,0.14497367824906976,0.12393839178370675,0.002156142196928011,2,0.0,,120.0,1.0,fixture,5,True,2,0.59875,0.8087499999999999,0.43199999999999994
run.fixture.fixed.304,edge.market,304,fixed,225.0,0.2258242987239198,0.19052668879308815,0.1566730380038282,0.12933542864860748,0.0021412150853785937,2,0.0,,120.0,1.0,fixture,5,True,2,0.61625,0.8262499999999999,0.39199999999999996
run.fixture.fixed.304,edge.market,304,fixed,230.0,0.2220876833025341,0.20378729124586936,0.16315791395653848,0.1334761086013565,0.002427222422946222,2,0.0,,120.0,1.0,fixture,5,True,2,0.6337499999999999,0.84375,0.3519999999999999
run.fixture.fixed.304,edge.market,304,fixed,235.0,0.2569839922847807,0.21451134140350084,0.1761441520935133,0.13939839330210427,0.002468971156795061,2,0.0,,120.0,1.0,fixture,5,True,2,0.65125,0.8604166666666667,0.312
run.fixture.fixed.304,edge.market,304,fixed,240.0,0.265068535340293,0.22780345520705972,0.1883200028828003,0.14639302718540181,0.002521734409963209,2,0.0,,120.0,1.0,fixture,5,True,2,0.6687500000000001,0.8741666666666666,0.27199999999999996
run.fixture.fixed.304,edge.market,304,fixed,245.0,0.2983047932478186,0.24257345190688656,0.20005322046917412,0.15434244021373092,0.002919623942254657,2,0.0,,120.0,1.0,fixture,5,True,2,0.6862499999999999,0.8850000000000001,0.23199999999999996
run.fixture.fixed.304,edge.market,304,fixed,250.0,0.3110141964457791,0.2612955766312925,0.21402481107362756,0.1617856579126225,0.0031076216814750995,2,0.0,,120.0,1.0,fixture,5,True,2,0.70375,0.8929166666666667,0.19333333333333333
run.fixture.fixed.304,edge.market,304,fixed,255.0,0.3546086417604398,0.2762703058722236,0.23398112799486628,0.17141266953023077,0.0031203304277342575,2,0.0,,120.0,1.0,fixture,5,True,2,0.72125,0.8979166666666667,0.16133333333333333
run.fixture.fixed.304,edge.market,304,fixed,260.0,0.3725179665990448,0.29722654414009864,0.2526930126460955,0.18306584963347078,0.003228239656956747,2,0.0,,120.0,1.0,fixture,5,True,2,0.73875,0.9,0.136
run.fixture.fixed.304,edge.market,304,fixed,265.0,0.370405672891638,0.31841482836711343,0.26719224585457835,0.19443709658128025,0.003459925768187641,2,0.0,,120.0,1.0,fixture,5,True,2,0.7562500000000001,0.9,0.11733333333333333
run.fixture.fixed.304,edge.market,304,fixed,270.0,0.3840717695463123,0.33657022511876084,0.2835036328415731,0.20626584929367137,0.0034984945507986497,2,0.0,,120.0,1.0,fixture,5,True,2,0.77375,0.8986666666666667,0.10533333333333333
run.fixture.fixed.304,edge.market,304,fixed,275.0,0.4480870677409792,0.36271572974743027,0.3029784214101845,0.22077051362114417,0.00390220762107188,2,0.0,,120.0,1.0,fixture,5,True,2,0.7912499999999999,0.8906666666666667,0.09999999999999999
run.fixture.fixed.304,edge.market,304,fixed,280.0,0.4437339422945433,0.3834913224683909,0.32326877671169263,0.2334946550966396,0.0038839652464119053,2,0.0,,120.0,1.0,fixture,5,True,2,0.8087499999999999,0.876,0.09999999999999999
run.fixture.fixed.304,edge.market,304,fixed,285.0,0.4631272375694115,0.4052217569146241,0.33967967674980726,0.24907043972293366,0.004240853254853577,2,0.0,,120.0,1.0,fixture,5,True,2,0.8262499999999999,0.8546666666666667,0.09999999999999999
run.fixture.fixed.304,edge.market,304,fixed,290.0,0.4729900275832347,0.42213338346073764,0.3586924251236007,0.262478668989571,0.004244012000808909,2,0.0,,120.0,1.0,fixture,5,True,2,0.84375,0.8266666666666667,0.09999999999999999
run.fixture.fixed.304,edge.market,304,fixed,295.0,0.4950757127146714,0.43964163290582714,0.3796915043091497,0.2787551816379935,0.004092436762126444,2,0.0,,120.0,1.0,fixture,5,True,2,0.8604166666666667,0.7919999999999999,0.09999999999999999
run.fixture.fixed.304,edge.market,304,fixed,300.0,0.4950757127146714,0.45745163859483196,0.3980062520345259,0.2942869111433979,0.003909307823953418,2,5.0,,120.0,1.0,fixture,5,True,2,0.8741666666666666,0.7520000000000001,0.09999999999999999
run.fixture.fixed.304,edge.market,304,fixed,305.0,0.4950757127146714,0.47330934476174036,0.41569911183255503,0.30825902106698644,0.0035267284252954454,2,10.0,,120.0,1.0,fixture,5,True,2,0.8850000000000001,0.7120000000000001,0.09999999999999999
run.fixture.fixed.304,edge.market,304,fixed,310.0,0.4950757127146714,0.4800220083294107,0.4308353364069283,0.32288670883205794,0.0031470574090312004,2,15.0,,120.0,1.0,fixture,5,True,2,0.8929166666666667,0.6720000000000002,0.09999999999999999
run.fixture.fixed.304,edge.market,304,fixed,315.0,,0.4860700193352219,0.44082043140369076,0.33237463329237965,0.00291606270275653,2,20.0,,120.0,0.9230769230769231,fixture,5,False,0,0.8979166666666667,0.6320000000000001,0.09999999999999999
run.fixture.fixed.304,edge.market,304,fixed,320.0,,0.49065857568838406,0.44865786682580444,0.3412055536036541,0.0028503892629298555,2,25.0,,120.0,0.8461538461538461,fixture,5,False,0,0.9,0.5920000000000001,0.09999999999999999
run.fixture.fixed.304,edge.market,304,fixed,325.0,,0.4950757127146714,0.45627185684848043,0.3484460041683039,0.0027853203475496704,2,30.0,,120.0,0.7692307692307693,fixture,5,False,0,0.9,0.552,0.09999999999999999
run.fixture.fixed.304,edge.market,304,fixed,330.0,,0.4950757127146714,0.4658125439547962,0.3568470644279668,0.0023987124119334287,2,35.0,,120.0,0.6923076923076923,fixture,5,False,0,0.8986666666666667,0.512,0.09999999999999999
run.fixture.fixed.304,edge.market,304,fixed,335.0,,0.4950757127146714,0.4760301407558568,0.3649436768319137,0.0016751439940088126,2,40.0,,120.0,0.6153846153846154,fixture,5,False,0,0.8906666666666667,0.472,0.09999999999999999
run.fixture.fixed.304,edge.market,304,fixed,340.0,,0.4950757127146714,0.4800220083294107,0.3746796954349124,0.001714342476302439,2,45.0,,120.0,0.5384615384615384,fixture,5,False,0,0.876,0.43199999999999994,0.09999999999999999
run.fixture.fixed.304,edge.market,304,fixed,345.0,,,0.4860700193352219,0.3816182597883008,0.0012914253206891973,2,50.0,,120.0,0.46153846153846156,fixture,5,False,0,0.8546666666666667,0.39199999999999996,0.09999999999999999
run.fixture.fixed.304,edge.market,304,fixed,350.0,,,0.49065857568838406,0.3907826104391467,0.0008834274052574733,2,55.0,,120.0,0.38461538461538464,fixture,5,False,0,0.8266666666666667,0.3519999999999999,0.09999999999999999
run.fixture.fixed.304,edge.market,304,fixed,355.0,0.6990590922923958,0.6990590922923958,0.5358723886302162,0.4188397521444327,0.0036769536232894653,2,0.0,,120.0,0.38461538461538464,fixture,5,False,2,0.7919999999999999,0.312,0.09999999999999999
run.fixture.fixed.304,edge.market,304,fixed,360.0,0.7082269505109074,0.7036430214016516,0.5785026361894634,0.445383455569499,0.0039058338554379957,2,0.0,,120.0,0.38461538461538464,fixture,5,False,2,0.7520000000000001,0.27199999999999996,0.09999999999999999
run.fixture.fixed.304,edge.market,304,fixed,365.0,0.7648346262146468,0.7240402230059834,0.6324544188894585,0.4747814609150492,0.004377935257556056,2,0.0,,120.0,0.38461538461538464,fixture,5,False,2,0.7120000000000001,0.23199999999999996,0.09999999999999999
run.fixture.fixed.304,edge.market,304,fixed,370.0,0.7548867306900668,0.7317518499270041,0.6844166224845377,0.5016392219410639,0.004506705682472051,2,0.0,,120.0,0.38461538461538464,fixture,5,False,2,0.6720000000000002,0.19333333333333333,0.09999999999999999
run.fixture.fixed.304,edge.market,304,fixed,375.0,0.7902173345864231,0.743444946858888,0.743444946858888,0.52982764183169,0.0045795252953443,2,0.0,,120.0,0.38461538461538464,fixture,5,False,2,0.6320000000000001,0.16133333333333333,0.09999999999999999
run.fixture.fixed.304,edge.market,304,fixed,380.0,0.795995116468754,0.7522033084605323,0.7522033084605323,0.5557915521086496,0.00411830501476433,2,0.0,,120.0,0.46153846153846156,fixture,5,False,2,0.5920000000000001,0.136,0.09999999999999999
run.fixture.fixed.304,edge.market,304,fixed,385.0,0.8343283758475784,0.7639354609443959,0.7639354609443959,0.5829568702997399,0.004333763506807254,2,0.0,,120.0,0.5384615384615384,fixture,5,False,2,0.552,0.11733333333333333,0.09999999999999999
run.fixture.fixed.304,edge.market,304,fixed,390.0,0.810833128781617,0.7799031804428562,0.7697976694240486,0.6088643677050326,0.0036708034684918987,2,0.0,,120.0,0.6153846153846154,fixture,5,False,2,0.512,0.10533333333333333,0.09999999999999999
run.fixture.fixed.304,edge.market,304,fixed,395.0,0.8325450868703442,0.79766291420849,0.7767696046958592,0.6352451510770346,0.0034061946605615716,2,0.0,,120.0,0.6923076923076923,fixture,5,False,2,0.472,0.09999999999999999,0.09999999999999999
run.fixture.fixed.304,edge.market,304,fixed,400.0,0.8414928633606735,0.8086140909436367,0.7832419305623406,0.6583866684664283,0.0031833043931154617,2,0.0,,120.0,0.7692307692307693,fixture,5,False,2,0.43199999999999994,0.09999999999999999,0.09999999999999999
run.fixture.fixed.304,edge.market,304,fixed,405.0,0.8743996843718678,0.8256873700410369,0.7915289990904794,0.6837199474121533,0.0032161851476504868,2,0.0,,120.0,0.8461538461538461,fixture,5,True,2,0.39199999999999996,0.09999999999999999,0.09999999999999999
run.fixture.fixed.304,edge.market,304,fixed,410.0,0.8595275300312182,0.8355888265331505,0.797195543335541,0.7070376116746125,0.0029970541977368363,2,0.0,,120.0,0.9230769230769231,fixture,5,True,2,0.3519999999999999,0.09999999999999999,0.09999999999999999
run.fixture.fixed.304,edge.market,304,fixed,415.0,0.9198384256753932,0.8532807278483846,0.8066296112078374,0.7333228115623865,0.0031634626872757646,2,0.0,,120.0,1.0,fixture,5,True,2,0.312,0.09999999999999999,0.09999999999999999
run.fixture.fixed.304,edge.market,304,fixed,420.0,0.9001328932829515,0.8626813731962951,0.8220968266686495,0.7571497045369913,0.0029525023136961967,2,0.0,,120.0,1.0,fixture,5,True,2,0.27199999999999996,0.09999999999999999,0.09999999999999999
run.fixture.fixed.304,edge.market,304,fixed,425.0,0.9278528979963094,0.8793984830841082,0.8389911303213726,0.7826071860241465,0.0027738729673904513,2,0.0,,120.0,1.0,fixture,5,True,2,0.23199999999999996,0.09999999999999999,0.09999999999999999
run.fixture.fixed.304,edge.market,304,fixed,430.0,0.9069453756415692,0.8900270957657118,0.8499227264311359,0.8068348132551405,0.0026514882895597855,2,0.0,,120.0,1.0,fixture,5,True,2,0.19333333333333333,0.09999999999999999,0.09999999999999999
run.fixture.fixed.304,edge.market,304,fixed,435.0,0.9156385465126532,0.9006193362159945,0.862288250725181,0.8315738034785511,0.0023537332898912384,2,0.0,,120.0,1.0,fixture,5,True,2,0.16133333333333333,0.09999999999999999,0.09999999999999999
run.fixture.fixed.304,edge.market,304,fixed,440.0,0.8945413870328096,0.9034967223104149,0.8703131778364415,0.8350720025648989,0.0020119996688741718,2,0.0,,120.0,1.0,fixture,5,True,2,0.136,0.09999999999999999,0.09999999999999999
run.fixture.fixed.304,edge.market,304,fixed,445.0,0.9189405889427148,0.9119843021549146,0.8797705218729,0.8394861386900471,0.001760942566746499,2,0.0,,120.0,1.0,fixture,5,True,2,0.11733333333333333,0.09999999999999999,0.09999999999999999
run.fixture.fixed.304,edge.market,304,fixed,450.0,0.880305451994372,0.9063367344861971,0.883307220038038,0.8415271043552632,0.0014149146091108746,2,0.0,,120.0,1.0,fixture,5,True,2,0.10533333333333333,0.09999999999999999,0.09999999999999999
run.fixture.fixed.304,edge.market,304,fixed,455.0,0.8369181647592723,0.8973060589828145,0.8853137612670884,0.8413076310411685,0.0005515596965091846,2,0.0,,120.0,1.0,fixture,5,True,2,0.09999999999999999,0.09999999999999999,0.09999999999999999
run.fixture.fixed.304,edge.market,304,fixed,460.0,0.8045135825188081,0.8796861567717428,0.8831574917015856,0.839635174290152,-0.00038710161477310384,2,0.0,,120.0,1.0,fixture,5,True,2,0.09999999999999999,0.09999999999999999,0.09999999999999999
run.fixture.fixed.304,edge.market,304,fixed,465.0,0.7867892032661337,0.8625209892895376,0.8789495178481594,0.8373375233760644,-0.0013429940642226703,2,0.0,,120.0,1.0,fixture,5,True,2,0.09999999999999999,0.09999999999999999,0.09999999999999999
run.fixture.fixed.304,edge.market,304,fixed,470.0,0.7401540254203429,0.8374517719906361,0.8686229286980421,0.8332882109612426,-0.0022931278981797383,2,0.0,,120.0,1.0,fixture,5,True,2,0.09999999999999999,0.09999999999999999,0.09999999999999999
run.fixture.fixed.304,edge.market,304,fixed,475.0,0.682325775826083,0.8071352561039609,0.8549920245284165,0.8272497135558362,-0.0035914253793880194,2,0.0,,120.0,1.0,fixture,5,True,2,0.09999999999999999,0.09999999999999999,0.09999999999999999
run.fixture.fixed.304,edge.market,304,fixed,480.0,0.6429326201856647,0.7677055462815252,0.8336915779522834,0.825004654671567,-0.004490800783814023,2,0.0,,120.0,1.0,fixture,5,True,2,0.09999999999999999,0.09999999999999999,0.09999999999999999
run.fixture.fixed.304,edge.market,304,fixed,485.0,0.60413600280854,0.7282527678264064,0.8109225863773286,0.8208410167634723,-0.005493266985514886,2,0.0,,120.0,1.0,fixture,5,True,2,0.09999999999999999,0.09999999999999999,0.09999999999999999
run.fixture.fixed.304,edge.market,304,fixed,490.0,0.5826517726492835,0.6919289975249793,0.7843686536583265,0.8135537026208578,-0.006098885338301057,2,0.0,,120.0,1.0,fixture,5,True,2,0.09999999999999999,0.09999999999999999,0.09999999999999999
run.fixture.fixed.304,edge.market,304,fixed,495.0,0.5552063892716408,0.6563136842039555,0.7573118085529476,0.8055664889641208,-0.006666947461858656,2,0.0,,120.0,1.0,fixture,5,True,2,0.09999999999999999,0.09999999999999999,0.09999999999999999
run.fixture.fixed.304,edge.market,304,fixed,500.0,0.4483849283923375,0.6079702163648417,0.7213692225436925,0.7918931927163573,-0.007485930006084716,2,0.0,,120.0,1.0,fixture,5,True,2,0.09999999999999999,0.09999999999999999,0.09999999999999999
run.fixture.fixed.304,edge.market,304,fixed,505.0,0.4552396044968348,0.567268156232912,0.687576777733233,0.7782629722374805,-0.007908537211422437,2,0.0,,120.0,1.0,fixture,5,True,2,0.09999999999999999,0.09999999999999999,0.09999999999999999
run.fixture.fixed.304,edge.market,304,fixed,510.0,0.4166843320600849,0.5293193785520552,0.6489416810499536,0.7615572104859808,-0.007914919624139493,2,0.0,,120.0,1.0,fixture,5,True,2,0.09999999999999999,0.09999999999999999,0.09999999999999999
run.fixture.fixed.304,edge.market,304,fixed,515.0,0.3527222401375338,0.48786075283089364,0.6083583570609661,0.7432327749402176,-0.008088293523989591,2,0.0,,120.0,1.0,fixture,5,True,2,0.09999999999999999,0.09999999999999999,0.09999999999999999
run.fixture.fixed.304,edge.market,304,fixed,520.0,0.3395487632907584,0.4500625757569248,0.570099172332619,0.723512921997034,-0.008102512105014975,2,0.0,,120.0,1.0,fixture,5,True,2,0.09999999999999999,0.09999999999999999,0.09999999999999999
run.fixture.fixed.304,edge.market,304,fixed,525.0,0.3030688452397085,0.410122157555557,0.5315265002342267,0.7019759612721954,-0.008059963853645902,2,0.0,,120.0,1.0,fixture,5,True,2,0.09999999999999999,0.09999999999999999,0.09999999999999999
run.fixture.fixed.304,edge.market,304,fixed,530.0,0.249789641291138,0.3664911935583423,0.4902188416207655,0.6769915595489663,-0.00795401026291533,2,0.0,,120.0,1.0,fixture,5,True,2,0.09999999999999999,0.09999999999999999,0.09999999999999999
run.fixture.fixed.304,edge.market,304,fixed,535.0,0.2268301913001403,0.3348405168308855,0.45073239284228833,0.6516836659997232,-0.0077680603896479765,2,0.0,,120.0,1.0,fixture,5,True,2,0.09999999999999999,0.09999999999999999,0.09999999999999999
run.fixture.fixed.304,edge.market,304,fixed,540.0,0.1704740408199597,0.29415972201990337,0.41135918245720193,0.6217090906055057,-0.007834430094315463,2,0.0,,120.0,1.0,fixture,5,True,2,0.09999999999999999,0.09999999999999999,0.09999999999999999
run.fixture.fixed.304,edge.market,304,fixed,545.0,0.1156717468429509,0.2511579241317414,0.37080065373853166,0.5903306447479058,-0.008002683445509159,2,0.0,,120.0,1.0,fixture,5,True,2,0.09999999999999999,0.09999999999999999,0.09999999999999999
run.fixture.fixed.304,edge.market,304,fixed,550.0,0.0977213764706906,0.21472922932219232,0.33184568248177404,0.557125383886881,-0.008008318852231125,2,0.0,,120.0,1.0,fixture,5,True,2,0.09999999999999999,0.09999999999999999,0.09999999999999999
run.fixture.fixed.304,edge.market,304,fixed,555.0,0.0868410994351643,0.17862813448567888,0.2937063999268418,0.5243212128386248,-0.007694456068832325,2,0.0,,120.0,1.0,fixture,5,True,2,0.09999999999999999,0.09999999999999999,0.09999999999999999
run.fixture.fixed.304,edge.market,304,fixed,560.0,0.0831911342850402,0.14721703292072627,0.2573975341586417,0.49102331634952023,-0.007070930429752341,2,0.0,,120.0,1.0,fixture,5,True,2,0.09999999999999999,0.09999999999999999,0.09999999999999999
run.fixture.fixed.304,edge.market,304,fixed,565.0,0.1034615163532894,0.1263130150724622,0.23086496400179182,0.45938012152233954,-0.0066167593827152465,2,0.0,,120.0,1.0,fixture,5,True,2,0.09999999999999999,0.09999999999999999,0.09999999999999999
run.fixture.fixed.304,edge.market,304,fixed,570.0,0.0877062956754486,0.10643817284036339,0.20259317101553131,0.42613074979164883,-0.005834703917322671,2,0.0,,120.0,1.0,fixture,5,True,2,0.09999999999999999,0.09999999999999999,0.09999999999999999
run.fixture.fixed.304,edge.market,304,fixed,575.0,0.100940382967245,0.09650479314711845,0.17830517493146672,0.39495614703056375,-0.004858086995320301,2,0.0,,120.0,1.0,fixture,5,True,2,0.09999999999999999,0.09999999999999999,0.09999999999999999
run.fixture.fixed.304,edge.market,304,fixed,580.0,0.0992560894266972,0.09415969923051078,0.15880777872294086,0.3654496640172608,-0.004037620024535849,2,0.0,,120.0,1.0,fixture,5,True,2,0.09999999999999999,0.09999999999999999,0.09999999999999999
run.fixture.fixed.304,edge.market,304,fixed,585.0,0.0770307113799073,0.09120388993182742,0.13861408242210616,0.33635034917170464,-0.003186494213638572,2,0.0,,120.0,1.0,fixture,5,True,2,0.09999999999999999,0.09999999999999999,0.09999999999999999
run.fixture.fixed.304,edge.market,304,fixed,590.0,0.1200620272871042,0.09594973676781884,0.12453663488729044,0.30968126213254354,-0.002043778819228456,2,0.0,,120.0,1.0,fixture,5,True,2,0.09999999999999999,0.09999999999999999,0.09999999999999999
run.fixture.fixed.304,edge.market,304,fixed,595.0,0.091134755272952,0.09708453976609197,0.11233241288589152,0.2837204913266479,-0.0013005263278648273,2,0.0,,120.0,1.0,fixture,5,True,2,0.09999999999999999,0.09999999999999999,0.09999999999999999
run.fixture.fixed.304,edge.market,304,fixed,600.0,0.1098039387717442,0.09799060011158549,0.10333039346063028,0.2608196178444744,-0.00043644544411223726,2,0.0,,120.0,1.0,fixture,5,True,2,0.09999999999999999,0.09999999999999999,0.09999999999999999
run.fixture.fixed.304,edge.market,304,fixed,605.0,0.1011507145331578,0.09991123137697253,0.09799782990010705,0.2391483416183741,6.567264154762133e-05,2,0.0,,120.0,1.0,fixture,5,True,2,0.09999999999999999,0.09999999999999999,
run.fixture.fixed.304,edge.market,304,fixed,610.0,0.1268699054273181,0.1036154488712687,0.09885922671428915,0.22005769772312522,0.00039199118194671427,2,0.0,,120.0,1.0,fixture,5,True,2,0.09999999999999999,0.09999999999999999,
run.fixture.fixed.304,edge.market,304,fixed,615.0,0.0946192020326112,0.10295303638639927,0.09862059791135998,0.2005363948984583,0.00035528228107280355,2,0.0,,120.0,1.0,fixture,5,True,2,0.09999999999999999,0.09999999999999999,
run.fixture.fixed.304,edge.market,304,fixed,620.0,0.0584019955826061,0.10029179127249908,0.09643297453808623,0.18066421915089695,-5.068434391648783e-07,2,0.0,,120.0,1.0,fixture,5,True,2,0.09999999999999999,0.09999999999999999,
run.fixture.fixed.304,edge.market,304,fixed,625.0,0.0963587469290668,0.09690560836420803,0.09744586781839601,0.1665831718923661,-0.0001028565658847041,2,0.0,,120.0,1.0,fixture,5,True,2,0.09999999999999999,0.09999999999999999,
run.fixture.fixed.304,edge.market,304,fixed,630.0,0.0788025953963093,0.09514387123897336,0.09554902774478213,0.15152569152834508,-0.0001795050216959839,2,0.0,,120.0,1.0,fixture,5,True,2,0.09999999999999999,0.09999999999999999,
run.fixture.fixed.304,edge.market,304,fixed,635.0,0.1108532275203874,0.09529376963163667,0.09732956096362361,0.1392924473467572,-0.00013892691821434022,2,0.0,,120.0,1.0,fixture,5,True,2,0.09999999999999999,0.09999999999999999,
run.fixture.fixed.304,edge.market,304,fixed,640.0,0.065737601140474,0.09023475343268185,0.09462165466925657,0.1278130617868748,-0.0003194500005369209,2,0.0,,120.0,1.0,fixture,5,True,2,0.09999999999999999,0.09999999999999999,
run.fixture.fixed.304,edge.market,304,fixed,645.0,0.0856496215314839,0.08434614144756268,0.09357500329270171,0.1176570961165038,-0.00034295676484961317,2,0.0,,120.0,1.0,fixture,5,True,2,0.09999999999999999,0.09999999999999999,
run.fixture.fixed.304,edge.market,304,fixed,650.0,0.1293861100985729,0.08931284259984293,0.097602341655676,0.11070978671085838,-0.00023410336106316823,2,0.0,,120.0,1.0,fixture,5,True,2,0.09999999999999999,0.09999999999999999,
run.fixture.fixed.304,edge.market,304,fixed,655.0,0.0994034155431554,0.0951701883084928,0.09601321767537223,0.10469433768093907,-4.94613360688012e-05,2,0.0,,120.0,1.0,fixture,5,True,2,0.09999999999999999,0.09999999999999999,
run.fixture.fixed.304,edge.market,304,fixed,660.0,0.0981928570266909,0.09543220403672482,0.09655614857950598,0.09954884431000112,-7.261672146333899e-05,2,0.0,,120.0,1.0,fixture,5,True,2,0.09999999999999999,0.09999999999999999,
run.fixture.fixed.304,edge.market,304,fixed,665.0,0.1001771501718883,0.09848571186180755,0.0958156263795171,0.09673696868407823,5.316409271244331e-05,2,0.0,,120.0,1.0,fixture,5,True,2,0.09999999999999999,0.09999999999999999,
run.fixture.fixed.304,edge.market,304,fixed,670.0,0.0914580012075536,0.09571496524568844,0.09507003304677829,0.09576841885866233,6.547163781541445e-05,2,0.0,,120.0,1.0,fixture,5,True,2,0.09999999999999999,0.09999999999999999,
run.fixture.fixed.304,edge.market,304,fixed,675.0,0.0997812319101406,0.10057834106992651,0.09298628893007234,0.09585081307624034,0.00034114889039118574,2,0.0,,120.0,1.0,fixture,5,True,2,0.09999999999999999,0.09999999999999999,
run.fixture.fixed.304,edge.market,304,fixed,680.0,0.1183702732381043,0.10525271988515801,0.09481329440741795,0.09711198002835796,0.0005210766899142237,2,0.0,,120.0,1.0,fixture,5,True,2,0.09999999999999999,0.09999999999999999,
run.fixture.fixed.304,edge.market,304,fixed,685.0,0.1092595182525736,0.10237749247858667,0.09872541153587698,0.09815471538705928,0.00033623960342768613,2,0.0,,120.0,1.0,fixture,5,True,2,0.09999999999999999,0.09999999999999999,
run.fixture.fixed.304,edge.market,304,fixed,690.0,0.0927243907870852,0.10142334608486235,0.09844584567880148,0.09772523036441112,0.0002784673212953531,2,0.0,,120.0,1.0,fixture,5,True,2,0.09999999999999999,0.09999999999999999,
run.fixture.fixed.304,edge.market,304,fixed,695.0,0.1298234884514887,0.10594200771697633,0.10237052975996913,0.09940991807545271,0.00033425095278840516,2,0.0,,120.0,1.0,fixture,5,True,2,0.09999999999999999,0.09999999999999999,
run.fixture.fixed.304,edge.market,304,fixed,700.0,0.1007867106403299,0.10602908778389655,0.10159618230765702,0.09940377118237612,0.0003890597105962,2,0.0,,120.0,1.0,fixture,5,True,2,0.09999999999999999,0.09999999999999999,
run.fixture.fixed.304,edge.market,304,fixed,705.0,0.1468704477563509,0.11394515157658189,0.10783717050887832,0.10130834551556227,0.00041173611116969655,2,0.0,,120.0,1.0,fixture,5,True,2,0.09999999999999999,0.09999999999999999,
run.fixture.fixed.304,edge.market,304,fixed,710.0,0.1357117062497586,0.1190780764822416,0.11168810010259177,0.10365558531035632,0.0004248508052395001,2,0.0,,120.0,1.0,fixture,5,True,2,0.09999999999999999,0.09999999999999999,
run.fixture.fixed.304,edge.market,304,fixed,715.0,0.1341659236634603,0.12133459797157818,0.11205577806912156,0.10421974116541056,0.0007091947737417847,2,0.0,,120.0,1.0,fixture,5,True,2,0.09999999999999999,0.09999999999999999,
run.fixture.fixed.304,edge.market,304,fixed,720.0,0.0977783012931995,0.119694424120239,0.11193076928066341,0.10448548300622046,0.0005177316986458565,2,0.0,,120.0,1.0,fixture,5,True,2,0.09999999999999999,0.09999999999999999,
run.fixture.fixed.304,edge.market,304,fixed,725.0,0.0871512941416174,0.11889826745660075,0.11108141828950391,0.10357937722101537,0.0002486742957754344,2,0.0,,120.0,1.0,fixture,5,True,2,0.09999999999999999,,
run.fixture.fixed.304,edge.market,304,fixed,730.0,0.126464688901738,0.11841843894949353,0.11310353665333851,0.1045919361957586,0.00026622346813817634,2,0.0,,120.0,1.0,fixture,5,True,2,0.09999999999999999,,
run.fixture.fixed.304,edge.market,304,fixed,735.0,0.0849758672600018,0.11615974703801808,0.1126049109650653,0.10291617466906594,-8.573781151074192e-05,2,0.0,,120.0,1.0,fixture,5,True,2,0.09999999999999999,,
run.fixture.fixed.304,edge.market,304,fixed,740.0,0.0785205885265598,0.1063954814337622,0.11096947685863601,0.10227223012882389,-0.0004091132928464628,2,0.0,,120.0,1.0,fixture,5,True,2,0.09999999999999999,,
run.fixture.fixed.304,edge.market,304,fixed,745.0,0.1018792859711446,0.10156227853681735,0.1097009393765622,0.10401132174436543,-0.0004121194144603855,2,0.0,,120.0,1.0,fixture,5,True,2,0.09999999999999999,,
run.fixture.fixed.304,edge.market,304,fixed,750.0,0.0881168464371791,0.09498383893306288,0.10807458000614721,0.10368164572468991,-0.0005578276622672188,2,0.0,,120.0,1.0,fixture,5,True,2,0.09999999999999999,,
run.fixture.fixed.304,edge.market,304,fixed,755.0,0.1081616602219665,0.09646717592288674,0.10926206227036885,0.1048560083177162,-0.0006753318856062497,2,0.0,,120.0,1.0,fixture,5,True,2,0.09999999999999999,,
run.fixture.fixed.304,edge.market,304,fixed,760.0,0.1065219862076324,0.09923441764660317,0.10746963902084145,0.10468275866520602,-0.0005352335044068872,2,0.0,,120.0,1.0,fixture,5,True,2,0.09999999999999999,,
run.fixture.fixed.304,edge.market,304,fixed,765.0,0.1230153806994625,0.09874165933199239,0.10917953671769778,0.10697386984756556,-0.0004841412501122226,2,0.0,,120.0,1.0,fixture,5,True,2,0.09999999999999999,,
run.fixture.fixed.304,edge.market,304,fixed,770.0,0.109979982218093,0.10231367575457684,0.10634180859937024,0.10794708427502991,-0.00018893350255953738,2,0.0,,120.0,1.0,fixture,5,True,2,0.09999999999999999,,
run.fixture.fixed.304,edge.market,304,fixed,775.0,0.1213376980449346,0.10843040568577325,0.10523611566053764,0.1076251477928844,0.00013586278340321404,2,0.0,,120.0,1.0,fixture,5,True,2,0.09999999999999999,,
run.fixture.fixed.304,edge.market,304,fixed,780.0,0.1034111936636072,0.10864924964183933,0.10287036719901048,0.10778545891770247,0.0003463673153140663,2,0.0,,120.0,1.0,fixture,5,True,2,0.09999999999999999,,
run.fixture.fixed.304,edge.market,304,fixed,785.0,0.1186970947893601,0.11301785654929376,0.10447950516025362,0.1086056284282092,0.00041154962762332103,2,0.0,,120.0,1.0,fixture,5,True,2,,,
run.fixture.fixed.304,edge.market,304,fixed,790.0,0.0976377945137916,0.11151444716241163,0.10528615903503626,0.10850405420188534,0.0002331455166241721,2,0.0,,120.0,1.0,fixture,5,True,2,,,
run.fixture.fixed.304,edge.market,304,fixed,795.0,0.0746117082595361,0.10695583602696931,0.10129746821640534,0.10783020248396465,0.000193808158837261,2,0.0,,120.0,1.0,fixture,5,True,2,,,
run.fixture.fixed.304,edge.market,304,fixed,800.0,0.0850271324219671,0.10152894341589853,0.10130141169040266,0.1072400385044377,-3.901955705444603e-05,2,0.0,,120.0,1.0,fixture,5,True,2,,,
run.fixture.fixed.304,edge.market,304,fixed,805.0,0.0830428691292699,0.09768078440320951,0.10164927942907266,0.10582694234008433,-0.0003346426532233441,2,0.0,,120.0,1.0,fixture,5,True,2,,,
run.fixture.fixed.304,edge.market,304,fixed,810.0,0.0798823638106813,0.09175859379831619,0.09995720849365243,0.10465185616240864,-0.00047639149708690967,2,0.0,,120.0,1.0,fixture,5,True,2,,,
run.fixture.fixed.304,edge.market,304,fixed,815.0,0.0779377332449671,0.08811952802422475,0.0991741997865592,0.10406038986072391,-0.0007126545585016626,2,0.0,,120.0,1.0,fixture,5,True,2,,,
run.fixture.fixed.304,edge.market,304,fixed,820.0,0.1224325486559569,0.08865316429088144,0.1002719604353277,0.10376475226890264,-0.0004901684966728298,2,0.0,,120.0,1.0,fixture,5,True,2,,,
run.fixture.fixed.304,edge.market,304,fixed,825.0,0.1148704078521051,0.0911149661963548,0.10091414671567173,0.10432810015737365,-0.0003458378758961305,2,0.0,,120.0,1.0,fixture,5,True,2,,,
run.fixture.fixed.304,edge.market,304,fixed,830.0,0.1088042326824861,0.0959996125424905,0.09982098148359662,0.10280545155441909,-0.00012380583887698415,2,0.0,,120.0,1.0,fixture,5,True,2,,,
run.fixture.fixed.304,edge.market,304,fixed,835.0,0.101408183129571,0.09833976264357677,0.09916161232294107,0.10143331062961156,-3.519461358322485e-05,2,0.0,,120.0,1.0,fixture,5,True,2,,,
run.fixture.fixed.304,edge.market,304,fixed,840.0,0.0768579538718956,0.09745620332109474,0.09574009354039964,0.09914099183794896,-1.1666427486872242e-05,2,0.0,,120.0,1.0,fixture,5,True,2,,,
run.fixture.fixed.304,edge.market,304,fixed,845.0,0.1112245188155693,0.10193365403607872,0.09634111855208902,0.09967884053884375,0.0001494371467037556,2,0.0,,120.0,1.0,fixture,5,True,2,,,
run.fixture.fixed.304,edge.market,304,fixed,850.0,0.1199276671107398,0.10793221601690339,0.09643577796142593,0.10098989545760866,0.00047692189946507626,2,0.0,,120.0,1.0,fixture,5,True,2,,,
run.fixture.fixed.304,edge.market,304,fixed,855.0,0.1271917446640073,0.10861210116091059,0.09870915874221176,0.10101897768809943,0.0006889547742805153,2,0.0,,120.0,1.0,fixture,5,True,2,,,
run.fixture.fixed.304,edge.market,304,fixed,860.0,0.0957831998986915,0.10588535716756578,0.10033773502214677,0.101451270993647,0.0004842977342367217,2,0.0,,120.0,1.0,fixture,5,True,2,,,
run.fixture.fixed.304,edge.market,304,fixed,865.0,0.1001157244217978,0.10464414170175318,0.10149839594521065,0.10231507642945654,0.00036506006192534756,2,0.0,,120.0,1.0,fixture,5,True,2,,,
run.fixture.fixed.304,edge.market,304,fixed,870.0,0.0700817123504178,0.10016893159044558,0.10050138388529897,0.10104317348462746,1.5951502276619033e-05,2,0.0,,120.0,1.0,fixture,5,True,2,,,
run.fixture.fixed.304,edge.market,304,fixed,875.0,0.0852077975452004,0.1013617664009177,0.10091103263410812,0.10092681152894832,-0.0002434931774628484,2,0.0,,120.0,1.0,fixture,5,True,2,,,
run.fixture.fixed.304,edge.market,304,fixed,880.0,0.0875138763131732,0.09797453175771824,0.10164765902397012,0.10010090017259658,-0.0005085437638909776,2,0.0,,120.0,1.0,fixture,5,True,2,,,
run.fixture.fixed.304,edge.market,304,fixed,885.0,0.102291598030896,0.09545509331774059,0.1000983551297347,0.09993168464552714,-0.00034441424579706274,2,0.0,,120.0,1.0,fixture,5,True,2,,,
run.fixture.fixed.304,edge.market,304,fixed,890.0,0.1062842473027183,0.09246830798041358,0.09943788124132033,0.09926243930965738,-0.0001899969687701444,2,0.0,,120.0,1.0,fixture,5,True,2,,,
run.fixture.fixed.304,edge.market,304,fixed,895.0,0.1026333582076205,0.0934469020245463,0.09896319858940757,0.09896857434923848,-9.687903263172529e-05,2,0.0,,120.0,1.0,fixture,5,True,2,,,
run.fixture.fixed.304,edge.market,304,fixed,900.0,0.0838360099270382,0.09112122852529492,0.0976114929584435,0.0974685068245226,-0.00017781116471202464,2,0.0,,120.0,1.0,fixture,5,True,2,,,
