edge_id,coverage,sources,mean_speed_mps,slowdown,distinct_probes_60s,sample_age_sim_s,fixed_queue_ratio,fresh_probes,run_id,seed,policy,data_source,sim_time_s,serving_green,phase_age_s
edge.market,fresh,emulated_probe,8.866173766055894,0.11338262339441063,2,0,,2,run.fixture.fixed.100,100,fixed,fixture,0,True,0
edge.market,fresh,emulated_probe,9.052176124567108,0.09478238754328916,2,0,,2,run.fixture.fixed.100,100,fixed,fixture,5,True,5
edge.market,fresh,emulated_probe,8.778441959285995,0.12215580407140048,2,0,,2,run.fixture.fixed.100,100,fixed,fixture,10,True,10
edge.market,fresh,emulated_probe,8.818745492779918,0.1181254507220082,2,0,,2,run.fixture.fixed.100,100,fixed,fixture,15,True,15
edge.market,fresh,emulated_probe,8.581585045736626,0.1418414954263374,2,0,,2,run.fixture.fixed.100,100,fixed,fixture,20,True,20
edge.market,fresh,emulated_probe,9.070535242454042,0.0929464757545958,2,0,,2,run.fixture.fixed.100,100,fixed,fixture,25,True,25
edge.market,fresh,emulated_probe,8.94796814798197,0.10520318520180305,2,0,,2,run.fixture.fixed.100,100,fixed,fixture,30,False,0
edge.market,fresh,emulated_probe,9.045442905887567,0.09545570941124326,2,0,,2,run.fixture.fixed.100,100,fixed,fixture,35,False,5
edge.market,fresh,emulated_probe,8.943133570499295,0.10568664295007046,2,0,,2,run.fixture.fixed.100,100,fixed,fixture,40,False,10
edge.market,fresh,emulated_probe,9.365447461777961,0.06345525382220385,2,0,,2,run.fixture.fixed.100,100,fixed,fixture,45,False,15
edge.market,fresh,emulated_probe,9.204570823885504,0.0795429176114496,2,0,,2,run.fixture.fixed.100,100,fixed,fixture,50,False,20
edge.market,fresh,emulated_probe,8.896717663137636,0.11032823368623634,2,0,,2,run.fixture.fixed.100,100,fixed,fixture,55,False,25
edge.market,fresh,emulated_probe,8.861185882374333,0.11388141176256672,2,0,,2,run.fixture.fixed.100,100,fixed,fixture,60,True,0
edge.market,fresh,emulated_probe,9.016854958749652,0.09831450412503473,2,0,,2,run.fixture.fixed.100,100,fixed,fixture,65,True,5
edge.market,fresh,emulated_probe,8.993580185207637,0.10064198147923631,2,0,,2,run.fixture.fixed.100,100,fixed,fixture,70,True,10
edge.market,fresh,emulated_probe,9.099058129119253,0.0900941870880747,2,0,,2,run.fixture.fixed.100,100,fixed,fixture,75,True,15
edge.market,fresh,emulated_probe,8.92228411718102,0.10777158828189803,2,0,,2,run.fixture.fixed.100,100,fixed,fixture,80,True,20
edge.market,fresh,emulated_probe,9.024729234019969,0.09752707659800319,2,0,,2,run.fixture.fixed.100,100,fixed,fixture,85,True,25
edge.market,fresh,emulated_probe,9.11989273877946,0.08801072612205396,2,0,,2,run.fixture.fixed.100,100,fixed,fixture,90,False,0
edge.market,fresh,emulated_probe,9.167079250551465,0.08329207494485347,2,0,,2,run.fixture.fixed.100,100,fixed,fixture,95,False,5
edge.market,fresh,emulated_probe,9.089151162532385,0.09108488374676149,2,0,,2,run.fixture.fixed.100,100,fixed,fixture,100,False,10
edge.market,fresh,emulated_probe,8.689990204133842,0.13100097958661583,2,0,,2,run.fixture.fixed.100,100,fixed,fixture,105,False,15
edge.market,fresh,emulated_probe,8.852329789702802,0.1147670210297198,2,0,,2,run.fixture.fixed.100,100,fixed,fixture,110,False,20
edge.market,fresh,emulated_probe,8.617594173700049,0.13824058262999517,2,0,,2,run.fixture.fixed.100,100,fixed,fixture,115,False,25
edge.market,fresh,emulated_probe,8.840693628916345,0.11593063710836549,2,0,,2,run.fixture.fixed.100,100,fixed,fixture,120,True,0
edge.market,fresh,emulated_probe,9.16119807389362,0.08388019261063795,2,0,,2,run.fixture.fixed.100,100,fixed,fixture,125,True,5
edge.market,fresh,emulated_probe,8.97763055479113,0.10223694452088705,2,0,,2,run.fixture.fixed.100,100,fixed,fixture,130,True,10
edge.market,fresh,emulated_probe,8.744366823518924,0.1255633176481077,2,0,,2,run.fixture.fixed.100,100,fixed,fixture,135,True,15
edge.market,fresh,emulated_probe,9.157701802006436,0.0842298197993564,2,0,,2,run.fixture.fixed.100,100,fixed,fixture,140,True,20
edge.market,fresh,emulated_probe,9.39666285675835,0.0603337143241649,2,0,,2,run.fixture.fixed.100,100,fixed,fixture,145,True,25
edge.market,fresh,emulated_probe,8.804421106405691,0.1195578893594309,2,0,,2,run.fixture.fixed.100,100,fixed,fixture,150,False,0
edge.market,fresh,emulated_probe,8.958137268451463,0.10418627315485374,2,0,,2,run.fixture.fixed.100,100,fixed,fixture,155,False,5
edge.market,fresh,emulated_probe,8.926163557538187,0.1073836442461813,2,0,,2,run.fixture.fixed.100,100,fixed,fixture,160,False,10
edge.market,fresh,emulated_probe,8.857612374924022,0.11423876250759779,2,0,,2,run.fixture.fixed.100,100,fixed,fixture,165,False,15
edge.market,fresh,emulated_probe,9.161527882502606,0.08384721174973941,2,0,,2,run.fixture.fixed.100,100,fixed,fixture,170,False,20
edge.market,fresh,emulated_probe,8.940948803311965,0.10590511966880345,2,0,,2,run.fixture.fixed.100,100,fixed,fixture,175,False,25
edge.market,fresh,emulated_probe,8.989692471209548,0.10103075287904528,2,0,,2,run.fixture.fixed.100,100,fixed,fixture,180,True,0
edge.market,fresh,emulated_probe,8.9790131095187,0.10209868904813002,2,0,,2,run.fixture.fixed.100,100,fixed,fixture,185,True,5
edge.market,fresh,emulated_probe,8.890197704975625,0.11098022950243747,2,0,,2,run.fixture.fixed.100,100,fixed,fixture,190,True,10
edge.market,fresh,emulated_probe,8.85153967558525,0.11484603244147495,2,0,,2,run.fixture.fixed.100,100,fixed,fixture,195,True,15
edge.market,fresh,emulated_probe,8.59908243217195,0.14009175678280494,2,0,,2,run.fixture.fixed.100,100,fixed,fixture,200,True,20
edge.market,fresh,emulated_probe,8.265449744637968,0.1734550255362033,2,0,,2,run.fixture.fixed.100,100,fixed,fixture,205,True,25
edge.market,fresh,emulated_probe,8.353624846197048,0.16463751538029514,2,0,,2,run.fixture.fixed.100,100,fixed,fixture,210,False,0
edge.market,fresh,emulated_probe,7.884668635384911,0.21153313646150884,2,0,,2,run.fixture.fixed.100,100,fixed,fixture,215,False,5
edge.market,fresh,emulated_probe,7.962205458753615,0.2037794541246385,2,0,,2,run.fixture.fixed.100,100,fixed,fixture,220,False,10
edge.market,fresh,emulated_probe,7.652092848882056,0.2347907151117944,2,0,,2,run.fixture.fixed.100,100,fixed,fixture,225,False,15
edge.market,fresh,emulated_probe,7.581902526139142,0.24180974738608574,2,0,,2,run.fixture.fixed.100,100,fixed,fixture,230,False,20
edge.market,fresh,emulated_probe,7.237958656856797,0.2762041343143202,2,0,,2,run.fixture.fixed.100,100,fixed,fixture,235,False,25
edge.market,fresh,emulated_probe,6.924361056625368,0.30756389433746323,2,0,,2,run.fixture.fixed.100,100,fixed,fixture,240,True,0
edge.market,fresh,emulated_probe,6.9492171864957175,0.30507828135042825,2,0,,2,run.fixture.fixed.100,100,fixed,fixture,245,True,5
edge.market,fresh,emulated_probe,6.624659485770389,0.3375340514229611,2,0,,2,run.fixture.fixed.100,100,fixed,fixture,250,True,10
edge.market,fresh,emulated_probe,6.4935330094506405,0.35064669905493595,2,0,,2,run.fixture.fixed.100,100,fixed,fixture,255,True,15
edge.market,fresh,emulated_probe,6.358554332721448,0.3641445667278551,2,0,,2,run.fixture.fixed.100,100,fixed,fixture,260,True,20
edge.market,fresh,emulated_probe,6.175744620313699,0.3824255379686301,2,0,,2,run.fixture.fixed.100,100,fixed,fixture,265,True,25
edge.market,fresh,emulated_probe,6.060349437726559,0.393965056227344,2,0,,2,run.fixture.fixed.100,100,fixed,fixture,270,False,0
edge.market,fresh,emulated_probe,5.889614976174935,0.4110385023825065,2,0,,2,run.fixture.fixed.100,100,fixed,fixture,275,False,5
edge.market,fresh,emulated_probe,5.79907858578069,0.42009214142193096,2,0,,2,run.fixture.fixed.100,100,fixed,fixture,280,False,10
edge.market,fresh,emulated_probe,5.182077635520542,0.4817922364479459,2,0,,2,run.fixture.fixed.100,100,fixed,fixture,285,False,15
edge.market,fresh,emulated_probe,5.34312278473068,0.46568772152693205,2,0,,2,run.fixture.fixed.100,100,fixed,fixture,290,False,20
edge.market,fresh,emulated_probe,4.941926025891828,0.5058073974108173,2,0,,2,run.fixture.fixed.100,100,fixed,fixture,295,False,25
edge.market,fresh,emulated_probe,4.941926025891828,0.5058073974108173,2,5,,2,run.fixture.fixed.100,100,fixed,fixture,300,True,0
edge.market,fresh,emulated_probe,4.941926025891828,0.5058073974108173,2,10,,2,run.fixture.fixed.100,100,fixed,fixture,305,True,5
edge.market,fresh,emulated_probe,4.941926025891828,0.5058073974108173,2,15,,2,run.fixture.fixed.100,100,fixed,fixture,310,True,10
edge.market,stale,,,,2,20,,0,run.fixture.fixed.100,100,fixed,fixture,315,True,15
edge.market,stale,,,,2,25,,0,run.fixture.fixed.100,100,fixed,fixture,320,True,20
edge.market,stale,,,,2,30,,0,run.fixture.fixed.100,100,fixed,fixture,325,True,25
edge.market,stale,,,,2,35,,0,run.fixture.fixed.100,100,fixed,fixture,330,False,0
edge.market,stale,,,,2,40,,0,run.fixture.fixed.100,100,fixed,fixture,335,False,5
edge.market,stale,,,,2,45,,0,run.fixture.fixed.100,100,fixed,fixture,340,False,10
edge.market,stale,,,,2,50,,0,run.fixture.fixed.100,100,fixed,fixture,345,False,15
edge.market,stale,,,,2,55,,0,run.fixture.fixed.100,100,fixed,fixture,350,False,20
edge.market,fresh,emulated_probe,3.154511016362387,0.6845488983637613,2,0,,2,run.fixture.fixed.100,100,fixed,fixture,355,False,25
edge.market,fresh,emulated_probe,3.051061164417066,0.6948938835582934,2,0,,2,run.fixture.fixed.100,100,fixed,fixture,360,True,0
edge.market,fresh,emulated_probe,2.9537065893047227,0.7046293410695277,2,0,,2,run.fixture.fixed.100,100,fixed,fixture,365,True,5
edge.market,fresh,emulated_probe,2.5627721582775393,0.743722784172246,2,0,,2,run.fixture.fixed.100,100,fixed,fixture,370,True,10
edge.market,fresh,emulated_probe,2.554762342293666,0.7445237657706334,2,0,,2,run.fixture.fixed.100,100,fixed,fixture,375,True,15
edge.market,fresh,emulated_probe,2.097810438387171,0.7902189561612829,2,0,,2,run.fixture.fixed.100,100,fixed,fixture,380,True,20
edge.market,fresh,emulated_probe,1.940527113717864,0.8059472886282136,2,0,,2,run.fixture.fixed.100,100,fixed,fixture,385,True,25
edge.market,fresh,emulated_probe,1.606194932701327,0.8393805067298673,2,0,,2,run.fixture.fixed.100,100,fixed,fixture,390,False,0
edge.market,fresh,emulated_probe,1.374953879725192,0.8625046120274809,2,0,,2,run.fixture.fixed.100,100,fixed,fixture,395,False,5
edge.market,fresh,emulated_probe,1.5799509192154564,0.8420049080784544,2,0,,2,run.fixture.fixed.100,100,fixed,fixture,400,False,10
edge.market,fresh,emulated_probe,1.363548292885125,0.8636451707114875,2,0,,2,run.fixture.fixed.100,100,fixed,fixture,405,False,15
edge.market,fresh,emulated_probe,1.1014657231046632,0.8898534276895337,2,0,,2,run.fixture.fixed.100,100,fixed,fixture,410,False,20
edge.market,fresh,emulated_probe,0.7904476187287385,0.9209552381271262,2,0,,2,run.fixture.fixed.100,100,fixed,fixture,415,False,25
edge.market,fresh,emulated_probe,0.8079188185433611,0.9192081181456639,2,0,,2,run.fixture.fixed.100,100,fixed,fixture,420,True,0
edge.market,fresh,emulated_probe,1.0809635981665744,0.8919036401833426,2,0,,2,run.fixture.fixed.100,100,fixed,fixture,425,True,5
edge.market,fresh,emulated_probe,0.8815664497607872,0.9118433550239213,2,0,,2,run.fixture.fixed.100,100,fixed,fixture,430,True,10
edge.market,fresh,emulated_probe,1.0677242590001867,0.8932275740999813,2,0,,2,run.fixture.fixed.100,100,fixed,fixture,435,True,15
edge.market,fresh,emulated_probe,1.3751235685738028,0.8624876431426197,2,0,,2,run.fixture.fixed.100,100,fixed,fixture,440,True,20
edge.market,fresh,emulated_probe,0.8877014069710942,0.9112298593028906,2,0,,2,run.fixture.fixed.100,100,fixed,fixture,445,True,25
edge.market,fresh,emulated_probe,0.8790295202090842,0.9120970479790915,2,0,,2,run.fixture.fixed.100,100,fixed,fixture,450,False,0
edge.market,fresh,emulated_probe,0.7757219995594322,0.9224278000440568,2,0,,2,run.fixture.fixed.100,100,fixed,fixture,455,False,5
edge.market,fresh,emulated_probe,0.9968100417284043,0.9003189958271596,2,0,,2,run.fixture.fixed.100,100,fixed,fixture,460,False,10
edge.market,fresh,emulated_probe,1.2840420937463777,0.8715957906253622,2,0,,2,run.fixture.fixed.100,100,fixed,fixture,465,False,15
edge.market,fresh,emulated_probe,0.8315161746181904,0.916848382538181,2,0,,2,run.fixture.fixed.100,100,fixed,fixture,470,False,20
edge.market,fresh,emulated_probe,1.006678780603956,0.8993321219396044,2,0,,2,run.fixture.fixed.100,100,fixed,fixture,475,False,25
edge.market,fresh,emulated_probe,1.617822710630778,0.8382177289369221,2,0,,2,run.fixture.fixed.100,100,fixed,fixture,480,True,0
edge.market,fresh,emulated_probe,2.0631617592009306,0.7936838240799069,2,0,,2,run.fixture.fixed.100,100,fixed,fixture,485,True,5
edge.market,fresh,emulated_probe,2.703178943420157,0.7296821056579843,2,0,,2,run.fixture.fixed.100,100,fixed,fixture,490,True,10
edge.market,fresh,emulated_probe,2.8863313189801603,0.711366868101984,2,0,,2,run.fixture.fixed.100,100,fixed,fixture,495,True,15
edge.market,fresh,emulated_probe,3.0121418260366486,0.6987858173963352,2,0,,2,run.fixture.fixed.100,100,fixed,fixture,500,True,20
edge.market,fresh,emulated_probe,3.6493151658875322,0.6350684834112468,2,0,,2,run.fixture.fixed.100,100,fixed,fixture,505,True,25
edge.market,fresh,emulated_probe,3.8903059196378615,0.6109694080362138,2,0,,2,run.fixture.fixed.100,100,fixed,fixture,510,False,0
edge.market,fresh,emulated_probe,4.21340852013077,0.578659147986923,2,0,,2,run.fixture.fixed.100,100,fixed,fixture,515,False,5
edge.market,fresh,emulated_probe,4.523591556611834,0.5476408443388167,2,0,,2,run.fixture.fixed.100,100,fixed,fixture,520,False,10
edge.market,fresh,emulated_probe,4.900977438483348,0.5099022561516652,2,0,,2,run.fixture.fixed.100,100,fixed,fixture,525,False,15
edge.market,fresh,emulated_probe,5.494297913089188,0.4505702086910812,2,0,,2,run.fixture.fixed.100,100,fixed,fixture,530,False,20
edge.market,fresh,emulated_probe,6.1939575854389926,0.3806042414561007,2,0,,2,run.fixture.fixed.100,100,fixed,fixture,535,False,25
edge.market,fresh,emulated_probe,6.49884422014952,0.350115577985048,2,0,,2,run.fixture.fixed.100,100,fixed,fixture,540,True,0
edge.market,fresh,emulated_probe,6.753799305458058,0.3246200694541942,2,0,,2,run.fixture.fixed.100,100,fixed,fixture,545,True,5
edge.market,fresh,emulated_probe,7.4979996767823796,0.250200032321762,2,0,,2,run.fixture.fixed.100,100,fixed,fixture,550,True,10
edge.market,fresh,emulated_probe,7.8647583027686565,0.21352416972313437,2,0,,2,run.fixture.fixed.100,100,fixed,fixture,555,True,15
edge.market,fresh,emulated_probe,7.869349706414242,0.21306502935857574,2,0,,2,run.fixture.fixed.100,100,fixed,fixture,560,True,20
edge.market,fresh,emulated_probe,8.480316811842375,0.15196831881576256,2,0,,2,run.fixture.fixed.100,100,fixed,fixture,565,True,25
edge.market,fresh,emulated_probe,8.857626816584705,0.1142373183415295,2,0,,2,run.fixture.fixed.100,100,fixed,fixture,570,False,0
edge.market,fresh,emulated_probe,9.157499243901675,0.08425007560983244,2,0,,2,run.fixture.fixed.100,100,fixed,fixture,575,False,5
edge.market,fresh,emulated_probe,9.04173341160429,0.09582665883957109,2,0,,2,run.fixture.fixed.100,100,fixed,fixture,580,False,10
edge.market,fresh,emulated_probe,9.08146575440262,0.091853424559738,2,0,,2,run.fixture.fixed.100,100,fixed,fixture,585,False,15
edge.market,fresh,emulated_probe,9.182864082687203,0.08171359173127968,2,0,,2,run.fixture.fixed.100,100,fixed,fixture,590,False,20
edge.market,fresh,emulated_probe,8.681852256424458,0.13181477435755418,2,0,,2,run.fixture.fixed.100,100,fixed,fixture,595,False,25
edge.market,fresh,emulated_probe,8.785896521219703,0.12141034787802973,2,0,,2,run.fixture.fixed.100,100,fixed,fixture,600,True,0
edge.market,fresh,emulated_probe,9.217826251323928,0.07821737486760727,2,0,,2,run.fixture.fixed.100,100,fixed,fixture,605,True,5
edge.market,fresh,emulated_probe,9.04139305759412,0.09586069424058796,2,0,,2,run.fixture.fixed.100,100,fixed,fixture,610,True,10
edge.market,fresh,emulated_probe,9.068756996586998,0.09312430034130015,2,0,,2,run.fixture.fixed.100,100,fixed,fixture,615,True,15
edge.market,fresh,emulated_probe,9.037074911147933,0.09629250888520668,2,0,,2,run.fixture.fixed.100,100,fixed,fixture,620,True,20
edge.market,fresh,emulated_probe,9.046250977386883,0.09537490226131173,2,0,,2,run.fixture.fixed.100,100,fixed,fixture,625,True,25
edge.market,fresh,emulated_probe,9.074057128826919,0.0925942871173081,2,0,,2,run.fixture.fixed.100,100,fixed,fixture,630,False,0
edge.market,fresh,emulated_probe,8.887357801416227,0.11126421985837731,2,0,,2,run.fixture.fixed.100,100,fixed,fixture,635,False,5
edge.market,fresh,emulated_probe,9.238548276701684,0.07614517232983165,2,0,,2,run.fixture.fixed.100,100,fixed,fixture,640,False,10
edge.market,fresh,emulated_probe,9.33290159693855,0.06670984030614502,2,0,,2,run.fixture.fixed.100,100,fixed,fixture,645,False,15
edge.market,fresh,emulated_probe,9.030383530564972,0.09696164694350284,2,0,,2,run.fixture.fixed.100,100,fixed,fixture,650,False,20
edge.market,fresh,emulated_probe,9.293246852521497,0.07067531474785027,2,0,,2,run.fixture.fixed.100,100,fixed,fixture,655,False,25
edge.market,fresh,emulated_probe,8.902195092048494,0.10978049079515062,2,0,,2,run.fixture.fixed.100,100,fixed,fixture,660,True,0
edge.market,fresh,emulated_probe,8.98999191984663,0.10100080801533695,2,0,,2,run.fixture.fixed.100,100,fixed,fixture,665,True,5
edge.market,fresh,emulated_probe,9.074991387454657,0.09250086125453427,2,0,,2,run.fixture.fixed.100,100,fixed,fixture,670,True,10
edge.market,fresh,emulated_probe,8.830419158235976,0.11695808417640241,2,0,,2,run.fixture.fixed.100,100,fixed,fixture,675,True,15
edge.market,fresh,emulated_probe,9.093457174011128,0.09065428259888719,2,0,,2,run.fixture.fixed.100,100,fixed,fixture,680,True,20
edge.market,fresh,emulated_probe,9.042116012628355,0.09578839873716449,2,0,,2,run.fixture.fixed.100,100,fixed,fixture,685,True,25
edge.market,fresh,emulated_probe,9.178286459645951,0.08217135403540488,2,0,,2,run.fixture.fixed.100,100,fixed,fixture,690,False,0
edge.market,fresh,emulated_probe,9.240108904862685,0.0759891095137315,2,0,,2,run.fixture.fixed.100,100,fixed,fixture,695,False,5
edge.market,fresh,emulated_probe,9.119594471904453,0.0880405528095547,2,0,,2,run.fixture.fixed.100,100,fixed,fixture,700,False,10
edge.market,fresh,emulated_probe,8.697423397061353,0.13025766029386465,2,0,,2,run.fixture.fixed.100,100,fixed,fixture,705,False,15
edge.market,fresh,emulated_probe,8.81702824556945,0.11829717544305507,2,0,,2,run.fixture.fixed.100,100,fixed,fixture,710,False,20
edge.market,fresh,emulated_probe,9.330695956260817,0.06693040437391828,2,0,,2,run.fixture.fixed.100,100,fixed,fixture,715,False,25
edge.market,fresh,emulated_probe,9.000007150477312,0.09999928495226873,2,0,,2,run.fixture.fixed.100,100,fixed,fixture,720,True,0
edge.market,fresh,emulated_probe,9.012934544950713,0.09870654550492863,2,0,,2,run.fixture.fixed.100,100,fixed,fixture,725,True,5
edge.market,fresh,emulated_probe,9.05353238836324,0.09464676116367587,2,0,,2,run.fixture.fixed.100,100,fixed,fixture,730,True,10
edge.market,fresh,emulated_probe,9.143487851997072,0.08565121480029281,2,0,,2,run.fixture.fixed.100,100,fixed,fixture,735,True,15
edge.market,fresh,emulated_probe,9.029876859358286,0.09701231406417143,2,0,,2,run.fixture.fixed.100,100,fixed,fixture,740,True,20
edge.market,fresh,emulated_probe,9.034980291721165,0.09650197082788348,2,0,,2,run.fixture.fixed.100,100,fixed,fixture,745,True,25
edge.market,fresh,emulated_probe,8.83575810170598,0.11642418982940195,2,0,,2,run.fixture.fixed.100,100,fixed,fixture,750,False,0
edge.market,fresh,emulated_probe,9.04268043968899,0.09573195603110096,2,0,,2,run.fixture.fixed.100,100,fixed,fixture,755,False,5
edge.market,fresh,emulated_probe,9.007000126629528,0.09929998733704726,2,0,,2,run.fixture.fixed.100,100,fixed,fixture,760,False,10
edge.market,fresh,emulated_probe,8.807712147917002,0.11922878520829983,2,0,,2,run.fixture.fixed.100,100,fixed,fixture,765,False,15
edge.market,fresh,emulated_probe,9.111024324075892,0.08889756759241085,2,0,,2,run.fixture.fixed.100,100,fixed,fixture,770,False,20
edge.market,fresh,emulated_probe,9.147938059253093,0.08520619407469066,2,0,,2,run.fixture.fixed.100,100,fixed,fixture,775,False,25
edge.market,fresh,emulated_probe,9.04257227305596,0.09574277269440401,2,0,,2,run.fixture.fixed.100,100,fixed,fixture,780,True,0
edge.market,fresh,emulated_probe,8.9234635234083,0.10765364765917007,2,0,,2,run.fixture.fixed.100,100,fixed,fixture,785,True,5
edge.market,fresh,emulated_probe,9.120576566733373,0.08794234332666273,2,0,,2,run.fixture.fixed.100,100,fixed,fixture,790,True,10
edge.market,fresh,emulated_probe,9.222759276267208,0.07772407237327916,2,0,,2,run.fixture.fixed.100,100,fixed,fixture,795,True,15
edge.market,fresh,emulated_probe,9.326022073783065,0.06739779262169354,2,0,,2,run.fixture.fixed.100,100,fixed,fixture,800,True,20
edge.market,fresh,emulated_probe,8.88768387552599,0.11123161244740098,2,0,,2,run.fixture.fixed.100,100,fixed,fixture,805,True,25
edge.market,fresh,emulated_probe,9.054521558942279,0.0945478441057721,2,0,,2,run.fixture.fixed.100,100,fixed,fixture,810,False,0
edge.market,fresh,emulated_probe,9.06836487266711,0.09316351273328893,2,0,,2,run.fixture.fixed.100,100,fixed,fixture,815,False,5
edge.market,fresh,emulated_probe,8.783863323699528,0.12161366763004722,2,0,,2,run.fixture.fixed.100,100,fixed,fixture,820,False,10
edge.market,fresh,emulated_probe,9.225116904049798,0.07748830959502018,2,0,,2,run.fixture.fixed.100,100,fixed,fixture,825,False,15
edge.market,fresh,emulated_probe,8.948033367335249,0.10519666326647514,2,0,,2,run.fixture.fixed.100,100,fixed,fixture,830,False,20
edge.market,fresh,emulated_probe,9.157298490190266,0.08427015098097335,2,0,,2,run.fixture.fixed.100,100,fixed,fixture,835,False,25
edge.market,fresh,emulated_probe,9.041930883343856,0.09580691166561439,2,0,,2,run.fixture.fixed.100,100,fixed,fixture,840,True,0
edge.market,fresh,emulated_probe,8.907438019052695,0.10925619809473053,2,0,,2,run.fixture.fixed.100,100,fixed,fixture,845,True,5
edge.market,fresh,emulated_probe,8.880568370771563,0.11194316292284368,2,0,,2,run.fixture.fixed.100,100,fixed,fixture,850,True,10
edge.market,fresh,emulated_probe,9.268966845612066,0.07310331543879334,2,0,,2,run.fixture.fixed.100,100,fixed,fixture,855,True,15
edge.market,fresh,emulated_probe,9.171949066969857,0.08280509330301433,2,0,,2,run.fixture.fixed.100,100,fixed,fixture,860,True,20
edge.market,fresh,emulated_probe,9.144474502145457,0.08555254978545435,2,0,,2,run.fixture.fixed.100,100,fixed,fixture,865,True,25
edge.market,fresh,emulated_probe,9.111489398202036,0.08885106017979649,2,0,,2,run.fixture.fixed.100,100,fixed,fixture,870,False,0
edge.market,fresh,emulated_probe,8.926674216888177,0.10733257831118226,2,0,,2,run.fixture.fixed.100,100,fixed,fixture,875,False,5
edge.market,fresh,emulated_probe,8.908407199402196,0.10915928005978037,2,0,,2,run.fixture.fixed.100,100,fixed,fixture,880,False,10
edge.market,fresh,emulated_probe,8.944069106011312,0.1055930893988688,2,0,,2,run.fixture.fixed.100,100,fixed,fixture,885,False,15
edge.market,fresh,emulated_probe,8.657263347373053,0.13427366526269469,2,0,,2,run.fixture.fixed.100,100,fixed,fixture,890,False,20
edge.market,fresh,emulated_probe,8.92184982597746,0.10781501740225397,2,0,,2,run.fixture.fixed.100,100,fixed,fixture,895,False,25
edge.market,fresh,emulated_probe,8.922317149704352,0.10776828502956481,2,0,,2,run.fixture.fixed.100,100,fixed,fixture,900,True,0
edge.market,fresh,emulated_probe,9.178915466863389,0.08210845331366112,2,0,,2,run.fixture.fixed.101,101,fixed,fixture,0,True,0
edge.market,fresh,emulated_probe,8.945674033748293,0.10543259662517068,2,0,,2,run.fixture.fixed.101,101,fixed,fixture,5,True,5
edge.market,fresh,emulated_probe,8.740285541947102,0.12597144580528974,2,0,,2,run.fixture.fixed.101,101,fixed,fixture,10,True,10
edge.market,fresh,emulated_probe,8.778945392391016,0.12210546076089845,2,0,,2,run.fixture.fixed.101,101,fixed,fixture,15,True,15
edge.market,fresh,emulated_probe,9.021977258155864,0.09780227418441356,2,0,,2,run.fixture.fixed.101,101,fixed,fixture,20,True,20
edge.market,fresh,emulated_probe,9.085555760500164,0.09144442394998364,2,0,,2,run.fixture.fixed.101,101,fixed,fixture,25,True,25
edge.market,fresh,emulated_probe,9.096173206712848,0.09038267932871524,2,0,,2,run.fixture.fixed.101,101,fixed,fixture,30,False,0
edge.market,fresh,emulated_probe,9.229857199105933,0.0770142800894067,2,0,,2,run.fixture.fixed.101,101,fixed,fixture,35,False,5
edge.market,fresh,emulated_probe,8.837084032623839,0.11629159673761613,2,0,,2,run.fixture.fixed.101,101,fixed,fixture,40,False,10
edge.market,fresh,emulated_probe,9.162332132345721,0.08376678676542793,2,0,,2,run.fixture.fixed.101,101,fixed,fixture,45,False,15
edge.market,fresh,emulated_probe,8.86910719598108,0.11308928040189203,2,0,,2,run.fixture.fixed.101,101,fixed,fixture,50,False,20
edge.market,fresh,emulated_probe,9.176485996858847,0.08235140031411525,2,0,,2,run.fixture.fixed.101,101,fixed,fixture,55,False,25
edge.market,fresh,emulated_probe,8.876656646345108,0.1123343353654892,2,0,,2,run.fixture.fixed.101,101,fixed,fixture,60,True,0
edge.market,fresh,emulated_probe,8.646210065082723,0.13537899349172766,2,0,,2,run.fixture.fixed.101,101,fixed,fixture,65,True,5
edge.market,fresh,emulated_probe,9.119229237635633,0.08807707623643668,2,0,,2,run.fixture.fixed.101,101,fixed,fixture,70,True,10
edge.market,fresh,emulated_probe,9.31667149465704,0.06833285053429594,2,0,,2,run.fixture.fixed.101,101,fixed,fixture,75,True,15
edge.market,fresh,emulated_probe,9.061540143034117,0.09384598569658831,2,0,,2,run.fixture.fixed.101,101,fixed,fixture,80,True,20
edge.market,fresh,emulated_probe,8.805825884772695,0.11941741152273055,2,0,,2,run.fixture.fixed.101,101,fixed,fixture,85,True,25
edge.market,fresh,emulated_probe,8.860590562448035,0.11394094375519648,2,0,,2,run.fixture.fixed.101,101,fixed,fixture,90,False,0
edge.market,fresh,emulated_probe,9.133789888386422,0.08662101116135779,2,0,,2,run.fixture.fixed.101,101,fixed,fixture,95,False,5
edge.market,fresh,emulated_probe,8.510635239303056,0.1489364760696944,2,0,,2,run.fixture.fixed.101,101,fixed,fixture,100,False,10
edge.market,fresh,emulated_probe,8.903044245210594,0.1096955754789406,2,0,,2,run.fixture.fixed.101,101,fixed,fixture,105,False,15
edge.market,fresh,emulated_probe,9.419266560996647,0.05807334390033536,2,0,,2,run.fixture.fixed.101,101,fixed,fixture,110,False,20
edge.market,fresh,emulated_probe,9.0214154684753,0.09785845315246999,2,0,,2,run.fixture.fixed.101,101,fixed,fixture,115,False,25
edge.market,fresh,emulated_probe,8.705160959337466,0.12948390406625343,2,0,,2,run.fixture.fixed.101,101,fixed,fixture,120,True,0
edge.market,fresh,emulated_probe,8.667080304423624,0.13329196955763756,2,0,,2,run.fixture.fixed.101,101,fixed,fixture,125,True,5
edge.market,fresh,emulated_probe,9.001055063422527,0.09989449365774727,2,0,,2,run.fixture.fixed.101,101,fixed,fixture,130,True,10
edge.market,fresh,emulated_probe,9.186780800436086,0.08132191995639138,2,0,,2,run.fixture.fixed.101,101,fixed,fixture,135,True,15
edge.market,fresh,emulated_probe,8.896378604158176,0.1103621395841824,2,0,,2,run.fixture.fixed.101,101,fixed,fixture,140,True,20
edge.market,fresh,emulated_probe,9.15197297538787,0.08480270246121291,2,0,,2,run.fixture.fixed.101,101,fixed,fixture,145,True,25
edge.market,fresh,emulated_probe,8.779611063355878,0.12203889366441223,2,0,,2,run.fixture.fixed.101,101,fixed,fixture,150,False,0
edge.market,fresh,emulated_probe,8.954341604547992,0.10456583954520082,2,0,,2,run.fixture.fixed.101,101,fixed,fixture,155,False,5
edge.market,fresh,emulated_probe,9.029586536091742,0.09704134639082584,2,0,,2,run.fixture.fixed.101,101,fixed,fixture,160,False,10
edge.market,fresh,emulated_probe,8.830197609078065,0.11698023909219357,2,0,,2,run.fixture.fixed.101,101,fixed,fixture,165,False,15
edge.market,fresh,emulated_probe,8.60510767509848,0.139489232490152,2,0,,2,run.fixture.fixed.101,101,fixed,fixture,170,False,20
edge.market,fresh,emulated_probe,8.3609307778491,0.16390692221508996,2,0,,2,run.fixture.fixed.101,101,fixed,fixture,175,False,25
edge.market,fresh,emulated_probe,8.105474463625175,0.18945255363748248,2,0,,2,run.fixture.fixed.101,101,fixed,fixture,180,True,0
edge.market,fresh,emulated_probe,8.370444334279252,0.16295556657207477,2,0,,2,run.fixture.fixed.101,101,fixed,fixture,185,True,5
edge.market,fresh,emulated_probe,8.090746582614939,0.19092534173850617,2,0,,2,run.fixture.fixed.101,101,fixed,fixture,190,True,10
edge.market,fresh,emulated_probe,7.740721886478953,0.2259278113521047,2,0,,2,run.fixture.fixed.101,101,fixed,fixture,195,True,15
edge.market,fresh,emulated_probe,7.4923626225813535,0.25076373774186467,2,0,,2,run.fixture.fixed.101,101,fixed,fixture,200,True,20
edge.market,fresh,emulated_probe,7.197381289134659,0.2802618710865341,2,0,,2,run.fixture.fixed.101,101,fixed,fixture,205,True,25
edge.market,fresh,emulated_probe,7.805591876067028,0.21944081239329716,2,0,,2,run.fixture.fixed.101,101,fixed,fixture,210,False,0
edge.market,fresh,emulated_probe,6.633835960612441,0.3366164039387559,2,0,,2,run.fixture.fixed.101,101,fixed,fixture,215,False,5
edge.market,fresh,emulated_probe,6.929768758425802,0.3070231241574197,2,0,,2,run.fixture.fixed.101,101,fixed,fixture,220,False,10
edge.market,fresh,emulated_probe,6.760770170198874,0.3239229829801127,2,0,,2,run.fixture.fixed.101,101,fixed,fixture,225,False,15
edge.market,fresh,emulated_probe,6.86046226101014,0.31395377389898604,2,0,,2,run.fixture.fixed.101,101,fixed,fixture,230,False,20
edge.market,fresh,emulated_probe,6.275266575946858,0.37247334240531416,2,0,,2,run.fixture.fixed.101,101,fixed,fixture,235,False,25
edge.market,fresh,emulated_probe,6.0294283874969645,0.39705716125030355,2,0,,2,run.fixture.fixed.101,101,fixed,fixture,240,True,0
edge.market,fresh,emulated_probe,6.2592799770414675,0.37407200229585325,2,0,,2,run.fixture.fixed.101,101,fixed,fixture,245,True,5
edge.market,fresh,emulated_probe,5.824152119352735,0.41758478806472654,2,0,,2,run.fixture.fixed.101,101,fixed,fixture,250,True,10
edge.market,fresh,emulated_probe,5.398134064503532,0.46018659354964675,2,0,,2,run.fixture.fixed.101,101,fixed,fixture,255,True,15
edge.market,fresh,emulated_probe,5.426066315727691,0.4573933684272309,2,0,,2,run.fixture.fixed.101,101,fixed,fixture,260,True,20
edge.market,fresh,emulated_probe,5.288212222958336,0.4711787777041664,2,0,,2,run.fixture.fixed.101,101,fixed,fixture,265,True,25
edge.market,fresh,emulated_probe,5.1844895376760345,0.48155104623239653,2,0,,2,run.fixture.fixed.101,101,fixed,fixture,270,False,0
edge.market,fresh,emulated_probe,4.744171012228311,0.5255828987771689,2,0,,2,run.fixture.fixed.101,101,fixed,fixture,275,False,5
edge.market,fresh,emulated_probe,4.607798747917091,0.5392201252082909,2,0,,2,run.fixture.fixed.101,101,fixed,fixture,280,False,10
edge.market,fresh,emulated_probe,4.474919004573476,0.5525080995426525,2,0,,2,run.fixture.fixed.101,101,fixed,fixture,285,False,15
edge.market,fresh,emulated_probe,4.899189698906735,0.5100810301093265,2,0,,2,run.fixture.fixed.101,101,fixed,fixture,290,False,20
edge.market,fresh,emulated_probe,4.143140858903433,0.5856859141096568,2,0,,2,run.fixture.fixed.101,101,fixed,fixture,295,False,25
edge.market,fresh,emulated_probe,3.999144658202871,0.6000855341797129,2,0,,2,run.fixture.fixed.101,101,fixed,fixture,300,True,0
edge.market,fresh,emulated_probe,3.9313559782264846,0.6068644021773515,2,0,,2,run.fixture.fixed.101,101,fixed,fixture,305,True,5
edge.market,fresh,emulated_probe,3.766876276706269,0.6233123723293731,2,0,,2,run.fixture.fixed.101,101,fixed,fixture,310,True,10
edge.market,fresh,emulated_probe,3.266574092040613,0.6733425907959387,2,0,,2,run.fixture.fixed.101,101,fixed,fixture,315,True,15
edge.market,fresh,emulated_probe,3.4649015902074973,0.6535098409792502,2,0,,2,run.fixture.fixed.101,101,fixed,fixture,320,True,20
edge.market,fresh,emulated_probe,3.2559287765621425,0.6744071223437857,2,0,,2,run.fixture.fixed.101,101,fixed,fixture,325,True,25
edge.market,fresh,emulated_probe,2.8228150828585674,0.7177184917141433,2,0,,2,run.fixture.fixed.101,101,fixed,fixture,330,False,0
edge.market,fresh,emulated_probe,3.0066625831419485,0.6993337416858052,2,0,,2,run.fixture.fixed.101,101,fixed,fixture,335,False,5
edge.market,fresh,emulated_probe,2.407733615401322,0.7592266384598678,2,0,,2,run.fixture.fixed.101,101,fixed,fixture,340,False,10
edge.market,fresh,emulated_probe,2.469150624712619,0.7530849375287381,2,0,,2,run.fixture.fixed.101,101,fixed,fixture,345,False,15
edge.market,fresh,emulated_probe,2.2746616753797704,0.772533832462023,2,0,,2,run.fixture.fixed.101,101,fixed,fixture,350,False,20
edge.market,fresh,emulated_probe,2.1853654783785394,0.7814634521621461,2,0,,2,run.fixture.fixed.101,101,fixed,fixture,355,False,25
edge.market,fresh,emulated_probe,2.0326586754130003,0.7967341324587,2,0,,2,run.fixture.fixed.101,101,fixed,fixture,360,True,0
edge.market,fresh,emulated_probe,1.5714411649405935,0.8428558835059407,2,0,,2,run.fixture.fixed.101,101,fixed,fixture,365,True,5
edge.market,fresh,emulated_probe,1.6656799278284233,0.8334320072171577,2,0,,2,run.fixture.fixed.101,101,fixed,fixture,370,True,10
edge.market,fresh,emulated_probe,1.5746641864308781,0.8425335813569121,2,0,,2,run.fixture.fixed.101,101,fixed,fixture,375,True,15
edge.market,fresh,emulated_probe,1.5036079848319295,0.849639201516807,2,0,,2,run.fixture.fixed.101,101,fixed,fixture,380,True,20
edge.market,fresh,emulated_probe,1.1992204455793183,0.8800779554420681,2,0,,2,run.fixture.fixed.101,101,fixed,fixture,385,True,25
edge.market,fresh,emulated_probe,0.667268913129736,0.9332731086870264,2,0,,2,run.fixture.fixed.101,101,fixed,fixture,390,False,0
edge.market,fresh,emulated_probe,1.1754265503697159,0.8824573449630284,2,0,,2,run.fixture.fixed.101,101,fixed,fixture,395,False,5
edge.market,fresh,emulated_probe,0.9870728358645403,0.901292716413546,2,0,,2,run.fixture.fixed.101,101,fixed,fixture,400,False,10
edge.market,fresh,emulated_probe,1.0390425672927535,0.8960957432707246,2,0,,2,run.fixture.fixed.101,101,fixed,fixture,405,False,15
edge.market,fresh,emulated_probe,1.2436191470986002,0.87563808529014,2,0,,2,run.fixture.fixed.101,101,fixed,fixture,410,False,20
edge.market,fresh,emulated_probe,1.220972855917633,0.8779027144082368,2,0,,2,run.fixture.fixed.101,101,fixed,fixture,415,False,25
edge.market,fresh,emulated_probe,1.0150453328483433,0.8984954667151657,2,0,,2,run.fixture.fixed.101,101,fixed,fixture,420,True,0
edge.market,fresh,emulated_probe,1.1411854110628783,0.8858814588937122,2,0,,2,run.fixture.fixed.101,101,fixed,fixture,425,True,5
edge.market,fresh,emulated_probe,0.8359394841065426,0.9164060515893457,2,0,,2,run.fixture.fixed.101,101,fixed,fixture,430,True,10
edge.market,fresh,emulated_probe,0.7107262850557328,0.9289273714944267,2,0,,2,run.fixture.fixed.101,101,fixed,fixture,435,True,15
edge.market,fresh,emulated_probe,1.2567654574560405,0.874323454254396,2,0,,2,run.fixture.fixed.101,101,fixed,fixture,440,True,20
edge.market,fresh,emulated_probe,1.2108519306349819,0.8789148069365018,2,0,,2,run.fixture.fixed.101,101,fixed,fixture,445,True,25
edge.market,fresh,emulated_probe,0.9061300065688394,0.9093869993431161,2,0,,2,run.fixture.fixed.101,101,fixed,fixture,450,False,0
edge.market,fresh,emulated_probe,0.9606596287406477,0.9039340371259352,2,0,,2,run.fixture.fixed.101,101,fixed,fixture,455,False,5
edge.market,fresh,emulated_probe,1.437226190334881,0.8562773809665118,2,0,,2,run.fixture.fixed.101,101,fixed,fixture,460,False,10
edge.market,fresh,emulated_probe,1.8661065482689128,0.8133893451731087,2,0,,2,run.fixture.fixed.101,101,fixed,fixture,465,False,15
edge.market,fresh,emulated_probe,2.6203115947254094,0.737968840527459,2,0,,2,run.fixture.fixed.101,101,fixed,fixture,470,False,20
edge.market,fresh,emulated_probe,2.8727178260861446,0.7127282173913856,2,0,,2,run.fixture.fixed.101,101,fixed,fixture,475,False,25
edge.market,fresh,emulated_probe,3.1525478779050746,0.6847452122094926,2,0,,2,run.fixture.fixed.101,101,fixed,fixture,480,True,0
edge.market,fresh,emulated_probe,3.7171760325849728,0.6282823967415028,2,0,,2,run.fixture.fixed.101,101,fixed,fixture,485,True,5
edge.market,fresh,emulated_probe,3.9908925048722486,0.6009107495127751,2,0,,2,run.fixture.fixed.101,101,fixed,fixture,490,True,10
edge.market,fresh,emulated_probe,4.195957932582166,0.5804042067417834,2,0,,2,run.fixture.fixed.101,101,fixed,fixture,495,True,15
edge.market,fresh,emulated_probe,4.824812191187016,0.5175187808812984,2,0,,2,run.fixture.fixed.101,101,fixed,fixture,500,True,20
edge.market,fresh,emulated_probe,5.146355949541764,0.48536440504582357,2,0,,2,run.fixture.fixed.101,101,fixed,fixture,505,True,25
edge.market,fresh,emulated_probe,5.714952471843761,0.42850475281562395,2,0,,2,run.fixture.fixed.101,101,fixed,fixture,510,False,0
edge.market,fresh,emulated_probe,6.117469191824231,0.3882530808175769,2,0,,2,run.fixture.fixed.101,101,fixed,fixture,515,False,5
edge.market,fresh,emulated_probe,6.261280182841455,0.37387198171585445,2,0,,2,run.fixture.fixed.101,101,fixed,fixture,520,False,10
edge.market,fresh,emulated_probe,6.490097361182979,0.35099026388170207,2,0,,2,run.fixture.fixed.101,101,fixed,fixture,525,False,15
edge.market,fresh,emulated_probe,7.04317107569328,0.29568289243067203,2,0,,2,run.fixture.fixed.101,101,fixed,fixture,530,False,20
edge.market,fresh,emulated_probe,7.735678175108702,0.22643218248912977,2,0,,2,run.fixture.fixed.101,101,fixed,fixture,535,False,25
edge.market,fresh,emulated_probe,8.190314753523472,0.18096852464765278,2,0,,2,run.fixture.fixed.101,101,fixed,fixture,540,True,0
edge.market,fresh,emulated_probe,8.113751137897417,0.1886248862102583,2,0,,2,run.fixture.fixed.101,101,fixed,fixture,545,True,5
edge.market,fresh,emulated_probe,8.844416295171499,0.11555837048285011,2,0,,2,run.fixture.fixed.101,101,fixed,fixture,550,True,10
edge.market,fresh,emulated_probe,9.020299225658196,0.0979700774341804,2,0,,2,run.fixture.fixed.101,101,fixed,fixture,555,True,15
edge.market,fresh,emulated_probe,9.118316921149752,0.08816830788502483,2,0,,2,run.fixture.fixed.101,101,fixed,fixture,560,True,20
edge.market,fresh,emulated_probe,9.34894514910162,0.06510548508983793,2,0,,2,run.fixture.fixed.101,101,fixed,fixture,565,True,25
edge.market,fresh,emulated_probe,9.080571035698528,0.09194289643014719,2,0,,2,run.fixture.fixed.101,101,fixed,fixture,570,False,0
edge.market,fresh,emulated_probe,9.107863996067607,0.08921360039323933,2,0,,2,run.fixture.fixed.101,101,fixed,fixture,575,False,5
edge.market,fresh,emulated_probe,9.01612198050031,0.09838780194996899,2,0,,2,run.fixture.fixed.101,101,fixed,fixture,580,False,10
edge.market,fresh,emulated_probe,8.71595961395629,0.128404038604371,2,0,,2,run.fixture.fixed.101,101,fixed,fixture,585,False,15
edge.market,fresh,emulated_probe,9.013497185014852,0.09865028149851474,2,0,,2,run.fixture.fixed.101,101,fixed,fixture,590,False,20
edge.market,fresh,emulated_probe,8.911580450835322,0.10884195491646786,2,0,,2,run.fixture.fixed.101,101,fixed,fixture,595,False,25
edge.market,fresh,emulated_probe,8.89732237886087,0.11026776211391298,2,0,,2,run.fixture.fixed.101,101,fixed,fixture,600,True,0
edge.market,fresh,emulated_probe,9.30419803207232,0.06958019679276806,2,0,,2,run.fixture.fixed.101,101,fixed,fixture,605,True,5
edge.market,fresh,emulated_probe,8.982753928493192,0.10172460715068077,2,0,,2,run.fixture.fixed.101,101,fixed,fixture,610,True,10
edge.market,fresh,emulated_probe,8.821448070434162,0.11785519295658387,2,0,,2,run.fixture.fixed.101,101,fixed,fixture,615,True,15
edge.market,fresh,emulated_probe,8.970403464418713,0.10295965355812875,2,0,,2,run.fixture.fixed.101,101,fixed,fixture,620,True,20
edge.market,fresh,emulated_probe,9.06656944957259,0.09334305504274099,2,0,,2,run.fixture.fixed.101,101,fixed,fixture,625,True,25
edge.market,fresh,emulated_probe,9.254795318875322,0.07452046811246782,2,0,,2,run.fixture.fixed.101,101,fixed,fixture,630,False,0
edge.market,fresh,emulated_probe,9.294585789335862,0.07054142106641381,2,0,,2,run.fixture.fixed.101,101,fixed,fixture,635,False,5
edge.market,fresh,emulated_probe,9.17720812344893,0.082279187655107,2,0,,2,run.fixture.fixed.101,101,fixed,fixture,640,False,10
edge.market,fresh,emulated_probe,9.112702223295418,0.0887297776704582,2,0,,2,run.fixture.fixed.101,101,fixed,fixture,645,False,15
edge.market,fresh,emulated_probe,9.020733139678484,0.0979266860321516,2,0,,2,run.fixture.fixed.101,101,fixed,fixture,650,False,20
edge.market,fresh,emulated_probe,8.880896077039683,0.11191039229603172,2,0,,2,run.fixture.fixed.101,101,fixed,fixture,655,False,25
edge.market,fresh,emulated_probe,9.027223029819831,0.09727769701801692,2,0,,2,run.fixture.fixed.101,101,fixed,fixture,660,True,0
edge.market,fresh,emulated_probe,9.361258252515992,0.06387417474840085,2,0,,2,run.fixture.fixed.101,101,fixed,fixture,665,True,5
edge.market,fresh,emulated_probe,8.755908135843773,0.12440918641562271,2,0,,2,run.fixture.fixed.101,101,fixed,fixture,670,True,10
edge.market,fresh,emulated_probe,8.854272633940642,0.11457273660593581,2,0,,2,run.fixture.fixed.101,101,fixed,fixture,675,True,15
edge.market,fresh,emulated_probe,9.05367450244616,0.09463254975538393,2,0,,2,run.fixture.fixed.101,101,fixed,fixture,680,True,20
edge.market,fresh,emulated_probe,9.259823977806521,0.07401760221934794,2,0,,2,run.fixture.fixed.101,101,fixed,fixture,685,True,25
edge.market,fresh,emulated_probe,8.906261743812568,0.1093738256187432,2,0,,2,run.fixture.fixed.101,101,fixed,fixture,690,False,0
edge.market,fresh,emulated_probe,9.053541797203884,0.09464582027961155,2,0,,2,run.fixture.fixed.101,101,fixed,fixture,695,False,5
edge.market,fresh,emulated_probe,9.361758320096179,0.06382416799038215,2,0,,2,run.fixture.fixed.101,101,fixed,fixture,700,False,10
edge.market,fresh,emulated_probe,8.708481078951053,0.12915189210489475,2,0,,2,run.fixture.fixed.101,101,fixed,fixture,705,False,15
edge.market,fresh,emulated_probe,8.912500448521087,0.10874995514789132,2,0,,2,run.fixture.fixed.101,101,fixed,fixture,710,False,20
edge.market,fresh,emulated_probe,9.112375817993192,0.08876241820068087,2,0,,2,run.fixture.fixed.101,101,fixed,fixture,715,False,25
edge.market,fresh,emulated_probe,8.968677755705833,0.10313222442941661,2,0,,2,run.fixture.fixed.101,101,fixed,fixture,720,True,0
edge.market,fresh,emulated_probe,9.014887340860831,0.0985112659139169,2,0,,2,run.fixture.fixed.101,101,fixed,fixture,725,True,5
edge.market,fresh,emulated_probe,8.847149576675326,0.11528504233246739,2,0,,2,run.fixture.fixed.101,101,fixed,fixture,730,True,10
edge.market,fresh,emulated_probe,9.104105400663101,0.08958945993368983,2,0,,2,run.fixture.fixed.101,101,fixed,fixture,735,True,15
edge.market,fresh,emulated_probe,8.861295178570494,0.11387048214295059,2,0,,2,run.fixture.fixed.101,101,fixed,fixture,740,True,20
edge.market,fresh,emulated_probe,8.918209427436178,0.10817905725638222,2,0,,2,run.fixture.fixed.101,101,fixed,fixture,745,True,25
edge.market,fresh,emulated_probe,8.904422026625403,0.10955779733745974,2,0,,2,run.fixture.fixed.101,101,fixed,fixture,750,False,0
edge.market,fresh,emulated_probe,9.23957748102541,0.07604225189745895,2,0,,2,run.fixture.fixed.101,101,fixed,fixture,755,False,5
edge.market,fresh,emulated_probe,9.10684140327307,0.08931585967269307,2,0,,2,run.fixture.fixed.101,101,fixed,fixture,760,False,10
edge.market,fresh,emulated_probe,9.184687029593169,0.08153129704068307,2,0,,2,run.fixture.fixed.101,101,fixed,fixture,765,False,15
edge.market,fresh,emulated_probe,8.697581928248347,0.13024180717516531,2,0,,2,run.fixture.fixed.101,101,fixed,fixture,770,False,20
edge.market,fresh,emulated_probe,9.175943457617237,0.08240565423827628,2,0,,2,run.fixture.fixed.101,101,fixed,fixture,775,False,25
edge.market,fresh,emulated_probe,8.661286381033925,0.13387136189660753,2,0,,2,run.fixture.fixed.101,101,fixed,fixture,780,True,0
edge.market,fresh,emulated_probe,9.22589515340831,0.077410484659169,2,0,,2,run.fixture.fixed.101,101,fixed,fixture,785,True,5
edge.market,fresh,emulated_probe,8.90519830084424,0.10948016991557596,2,0,,2,run.fixture.fixed.101,101,fixed,fixture,790,True,10
edge.market,fresh,emulated_probe,8.99694500763278,0.10030549923672205,2,0,,2,run.fixture.fixed.101,101,fixed,fixture,795,True,15
edge.market,fresh,emulated_probe,9.295499852993444,0.0704500147006556,2,0,,2,run.fixture.fixed.101,101,fixed,fixture,800,True,20
edge.market,fresh,emulated_probe,8.957748790139634,0.10422512098603653,2,0,,2,run.fixture.fixed.101,101,fixed,fixture,805,True,25
edge.market,fresh,emulated_probe,9.057865797820511,0.09421342021794887,2,0,,2,run.fixture.fixed.101,101,fixed,fixture,810,False,0
edge.market,fresh,emulated_probe,8.844066372456712,0.11559336275432874,2,0,,2,run.fixture.fixed.101,101,fixed,fixture,815,False,5
edge.market,fresh,emulated_probe,8.828151332010094,0.11718486679899054,2,0,,2,run.fixture.fixed.101,101,fixed,fixture,820,False,10
edge.market,fresh,emulated_probe,9.056059241866794,0.0943940758133206,2,0,,2,run.fixture.fixed.101,101,fixed,fixture,825,False,15
edge.market,fresh,emulated_probe,8.961889002973734,0.10381109970262659,2,0,,2,run.fixture.fixed.101,101,fixed,fixture,830,False,20
edge.market,fresh,emulated_probe,8.774061044869864,0.12259389551301358,2,0,,2,run.fixture.fixed.101,101,fixed,fixture,835,False,25
edge.market,fresh,emulated_probe,8.811930329647684,0.11880696703523164,2,0,,2,run.fixture.fixed.101,101,fixed,fixture,840,True,0
edge.market,fresh,emulated_probe,8.957505823836211,0.10424941761637885,2,0,,2,run.fixture.fixed.101,101,fixed,fixture,845,True,5
edge.market,fresh,emulated_probe,9.332076768109074,0.06679232318909256,2,0,,2,run.fixture.fixed.101,101,fixed,fixture,850,True,10
edge.market,fresh,emulated_probe,8.940582523978167,0.10594174760218333,2,0,,2,run.fixture.fixed.101,101,fixed,fixture,855,True,15
edge.market,fresh,emulated_probe,9.095848258322992,0.09041517416770084,2,0,,2,run.fixture.fixed.101,101,fixed,fixture,860,True,20
edge.market,fresh,emulated_probe,8.988425778860421,0.10115742211395795,2,0,,2,run.fixture.fixed.101,101,fixed,fixture,865,True,25
edge.market,fresh,emulated_probe,9.05648551502479,0.09435144849752108,2,0,,2,run.fixture.fixed.101,101,fixed,fixture,870,False,0
edge.market,fresh,emulated_probe,8.716457214446436,0.12835427855535642,2,0,,2,run.fixture.fixed.101,101,fixed,fixture,875,False,5
edge.market,fresh,emulated_probe,9.137118904499246,0.08628810955007538,2,0,,2,run.fixture.fixed.101,101,fixed,fixture,880,False,10
edge.market,fresh,emulated_probe,8.974501997452979,0.10254980025470206,2,0,,2,run.fixture.fixed.101,101,fixed,fixture,885,False,15
edge.market,fresh,emulated_probe,9.115332458786558,0.0884667541213442,2,0,,2,run.fixture.fixed.101,101,fixed,fixture,890,False,20
edge.market,fresh,emulated_probe,8.924255022880917,0.1075744977119083,2,0,,2,run.fixture.fixed.101,101,fixed,fixture,895,False,25
edge.market,fresh,emulated_probe,8.950615983416451,0.10493840165835489,2,0,,2,run.fixture.fixed.101,101,fixed,fixture,900,True,0
edge.market,fresh,emulated_probe,8.610016760293954,0.13899832397060463,2,0,,2,run.fixture.fixed.102,102,fixed,fixture,0,True,0
edge.market,fresh,emulated_probe,9.209238443800034,0.07907615561999659,2,0,,2,run.fixture.fixed.102,102,fixed,fixture,5,True,5
edge.market,fresh,emulated_probe,8.897839420967447,0.11021605790325528,2,0,,2,run.fixture.fixed.102,102,fixed,fixture,10,True,10
edge.market,fresh,emulated_probe,9.093718298536146,0.09062817014638536,2,0,,2,run.fixture.fixed.102,102,fixed,fixture,15,True,15
edge.market,fresh,emulated_probe,8.500262154176093,0.14997378458239063,2,0,,2,run.fixture.fixed.102,102,fixed,fixture,20,True,20
edge.market,fresh,emulated_probe,9.21802094094416,0.07819790590558406,2,0,,2,run.fixture.fixed.102,102,fixed,fixture,25,True,25
edge.market,fresh,emulated_probe,9.121576323758001,0.08784236762419995,2,0,,2,run.fixture.fixed.102,102,fixed,fixture,30,False,0
edge.market,fresh,emulated_probe,8.93631453110714,0.10636854688928599,2,0,,2,run.fixture.fixed.102,102,fixed,fixture,35,False,5
edge.market,fresh,emulated_probe,9.016502092638222,0.09834979073617789,2,0,,2,run.fixture.fixed.102,102,fixed,fixture,40,False,10
edge.market,fresh,emulated_probe,8.872740670391792,0.11272593296082078,2,0,,2,run.fixture.fixed.102,102,fixed,fixture,45,False,15
edge.market,fresh,emulated_probe,9.128630878130785,0.08713691218692143,2,0,,2,run.fixture.fixed.102,102,fixed,fixture,50,False,20
edge.market,fresh,emulated_probe,8.566250067964262,0.14337499320357383,2,0,,2,run.fixture.fixed.102,102,fixed,fixture,55,False,25
edge.market,fresh,emulated_probe,8.912031146468305,0.10879688535316956,2,0,,2,run.fixture.fixed.102,102,fixed,fixture,60,True,0
edge.market,fresh,emulated_probe,9.280434637731517,0.07195653622684828,2,0,,2,run.fixture.fixed.102,102,fixed,fixture,65,True,5
edge.market,fresh,emulated_probe,9.143214317362595,0.08567856826374043,2,0,,2,run.fixture.fixed.102,102,fixed,fixture,70,True,10
edge.market,fresh,emulated_probe,8.572449502278314,0.14275504977216857,2,0,,2,run.fixture.fixed.102,102,fixed,fixture,75,True,15
edge.market,fresh,emulated_probe,8.89535819144783,0.11046418085521703,2,0,,2,run.fixture.fixed.102,102,fixed,fixture,80,True,20
edge.market,fresh,emulated_probe,9.037844499398357,0.09621555006016425,2,0,,2,run.fixture.fixed.102,102,fixed,fixture,85,True,25
edge.market,fresh,emulated_probe,8.953372817703613,0.10466271822963868,2,0,,2,run.fixture.fixed.102,102,fixed,fixture,90,False,0
edge.market,fresh,emulated_probe,9.293446209724273,0.07065537902757268,2,0,,2,run.fixture.fixed.102,102,fixed,fixture,95,False,5
edge.market,fresh,emulated_probe,9.025932034352131,0.0974067965647869,2,0,,2,run.fixture.fixed.102,102,fixed,fixture,100,False,10
edge.market,fresh,emulated_probe,8.830407889091644,0.11695921109083562,2,0,,2,run.fixture.fixed.102,102,fixed,fixture,105,False,15
edge.market,fresh,emulated_probe,9.154366140812842,0.08456338591871582,2,0,,2,run.fixture.fixed.102,102,fixed,fixture,110,False,20
edge.market,fresh,emulated_probe,9.215251174276563,0.0784748825723437,2,0,,2,run.fixture.fixed.102,102,fixed,fixture,115,False,25
edge.market,fresh,emulated_probe,9.090529026608444,0.09094709733915562,2,0,,2,run.fixture.fixed.102,102,fixed,fixture,120,True,0
edge.market,fresh,emulated_probe,9.205459344802343,0.07945406551976575,2,0,,2,run.fixture.fixed.102,102,fixed,fixture,125,True,5
edge.market,fresh,emulated_probe,9.260043837693503,0.07399561623064965,2,0,,2,run.fixture.fixed.102,102,fixed,fixture,130,True,10
edge.market,fresh,emulated_probe,9.23358763587146,0.07664123641285392,2,0,,2,run.fixture.fixed.102,102,fixed,fixture,135,True,15
edge.market,fresh,emulated_probe,9.051432321048999,0.09485676789510011,2,0,,2,run.fixture.fixed.102,102,fixed,fixture,140,True,20
edge.market,fresh,emulated_probe,8.95349695795363,0.10465030420463695,2,0,,2,run.fixture.fixed.102,102,fixed,fixture,145,True,25
edge.market,fresh,emulated_probe,8.699895475386526,0.13001045246134735,2,0,,2,run.fixture.fixed.102,102,fixed,fixture,150,False,0
edge.market,fresh,emulated_probe,9.147848429259767,0.08521515707402327,2,0,,2,run.fixture.fixed.102,102,fixed,fixture,155,False,5
edge.market,fresh,emulated_probe,8.842806267536252,0.11571937324637482,2,0,,2,run.fixture.fixed.102,102,fixed,fixture,160,False,10
edge.market,fresh,emulated_probe,8.889111909446388,0.11108880905536123,2,0,,2,run.fixture.fixed.102,102,fixed,fixture,165,False,15
edge.market,fresh,emulated_probe,9.184489623937775,0.08155103760622251,2,0,,2,run.fixture.fixed.102,102,fixed,fixture,170,False,20
edge.market,fresh,emulated_probe,8.820432640092857,0.11795673599071432,2,0,,2,run.fixture.fixed.102,102,fixed,fixture,175,False,25
edge.market,fresh,emulated_probe,8.521063407181616,0.1478936592818384,2,0,,2,run.fixture.fixed.102,102,fixed,fixture,180,True,0
edge.market,fresh,emulated_probe,8.35149462497046,0.16485053750295398,2,0,,2,run.fixture.fixed.102,102,fixed,fixture,185,True,5
edge.market,fresh,emulated_probe,8.345895828898595,0.16541041711014048,2,0,,2,run.fixture.fixed.102,102,fixed,fixture,190,True,10
edge.market,fresh,emulated_probe,7.830525785606552,0.21694742143934476,2,0,,2,run.fixture.fixed.102,102,fixed,fixture,195,True,15
edge.market,fresh,emulated_probe,7.869075080741161,0.21309249192588386,2,0,,2,run.fixture.fixed.102,102,fixed,fixture,200,True,20
edge.market,fresh,emulated_probe,7.471569689945465,0.25284303100545347,2,0,,2,run.fixture.fixed.102,102,fixed,fixture,205,True,25
edge.market,fresh,emulated_probe,7.779193907996882,0.2220806092003118,2,0,,2,run.fixture.fixed.102,102,fixed,fixture,210,False,0
edge.market,fresh,emulated_probe,7.140622906236887,0.28593770937631136,2,0,,2,run.fixture.fixed.102,102,fixed,fixture,215,False,5
edge.market,fresh,emulated_probe,7.186317028283508,0.28136829717164924,2,0,,2,run.fixture.fixed.102,102,fixed,fixture,220,False,10
edge.market,fresh,emulated_probe,6.801742540057068,0.31982574599429314,2,0,,2,run.fixture.fixed.102,102,fixed,fixture,225,False,15
edge.market,fresh,emulated_probe,6.847539687842955,0.3152460312157045,2,0,,2,run.fixture.fixed.102,102,fixed,fixture,230,False,20
edge.market,fresh,emulated_probe,6.811333008407674,0.3188666991592326,2,0,,2,run.fixture.fixed.102,102,fixed,fixture,235,False,25
edge.market,fresh,emulated_probe,6.546448690801451,0.3453551309198548,2,0,,2,run.fixture.fixed.102,102,fixed,fixture,240,True,0
edge.market,fresh,emulated_probe,6.216303713474374,0.37836962865256263,2,0,,2,run.fixture.fixed.102,102,fixed,fixture,245,True,5
edge.market,fresh,emulated_probe,6.1922300716968675,0.3807769928303133,2,0,,2,run.fixture.fixed.102,102,fixed,fixture,250,True,10
edge.market,fresh,emulated_probe,5.846062101180085,0.4153937898819915,2,0,,2,run.fixture.fixed.102,102,fixed,fixture,255,True,15
edge.market,fresh,emulated_probe,6.01770556719932,0.39822944328006804,2,0,,2,run.fixture.fixed.102,102,fixed,fixture,260,True,20
edge.market,fresh,emulated_probe,5.407098342249159,0.4592901657750841,2,0,,2,run.fixture.fixed.102,102,fixed,fixture,265,True,25
edge.market,fresh,emulated_probe,5.44694229255605,0.45530577074439504,2,0,,2,run.fixture.fixed.102,102,fixed,fixture,270,False,0
edge.market,fresh,emulated_probe,5.160559770945477,0.48394402290545224,2,0,,2,run.fixture.fixed.102,102,fixed,fixture,275,False,5
edge.market,fresh,emulated_probe,4.58783509784573,0.5412164902154271,2,0,,2,run.fixture.fixed.102,102,fixed,fixture,280,False,10
edge.market,fresh,emulated_probe,4.729290394675318,0.5270709605324682,2,0,,2,run.fixture.fixed.102,102,fixed,fixture,285,False,15
edge.market,fresh,emulated_probe,4.77159486282051,0.522840513717949,2,0,,2,run.fixture.fixed.102,102,fixed,fixture,290,False,20
edge.market,fresh,emulated_probe,4.728247336885998,0.5271752663114002,2,0,,2,run.fixture.fixed.102,102,fixed,fixture,295,False,25
edge.market,fresh,emulated_probe,4.728247336885998,0.5271752663114002,2,5,,2,run.fixture.fixed.102,102,fixed,fixture,300,True,0
edge.market,fresh,emulated_probe,4.728247336885998,0.5271752663114002,2,10,,2,run.fixture.fixed.102,102,fixed,fixture,305,True,5
edge.market,fresh,emulated_probe,4.728247336885998,0.5271752663114002,2,15,,2,run.fixture.fixed.102,102,fixed,fixture,310,True,10
edge.market,stale,,,,2,20,,0,run.fixture.fixed.102,102,fixed,fixture,315,True,15
edge.market,stale,,,,2,25,,0,run.fixture.fixed.102,102,fixed,fixture,320,True,20
edge.market,stale,,,,2,30,,0,run.fixture.fixed.102,102,fixed,fixture,325,True,25
edge.market,stale,,,,2,35,,0,run.fixture.fixed.102,102,fixed,fixture,330,False,0
edge.market,stale,,,,2,40,,0,run.fixture.fixed.102,102,fixed,fixture,335,False,5
edge.market,stale,,,,2,45,,0,run.fixture.fixed.102,102,fixed,fixture,340,False,10
edge.market,stale,,,,2,50,,0,run.fixture.fixed.102,102,fixed,fixture,345,False,15
edge.market,stale,,,,2,55,,0,run.fixture.fixed.102,102,fixed,fixture,350,False,20
edge.market,fresh,emulated_probe,2.406266030447468,0.7593733969552532,2,0,,2,run.fixture.fixed.102,102,fixed,fixture,355,False,25
edge.market,fresh,emulated_probe,2.0668206197910166,0.7933179380208983,2,0,,2,run.fixture.fixed.102,102,fixed,fixture,360,True,0
edge.market,fresh,emulated_probe,1.9420758438520354,0.8057924156147964,2,0,,2,run.fixture.fixed.102,102,fixed,fixture,365,True,5
edge.market,fresh,emulated_probe,1.9514538455471002,0.80485461544529,2,0,,2,run.fixture.fixed.102,102,fixed,fixture,370,True,10
edge.market,fresh,emulated_probe,1.7103002716729288,0.8289699728327071,2,0,,2,run.fixture.fixed.102,102,fixed,fixture,375,True,15
edge.market,fresh,emulated_probe,1.5915145549301224,0.8408485445069878,2,0,,2,run.fixture.fixed.102,102,fixed,fixture,380,True,20
edge.market,fresh,emulated_probe,1.4161756787305335,0.8583824321269466,2,0,,2,run.fixture.fixed.102,102,fixed,fixture,385,True,25
edge.market,fresh,emulated_probe,0.8891696212002381,0.9110830378799761,2,0,,2,run.fixture.fixed.102,102,fixed,fixture,390,False,0
edge.market,fresh,emulated_probe,1.2040362881644395,0.879596371183556,2,0,,2,run.fixture.fixed.102,102,fixed,fixture,395,False,5
edge.market,fresh,emulated_probe,0.6971209075860157,0.9302879092413985,2,0,,2,run.fixture.fixed.102,102,fixed,fixture,400,False,10
edge.market,fresh,emulated_probe,1.66408763834968,0.833591236165032,2,0,,2,run.fixture.fixed.102,102,fixed,fixture,405,False,15
edge.market,fresh,emulated_probe,2.2948161306855446,0.7705183869314456,2,0,,2,run.fixture.fixed.102,102,fixed,fixture,410,False,20
edge.market,fresh,emulated_probe,2.0731865634586866,0.7926813436541313,2,0,,2,run.fixture.fixed.102,102,fixed,fixture,415,False,25
edge.market,fresh,emulated_probe,2.9011343193817094,0.709886568061829,2,0,,2,run.fixture.fixed.102,102,fixed,fixture,420,True,0
edge.market,fresh,emulated_probe,3.1037500021674695,0.6896249997832531,2,0,,2,run.fixture.fixed.102,102,fixed,fixture,425,True,5
edge.market,fresh,emulated_probe,3.590750381232298,0.6409249618767702,2,0,,2,run.fixture.fixed.102,102,fixed,fixture,430,True,10
edge.market,fresh,emulated_probe,4.091471321420553,0.5908528678579448,2,0,,2,run.fixture.fixed.102,102,fixed,fixture,435,True,15
edge.market,fresh,emulated_probe,4.532834356209943,0.5467165643790057,2,0,,2,run.fixture.fixed.102,102,fixed,fixture,440,True,20
edge.market,fresh,emulated_probe,4.448963394812301,0.5551036605187699,2,0,,2,run.fixture.fixed.102,102,fixed,fixture,445,True,25
edge.market,fresh,emulated_probe,5.238842563865665,0.47611574361343345,2,0,,2,run.fixture.fixed.102,102,fixed,fixture,450,False,0
edge.market,fresh,emulated_probe,5.7700778154499295,0.422992218455007,2,0,,2,run.fixture.fixed.102,102,fixed,fixture,455,False,5
edge.market,fresh,emulated_probe,5.951002609408548,0.4048997390591451,2,0,,2,run.fixture.fixed.102,102,fixed,fixture,460,False,10
edge.market,fresh,emulated_probe,6.041554643252886,0.39584453567471134,2,0,,2,run.fixture.fixed.102,102,fixed,fixture,465,False,15
edge.market,fresh,emulated_probe,6.759823930079779,0.3240176069920221,2,0,,2,run.fixture.fixed.102,102,fixed,fixture,470,False,20
edge.market,fresh,emulated_probe,7.179374916932343,0.2820625083067657,2,0,,2,run.fixture.fixed.102,102,fixed,fixture,475,False,25
edge.market,fresh,emulated_probe,7.301175271954685,0.2698824728045315,2,0,,2,run.fixture.fixed.102,102,fixed,fixture,480,True,0
edge.market,fresh,emulated_probe,8.098791834218053,0.19012081657819468,2,0,,2,run.fixture.fixed.102,102,fixed,fixture,485,True,5
edge.market,fresh,emulated_probe,8.891098527585658,0.1108901472414342,2,0,,2,run.fixture.fixed.102,102,fixed,fixture,490,True,10
edge.market,fresh,emulated_probe,9.02128717310725,0.09787128268927492,2,0,,2,run.fixture.fixed.102,102,fixed,fixture,495,True,15
edge.market,fresh,emulated_probe,8.800742153782874,0.11992578462171255,2,0,,2,run.fixture.fixed.102,102,fixed,fixture,500,True,20
edge.market,fresh,emulated_probe,9.213744267952734,0.07862557320472663,2,0,,2,run.fixture.fixed.102,102,fixed,fixture,505,True,25
edge.market,fresh,emulated_probe,9.077687160559773,0.09223128394402269,2,0,,2,run.fixture.fixed.102,102,fixed,fixture,510,False,0
edge.market,fresh,emulated_probe,9.11003864002697,0.08899613599730305,2,0,,2,run.fixture.fixed.102,102,fixed,fixture,515,False,5
edge.market,fresh,emulated_probe,8.861790625921401,0.11382093740785992,2,0,,2,run.fixture.fixed.102,102,fixed,fixture,520,False,10
edge.market,fresh,emulated_probe,9.31108087224262,0.06889191277573803,2,0,,2,run.fixture.fixed.102,102,fixed,fixture,525,False,15
edge.market,fresh,emulated_probe,9.09859701411041,0.090140298588959,2,0,,2,run.fixture.fixed.102,102,fixed,fixture,530,False,20
edge.market,fresh,emulated_probe,9.00780400285846,0.09921959971415395,2,0,,2,run.fixture.fixed.102,102,fixed,fixture,535,False,25
edge.market,fresh,emulated_probe,8.827076381031187,0.1172923618968813,2,0,,2,run.fixture.fixed.102,102,fixed,fixture,540,True,0
edge.market,fresh,emulated_probe,8.996831847629547,0.10031681523704528,2,0,,2,run.fixture.fixed.102,102,fixed,fixture,545,True,5
edge.market,fresh,emulated_probe,9.178365594760802,0.08216344052391977,2,0,,2,run.fixture.fixed.102,102,fixed,fixture,550,True,10
edge.market,fresh,emulated_probe,8.851188402836062,0.11488115971639379,2,0,,2,run.fixture.fixed.102,102,fixed,fixture,555,True,15
edge.market,fresh,emulated_probe,8.959906106920606,0.10400938930793946,2,0,,2,run.fixture.fixed.102,102,fixed,fixture,560,True,20
edge.market,fresh,emulated_probe,8.814296885289405,0.11857031147105945,2,0,,2,run.fixture.fixed.102,102,fixed,fixture,565,True,25
edge.market,fresh,emulated_probe,9.222406507818324,0.07775934921816763,2,0,,2,run.fixture.fixed.102,102,fixed,fixture,570,False,0
edge.market,fresh,emulated_probe,9.54506776582739,0.04549322341726092,2,0,,2,run.fixture.fixed.102,102,fixed,fixture,575,False,5
edge.market,fresh,emulated_probe,8.71864316790078,0.12813568320992208,2,0,,2,run.fixture.fixed.102,102,fixed,fixture,580,False,10
edge.market,fresh,emulated_probe,9.11969166529267,0.08803083347073293,2,0,,2,run.fixture.fixed.102,102,fixed,fixture,585,False,15
edge.market,fresh,emulated_probe,9.179889451558129,0.08201105484418714,2,0,,2,run.fixture.fixed.102,102,fixed,fixture,590,False,20
edge.market,fresh,emulated_probe,8.924901622457629,0.10750983775423717,2,0,,2,run.fixture.fixed.102,102,fixed,fixture,595,False,25
edge.market,fresh,emulated_probe,8.81624742152091,0.11837525784790903,2,0,,2,run.fixture.fixed.102,102,fixed,fixture,600,True,0
edge.market,fresh,emulated_probe,9.25810910819775,0.07418908918022493,2,0,,2,run.fixture.fixed.102,102,fixed,fixture,605,True,5
edge.market,fresh,emulated_probe,9.040482257467534,0.09595177425324652,2,0,,2,run.fixture.fixed.102,102,fixed,fixture,610,True,10
edge.market,fresh,emulated_probe,9.02772419214997,0.09722758078500304,2,0,,2,run.fixture.fixed.102,102,fixed,fixture,615,True,15
edge.market,fresh,emulated_probe,9.083311818591948,0.09166881814080519,2,0,,2,run.fixture.fixed.102,102,fixed,fixture,620,True,20
edge.market,fresh,emulated_probe,9.16366573061352,0.08363342693864806,2,0,,2,run.fixture.fixed.102,102,fixed,fixture,625,True,25
edge.market,fresh,emulated_probe,8.956340739744128,0.10436592602558714,2,0,,2,run.fixture.fixed.102,102,fixed,fixture,630,False,0
edge.market,fresh,emulated_probe,8.940263605540462,0.10597363944595384,2,0,,2,run.fixture.fixed.102,102,fixed,fixture,635,False,5
edge.market,fresh,emulated_probe,9.065169706785596,0.09348302932144037,2,0,,2,run.fixture.fixed.102,102,fixed,fixture,640,False,10
edge.market,fresh,emulated_probe,9.148420741777564,0.08515792582224369,2,0,,2,run.fixture.fixed.102,102,fixed,fixture,645,False,15
edge.market,fresh,emulated_probe,9.128693170259488,0.08713068297405113,2,0,,2,run.fixture.fixed.102,102,fixed,fixture,650,False,20
edge.market,fresh,emulated_probe,8.780428046556569,0.12195719534434313,2,0,,2,run.fixture.fixed.102,102,fixed,fixture,655,False,25
edge.market,fresh,emulated_probe,9.13491200791746,0.08650879920825394,2,0,,2,run.fixture.fixed.102,102,fixed,fixture,660,True,0
edge.market,fresh,emulated_probe,9.271616503938557,0.07283834960614433,2,0,,2,run.fixture.fixed.102,102,fixed,fixture,665,True,5
edge.market,fresh,emulated_probe,9.228152872190995,0.07718471278090056,2,0,,2,run.fixture.fixed.102,102,fixed,fixture,670,True,10
edge.market,fresh,emulated_probe,9.103156873583647,0.08968431264163534,2,0,,2,run.fixture.fixed.102,102,fixed,fixture,675,True,15
edge.market,fresh,emulated_probe,8.882041418922167,0.11179585810778325,2,0,,2,run.fixture.fixed.102,102,fixed,fixture,680,True,20
edge.market,fresh,emulated_probe,8.752977710491447,0.12470222895085536,2,0,,2,run.fixture.fixed.102,102,fixed,fixture,685,True,25
edge.market,fresh,emulated_probe,8.985344064532669,0.10146559354673312,2,0,,2,run.fixture.fixed.102,102,fixed,fixture,690,False,0
edge.market,fresh,emulated_probe,8.945257849499946,0.10547421505000543,2,0,,2,run.fixture.fixed.102,102,fixed,fixture,695,False,5
edge.market,fresh,emulated_probe,8.70055865483529,0.12994413451647113,2,0,,2,run.fixture.fixed.102,102,fixed,fixture,700,False,10
edge.market,fresh,emulated_probe,8.74010129780406,0.12598987021959407,2,0,,2,run.fixture.fixed.102,102,fixed,fixture,705,False,15
edge.market,fresh,emulated_probe,8.940814655440033,0.10591853445599675,2,0,,2,run.fixture.fixed.102,102,fixed,fixture,710,False,20
edge.market,fresh,emulated_probe,8.870521456489044,0.11294785435109556,2,0,,2,run.fixture.fixed.102,102,fixed,fixture,715,False,25
edge.market,fresh,emulated_probe,8.951658293367874,0.10483417066321254,2,0,,2,run.fixture.fixed.102,102,fixed,fixture,720,True,0
edge.market,fresh,emulated_probe,8.952768138781781,0.10472318612182185,2,0,,2,run.fixture.fixed.102,102,fixed,fixture,725,True,5
edge.market,fresh,emulated_probe,8.955186583454843,0.10448134165451572,2,0,,2,run.fixture.fixed.102,102,fixed,fixture,730,True,10
edge.market,fresh,emulated_probe,9.101943415971395,0.08980565840286059,2,0,,2,run.fixture.fixed.102,102,fixed,fixture,735,True,15
edge.market,fresh,emulated_probe,9.240521973992557,0.0759478026007443,2,0,,2,run.fixture.fixed.102,102,fixed,fixture,740,True,20
edge.market,fresh,emulated_probe,8.837287692200881,0.11627123077991186,2,0,,2,run.fixture.fixed.102,102,fixed,fixture,745,True,25
edge.market,fresh,emulated_probe,9.324660544470731,0.06753394555292691,2,0,,2,run.fixture.fixed.102,102,fixed,fixture,750,False,0
edge.market,fresh,emulated_probe,8.95158246538267,0.10484175346173308,2,0,,2,run.fixture.fixed.102,102,fixed,fixture,755,False,5
edge.market,fresh,emulated_probe,9.029672448202547,0.0970327551797453,2,0,,2,run.fixture.fixed.102,102,fixed,fixture,760,False,10
edge.market,fresh,emulated_probe,8.977147274396334,0.10228527256036668,2,0,,2,run.fixture.fixed.102,102,fixed,fixture,765,False,15
edge.market,fresh,emulated_probe,8.533405601044802,0.14665943989551988,2,0,,2,run.fixture.fixed.102,102,fixed,fixture,770,False,20
edge.market,fresh,emulated_probe,8.945171522906406,0.10548284770935934,2,0,,2,run.fixture.fixed.102,102,fixed,fixture,775,False,25
edge.market,fresh,emulated_probe,9.124547697538441,0.0875452302461559,2,0,,2,run.fixture.fixed.102,102,fixed,fixture,780,True,0
edge.market,fresh,emulated_probe,9.04982958871561,0.095017041128439,2,0,,2,run.fixture.fixed.102,102,fixed,fixture,785,True,5
edge.market,fresh,emulated_probe,9.049947276192873,0.09500527238071277,2,0,,2,run.fixture.fixed.102,102,fixed,fixture,790,True,10
edge.market,fresh,emulated_probe,9.222916427136912,0.07770835728630876,2,0,,2,run.fixture.fixed.102,102,fixed,fixture,795,True,15
edge.market,fresh,emulated_probe,9.108513167270873,0.0891486832729127,2,0,,2,run.fixture.fixed.102,102,fixed,fixture,800,True,20
edge.market,fresh,emulated_probe,9.15427863751301,0.08457213624869908,2,0,,2,run.fixture.fixed.102,102,fixed,fixture,805,True,25
edge.market,fresh,emulated_probe,9.135393945727508,0.0864606054272492,2,0,,2,run.fixture.fixed.102,102,fixed,fixture,810,False,0
edge.market,fresh,emulated_probe,9.001303853457971,0.09986961465420285,2,0,,2,run.fixture.fixed.102,102,fixed,fixture,815,False,5
edge.market,fresh,emulated_probe,8.901618855399434,0.10983811446005665,2,0,,2,run.fixture.fixed.102,102,fixed,fixture,820,False,10
edge.market,fresh,emulated_probe,9.152617001012018,0.08473829989879822,2,0,,2,run.fixture.fixed.102,102,fixed,fixture,825,False,15
edge.market,fresh,emulated_probe,8.828802225883335,0.11711977741166657,2,0,,2,run.fixture.fixed.102,102,fixed,fixture,830,False,20
edge.market,fresh,emulated_probe,9.21637923298492,0.07836207670150797,2,0,,2,run.fixture.fixed.102,102,fixed,fixture,835,False,25
edge.market,fresh,emulated_probe,9.031479102593174,0.0968520897406826,2,0,,2,run.fixture.fixed.102,102,fixed,fixture,840,True,0
edge.market,fresh,emulated_probe,8.98597071156994,0.10140292884300595,2,0,,2,run.fixture.fixed.102,102,fixed,fixture,845,True,5
edge.market,fresh,emulated_probe,9.197740018419196,0.0802259981580804,2,0,,2,run.fixture.fixed.102,102,fixed,fixture,850,True,10
edge.market,fresh,emulated_probe,8.997769147560337,0.10022308524396628,2,0,,2,run.fixture.fixed.102,102,fixed,fixture,855,True,15
edge.market,fresh,emulated_probe,8.964699449424065,0.1035300550575935,2,0,,2,run.fixture.fixed.102,102,fixed,fixture,860,True,20
edge.market,fresh,emulated_probe,9.213710781041064,0.07862892189589366,2,0,,2,run.fixture.fixed.102,102,fixed,fixture,865,True,25
edge.market,fresh,emulated_probe,8.983500691150478,0.10164993088495211,2,0,,2,run.fixture.fixed.102,102,fixed,fixture,870,False,0
edge.market,fresh,emulated_probe,9.014081826435165,0.09859181735648348,2,0,,2,run.fixture.fixed.102,102,fixed,fixture,875,False,5
edge.market,fresh,emulated_probe,9.19085056363516,0.0809149436364841,2,0,,2,run.fixture.fixed.102,102,fixed,fixture,880,False,10
edge.market,fresh,emulated_probe,8.847899960776372,0.1152100039223628,2,0,,2,run.fixture.fixed.102,102,fixed,fixture,885,False,15
edge.market,fresh,emulated_probe,9.195123389630448,0.08048766103695526,2,0,,2,run.fixture.fixed.102,102,fixed,fixture,890,False,20
edge.market,fresh,emulated_probe,9.225879451801807,0.07741205481981928,2,0,,2,run.fixture.fixed.102,102,fixed,fixture,895,False,25
edge.market,fresh,emulated_probe,9.415151771384142,0.05848482286158574,2,0,,2,run.fixture.fixed.102,102,fixed,fixture,900,True,0
edge.market,fresh,emulated_probe,9.078953959745665,0.09210460402543352,2,0,,2,run.fixture.fixed.103,103,fixed,fixture,0,True,0
edge.market,fresh,emulated_probe,9.015972468072231,0.09840275319277692,2,0,,2,run.fixture.fixed.103,103,fixed,fixture,5,True,5
edge.market,fresh,emulated_probe,9.283325312243129,0.07166746877568708,2,0,,2,run.fixture.fixed.103,103,fixed,fixture,10,True,10
edge.market,fresh,emulated_probe,9.338997929667858,0.06610020703321418,2,0,,2,run.fixture.fixed.103,103,fixed,fixture,15,True,15
edge.market,fresh,emulated_probe,9.087326609682584,0.09126733903174156,2,0,,2,run.fixture.fixed.103,103,fixed,fixture,20,True,20
edge.market,fresh,emulated_probe,9.233994697333264,0.07660053026667357,2,0,,2,run.fixture.fixed.103,103,fixed,fixture,25,True,25
edge.market,fresh,emulated_probe,9.008638721250819,0.0991361278749181,2,0,,2,run.fixture.fixed.103,103,fixed,fixture,30,False,0
edge.market,fresh,emulated_probe,8.754518592318187,0.12454814076818133,2,0,,2,run.fixture.fixed.103,103,fixed,fixture,35,False,5
edge.market,fresh,emulated_probe,8.980057459564051,0.10199425404359486,2,0,,2,run.fixture.fixed.103,103,fixed,fixture,40,False,10
edge.market,fresh,emulated_probe,9.148609068696487,0.08513909313035128,2,0,,2,run.fixture.fixed.103,103,fixed,fixture,45,False,15
edge.market,fresh,emulated_probe,9.047890191804042,0.09521098081959578,2,0,,2,run.fixture.fixed.103,103,fixed,fixture,50,False,20
edge.market,fresh,emulated_probe,8.76994973094692,0.12300502690530801,2,0,,2,run.fixture.fixed.103,103,fixed,fixture,55,False,25
edge.market,fresh,emulated_probe,9.220251009431047,0.07797489905689525,2,0,,2,run.fixture.fixed.103,103,fixed,fixture,60,True,0
edge.market,fresh,emulated_probe,9.036960182874594,0.09630398171254062,2,0,,2,run.fixture.fixed.103,103,fixed,fixture,65,True,5
edge.market,fresh,emulated_probe,8.580804318126907,0.14191956818730933,2,0,,2,run.fixture.fixed.103,103,fixed,fixture,70,True,10
edge.market,fresh,emulated_probe,8.919172711622664,0.10808272883773351,2,0,,2,run.fixture.fixed.103,103,fixed,fixture,75,True,15
edge.market,fresh,emulated_probe,9.100016131525871,0.0899983868474129,2,0,,2,run.fixture.fixed.103,103,fixed,fixture,80,True,20
edge.market,fresh,emulated_probe,9.045163720734458,0.0954836279265543,2,0,,2,run.fixture.fixed.103,103,fixed,fixture,85,True,25
edge.market,fresh,emulated_probe,8.874423836417506,0.11255761635824935,2,0,,2,run.fixture.fixed.103,103,fixed,fixture,90,False,0
edge.market,fresh,emulated_probe,8.885849288381584,0.11141507116184157,2,0,,2,run.fixture.fixed.103,103,fixed,fixture,95,False,5
edge.market,fresh,emulated_probe,9.139795400678693,0.0860204599321307,2,0,,2,run.fixture.fixed.103,103,fixed,fixture,100,False,10
edge.market,fresh,emulated_probe,9.204647926488834,0.07953520735111663,2,0,,2,run.fixture.fixed.103,103,fixed,fixture,105,False,15
edge.market,fresh,emulated_probe,8.832329041769064,0.11676709582309353,2,0,,2,run.fixture.fixed.103,103,fixed,fixture,110,False,20
edge.market,fresh,emulated_probe,8.790335813216391,0.12096641867836089,2,0,,2,run.fixture.fixed.103,103,fixed,fixture,115,False,25
edge.market,fresh,emulated_probe,8.842014369807366,0.11579856301926339,2,0,,2,run.fixture.fixed.103,103,fixed,fixture,120,True,0
edge.market,fresh,emulated_probe,9.166798411337702,0.08332015886622979,2,0,,2,run.fixture.fixed.103,103,fixed,fixture,125,True,5
edge.market,fresh,emulated_probe,9.144172059509525,0.08558279404904745,2,0,,2,run.fixture.fixed.103,103,fixed,fixture,130,True,10
edge.market,fresh,emulated_probe,8.87417454269305,0.11258254573069504,2,0,,2,run.fixture.fixed.103,103,fixed,fixture,135,True,15
edge.market,fresh,emulated_probe,9.073611101282275,0.09263888987177249,2,0,,2,run.fixture.fixed.103,103,fixed,fixture,140,True,20
edge.market,fresh,emulated_probe,8.836350410293115,0.11636495897068855,2,0,,2,run.fixture.fixed.103,103,fixed,fixture,145,True,25
edge.market,fresh,emulated_probe,9.134254518051515,0.08657454819484856,2,0,,2,run.fixture.fixed.103,103,fixed,fixture,150,False,0
edge.market,fresh,emulated_probe,8.763292495047637,0.12367075049523635,2,0,,2,run.fixture.fixed.103,103,fixed,fixture,155,False,5
edge.market,fresh,emulated_probe,9.099926870379049,0.09000731296209508,2,0,,2,run.fixture.fixed.103,103,fixed,fixture,160,False,10
edge.market,fresh,emulated_probe,9.0713033552041,0.09286966447959011,2,0,,2,run.fixture.fixed.103,103,fixed,fixture,165,False,15
edge.market,fresh,emulated_probe,9.150885099163098,0.08491149008369026,2,0,,2,run.fixture.fixed.103,103,fixed,fixture,170,False,20
edge.market,fresh,emulated_probe,8.480365207453826,0.1519634792546174,2,0,,2,run.fixture.fixed.103,103,fixed,fixture,175,False,25
edge.market,fresh,emulated_probe,8.7124914217984,0.12875085782015994,2,0,,2,run.fixture.fixed.103,103,fixed,fixture,180,True,0
edge.market,fresh,emulated_probe,8.662812106262745,0.1337187893737255,2,0,,2,run.fixture.fixed.103,103,fixed,fixture,185,True,5
edge.market,fresh,emulated_probe,8.202917568075414,0.1797082431924586,2,0,,2,run.fixture.fixed.103,103,fixed,fixture,190,True,10
edge.market,fresh,emulated_probe,8.29963025991831,0.17003697400816908,2,0,,2,run.fixture.fixed.103,103,fixed,fixture,195,True,15
edge.market,fresh,emulated_probe,7.830069191340775,0.2169930808659225,2,0,,2,run.fixture.fixed.103,103,fixed,fixture,200,True,20
edge.market,fresh,emulated_probe,7.952068875951646,0.20479311240483544,2,0,,2,run.fixture.fixed.103,103,fixed,fixture,205,True,25
edge.market,fresh,emulated_probe,7.693379193716374,0.23066208062836258,2,0,,2,run.fixture.fixed.103,103,fixed,fixture,210,False,0
edge.market,fresh,emulated_probe,7.788060279824835,0.22119397201751645,2,0,,2,run.fixture.fixed.103,103,fixed,fixture,215,False,5
edge.market,fresh,emulated_probe,7.3645981799309554,0.26354018200690443,2,0,,2,run.fixture.fixed.103,103,fixed,fixture,220,False,10
edge.market,fresh,emulated_probe,6.924112438423201,0.3075887561576799,2,0,,2,run.fixture.fixed.103,103,fixed,fixture,225,False,15
edge.market,fresh,emulated_probe,7.0704730290905555,0.2929526970909444,2,0,,2,run.fixture.fixed.103,103,fixed,fixture,230,False,20
edge.market,fresh,emulated_probe,7.025069200819187,0.29749307991808127,2,0,,2,run.fixture.fixed.103,103,fixed,fixture,235,False,25
edge.market,fresh,emulated_probe,6.564038807512804,0.3435961192487196,2,0,,2,run.fixture.fixed.103,103,fixed,fixture,240,True,0
edge.market,fresh,emulated_probe,6.88631631001865,0.311368368998135,2,0,,2,run.fixture.fixed.103,103,fixed,fixture,245,True,5
edge.market,fresh,emulated_probe,6.3718716763336705,0.362812832366633,2,0,,2,run.fixture.fixed.103,103,fixed,fixture,250,True,10
edge.market,fresh,emulated_probe,6.027963214218367,0.3972036785781633,2,0,,2,run.fixture.fixed.103,103,fixed,fixture,255,True,15
edge.market,fresh,emulated_probe,6.014089629688188,0.39859103703118115,2,0,,2,run.fixture.fixed.103,103,fixed,fixture,260,True,20
edge.market,fresh,emulated_probe,5.690991121530278,0.4309008878469722,2,0,,2,run.fixture.fixed.103,103,fixed,fixture,265,True,25
edge.market,fresh,emulated_probe,5.840269498708739,0.4159730501291261,2,0,,2,run.fixture.fixed.103,103,fixed,fixture,270,False,0
edge.market,fresh,emulated_probe,5.20851556833529,0.479148443166471,2,0,,2,run.fixture.fixed.103,103,fixed,fixture,275,False,5
edge.market,fresh,emulated_probe,5.006577342772919,0.499342265722708,2,0,,2,run.fixture.fixed.103,103,fixed,fixture,280,False,10
edge.market,fresh,emulated_probe,5.056564079810254,0.4943435920189746,2,0,,2,run.fixture.fixed.103,103,fixed,fixture,285,False,15
edge.market,fresh,emulated_probe,4.898283761254497,0.5101716238745503,2,0,,2,run.fixture.fixed.103,103,fixed,fixture,290,False,20
edge.market,fresh,emulated_probe,4.562633410000677,0.5437366589999323,2,0,,2,run.fixture.fixed.103,103,fixed,fixture,295,False,25
edge.market,fresh,emulated_probe,4.272050099312128,0.5727949900687872,2,0,,2,run.fixture.fixed.103,103,fixed,fixture,300,True,0
edge.market,fresh,emulated_probe,4.28834118035488,0.571165881964512,2,0,,2,run.fixture.fixed.103,103,fixed,fixture,305,True,5
edge.market,fresh,emulated_probe,4.218909533043634,0.5781090466956366,2,0,,2,run.fixture.fixed.103,103,fixed,fixture,310,True,10
edge.market,fresh,emulated_probe,4.213087893046963,0.5786912106953037,2,0,,2,run.fixture.fixed.103,103,fixed,fixture,315,True,15
edge.market,fresh,emulated_probe,3.737260669822282,0.6262739330177718,2,0,,2,run.fixture.fixed.103,103,fixed,fixture,320,True,20
edge.market,fresh,emulated_probe,3.728626151932916,0.6271373848067084,2,0,,2,run.fixture.fixed.103,103,fixed,fixture,325,True,25
edge.market,fresh,emulated_probe,3.3526775538225415,0.6647322446177458,2,0,,2,run.fixture.fixed.103,103,fixed,fixture,330,False,0
edge.market,fresh,emulated_probe,3.2712529720604655,0.6728747027939534,2,0,,2,run.fixture.fixed.103,103,fixed,fixture,335,False,5
edge.market,fresh,emulated_probe,3.118694272796726,0.6881305727203274,2,0,,2,run.fixture.fixed.103,103,fixed,fixture,340,False,10
edge.market,fresh,emulated_probe,3.1073912908310115,0.6892608709168988,2,0,,2,run.fixture.fixed.103,103,fixed,fixture,345,False,15
edge.market,fresh,emulated_probe,2.648944147285022,0.7351055852714978,2,0,,2,run.fixture.fixed.103,103,fixed,fixture,350,False,20
edge.market,fresh,emulated_probe,2.5533478283499162,0.7446652171650083,2,0,,2,run.fixture.fixed.103,103,fixed,fixture,355,False,25
edge.market,fresh,emulated_probe,2.75664808243401,0.724335191756599,2,0,,2,run.fixture.fixed.103,103,fixed,fixture,360,True,0
edge.market,fresh,emulated_probe,2.1979038143535963,0.7802096185646403,2,0,,2,run.fixture.fixed.103,103,fixed,fixture,365,True,5
edge.market,fresh,emulated_probe,2.0237112128673056,0.7976288787132695,2,0,,2,run.fixture.fixed.103,103,fixed,fixture,370,True,10
edge.market,fresh,emulated_probe,2.18247260225833,0.781752739774167,2,0,,2,run.fixture.fixed.103,103,fixed,fixture,375,True,15
edge.market,fresh,emulated_probe,1.7881649203816012,0.8211835079618399,2,0,,2,run.fixture.fixed.103,103,fixed,fixture,380,True,20
edge.market,fresh,emulated_probe,1.4593349930607253,0.8540665006939274,2,0,,2,run.fixture.fixed.103,103,fixed,fixture,385,True,25
edge.market,fresh,emulated_probe,1.2479011892542542,0.8752098810745745,2,0,,2,run.fixture.fixed.103,103,fixed,fixture,390,False,0
edge.market,fresh,emulated_probe,0.9589393293917314,0.9041060670608269,2,0,,2,run.fixture.fixed.103,103,fixed,fixture,395,False,5
edge.market,fresh,emulated_probe,1.120674229435652,0.8879325770564348,2,0,,2,run.fixture.fixed.103,103,fixed,fixture,400,False,10
edge.market,fresh,emulated_probe,0.9574504690504809,0.904254953094952,2,0,,2,run.fixture.fixed.103,103,fixed,fixture,405,False,15
edge.market,fresh,emulated_probe,1.2232813282876758,0.8776718671712325,2,0,,2,run.fixture.fixed.103,103,fixed,fixture,410,False,20
edge.market,fresh,emulated_probe,0.7960545054352552,0.9203945494564745,2,0,,2,run.fixture.fixed.103,103,fixed,fixture,415,False,25
edge.market,fresh,emulated_probe,1.347435302911502,0.8652564697088498,2,0,,2,run.fixture.fixed.103,103,fixed,fixture,420,True,0
edge.market,fresh,emulated_probe,1.6123873103306097,0.838761268966939,2,0,,2,run.fixture.fixed.103,103,fixed,fixture,425,True,5
edge.market,fresh,emulated_probe,2.1842038343303676,0.7815796165669633,2,0,,2,run.fixture.fixed.103,103,fixed,fixture,430,True,10
edge.market,fresh,emulated_probe,2.4510180789515887,0.7548981921048411,2,0,,2,run.fixture.fixed.103,103,fixed,fixture,435,True,15
edge.market,fresh,emulated_probe,2.800564988416115,0.7199435011583886,2,0,,2,run.fixture.fixed.103,103,fixed,fixture,440,True,20
edge.market,fresh,emulated_probe,3.1884554264635954,0.6811544573536404,2,0,,2,run.fixture.fixed.103,103,fixed,fixture,445,True,25
edge.market,fresh,emulated_probe,3.7421098156831345,0.6257890184316866,2,0,,2,run.fixture.fixed.103,103,fixed,fixture,450,False,0
edge.market,fresh,emulated_probe,3.979952759720192,0.6020047240279808,2,0,,2,run.fixture.fixed.103,103,fixed,fixture,455,False,5
edge.market,fresh,emulated_probe,4.38901568365347,0.561098431634653,2,0,,2,run.fixture.fixed.103,103,fixed,fixture,460,False,10
edge.market,fresh,emulated_probe,4.652150140275285,0.5347849859724715,2,0,,2,run.fixture.fixed.103,103,fixed,fixture,465,False,15
edge.market,fresh,emulated_probe,4.998586436509675,0.5001413563490325,2,0,,2,run.fixture.fixed.103,103,fixed,fixture,470,False,20
edge.market,fresh,emulated_probe,5.56935370471084,0.443064629528916,2,0,,2,run.fixture.fixed.103,103,fixed,fixture,475,False,25
edge.market,fresh,emulated_probe,5.8223180782860275,0.41776819217139727,2,0,,2,run.fixture.fixed.103,103,fixed,fixture,480,True,0
edge.market,fresh,emulated_probe,6.204843245843402,0.3795156754156598,2,0,,2,run.fixture.fixed.103,103,fixed,fixture,485,True,5
edge.market,fresh,emulated_probe,6.929154843538975,0.3070845156461025,2,0,,2,run.fixture.fixed.103,103,fixed,fixture,490,True,10
edge.market,fresh,emulated_probe,7.404867053315105,0.2595132946684895,2,0,,2,run.fixture.fixed.103,103,fixed,fixture,495,True,15
edge.market,fresh,emulated_probe,7.526215173288372,0.2473784826711628,2,0,,2,run.fixture.fixed.103,103,fixed,fixture,500,True,20
edge.market,fresh,emulated_probe,8.141462135572063,0.1858537864427937,2,0,,2,run.fixture.fixed.103,103,fixed,fixture,505,True,25
edge.market,fresh,emulated_probe,8.485981519740612,0.1514018480259388,2,0,,2,run.fixture.fixed.103,103,fixed,fixture,510,False,0
edge.market,fresh,emulated_probe,8.84961490574651,0.11503850942534899,2,0,,2,run.fixture.fixed.103,103,fixed,fixture,515,False,5
edge.market,fresh,emulated_probe,9.11049810562141,0.08895018943785904,2,0,,2,run.fixture.fixed.103,103,fixed,fixture,520,False,10
edge.market,fresh,emulated_probe,8.331589945526133,0.16684100544738667,2,0,,2,run.fixture.fixed.103,103,fixed,fixture,525,False,15
edge.market,fresh,emulated_probe,8.79094344581839,0.1209056554181609,2,0,,2,run.fixture.fixed.103,103,fixed,fixture,530,False,20
edge.market,fresh,emulated_probe,8.949487969457412,0.10505120305425886,2,0,,2,run.fixture.fixed.103,103,fixed,fixture,535,False,25
edge.market,fresh,emulated_probe,9.060974464741616,0.09390255352583843,2,0,,2,run.fixture.fixed.103,103,fixed,fixture,540,True,0
edge.market,fresh,emulated_probe,8.924557340543032,0.10754426594569677,2,0,,2,run.fixture.fixed.103,103,fixed,fixture,545,True,5
edge.market,fresh,emulated_probe,9.074005477426198,0.0925994522573802,2,0,,2,run.fixture.fixed.103,103,fixed,fixture,550,True,10
edge.market,fresh,emulated_probe,9.178895242778015,0.08211047572219843,2,0,,2,run.fixture.fixed.103,103,fixed,fixture,555,True,15
edge.market,fresh,emulated_probe,8.997954174166999,0.10020458258330012,2,0,,2,run.fixture.fixed.103,103,fixed,fixture,560,True,20
edge.market,fresh,emulated_probe,8.93759547254149,0.10624045274585092,2,0,,2,run.fixture.fixed.103,103,fixed,fixture,565,True,25
edge.market,fresh,emulated_probe,9.18225423272367,0.081774576727633,2,0,,2,run.fixture.fixed.103,103,fixed,fixture,570,False,0
edge.market,fresh,emulated_probe,9.2279037964737,0.0772096203526299,2,0,,2,run.fixture.fixed.103,103,fixed,fixture,575,False,5
edge.market,fresh,emulated_probe,8.701507903478353,0.12984920965216473,2,0,,2,run.fixture.fixed.103,103,fixed,fixture,580,False,10
edge.market,fresh,emulated_probe,9.370586731299792,0.06294132687002085,2,0,,2,run.fixture.fixed.103,103,fixed,fixture,585,False,15
edge.market,fresh,emulated_probe,8.632705710921677,0.13672942890783235,2,0,,2,run.fixture.fixed.103,103,fixed,fixture,590,False,20
edge.market,fresh,emulated_probe,8.923200199392467,0.1076799800607533,2,0,,2,run.fixture.fixed.103,103,fixed,fixture,595,False,25
edge.market,fresh,emulated_probe,8.856005494455372,0.11439945055446277,2,0,,2,run.fixture.fixed.103,103,fixed,fixture,600,True,0
edge.market,fresh,emulated_probe,8.84107414280779,0.11589258571922101,2,0,,2,run.fixture.fixed.103,103,fixed,fixture,605,True,5
edge.market,fresh,emulated_probe,9.118250293289666,0.08817497067103341,2,0,,2,run.fixture.fixed.103,103,fixed,fixture,610,True,10
edge.market,fresh,emulated_probe,9.047083269276762,0.09529167307232389,2,0,,2,run.fixture.fixed.103,103,fixed,fixture,615,True,15
edge.market,fresh,emulated_probe,8.913932189278663,0.10860678107213373,2,0,,2,run.fixture.fixed.103,103,fixed,fixture,620,True,20
edge.market,fresh,emulated_probe,9.092878155297456,0.09071218447025442,2,0,,2,run.fixture.fixed.103,103,fixed,fixture,625,True,25
edge.market,fresh,emulated_probe,9.045582596963301,0.09544174030366981,2,0,,2,run.fixture.fixed.103,103,fixed,fixture,630,False,0
edge.market,fresh,emulated_probe,8.939670217231061,0.10603297827689384,2,0,,2,run.fixture.fixed.103,103,fixed,fixture,635,False,5
edge.market,fresh,emulated_probe,9.100591713969884,0.08994082860301167,2,0,,2,run.fixture.fixed.103,103,fixed,fixture,640,False,10
edge.market,fresh,emulated_probe,9.075570883619232,0.09244291163807683,2,0,,2,run.fixture.fixed.103,103,fixed,fixture,645,False,15
edge.market,fresh,emulated_probe,8.937059496916913,0.10629405030830874,2,0,,2,run.fixture.fixed.103,103,fixed,fixture,650,False,20
edge.market,fresh,emulated_probe,8.878777768143234,0.11212222318567666,2,0,,2,run.fixture.fixed.103,103,fixed,fixture,655,False,25
edge.market,fresh,emulated_probe,8.929571057694435,0.10704289423055646,2,0,,2,run.fixture.fixed.103,103,fixed,fixture,660,True,0
edge.market,fresh,emulated_probe,9.126752523094076,0.0873247476905924,2,0,,2,run.fixture.fixed.103,103,fixed,fixture,665,True,5
edge.market,fresh,emulated_probe,9.047189325569963,0.09528106744300369,2,0,,2,run.fixture.fixed.103,103,fixed,fixture,670,True,10
edge.market,fresh,emulated_probe,9.00902706072344,0.09909729392765598,2,0,,2,run.fixture.fixed.103,103,fixed,fixture,675,True,15
edge.market,fresh,emulated_probe,8.878112694708651,0.11218873052913492,2,0,,2,run.fixture.fixed.103,103,fixed,fixture,680,True,20
edge.market,fresh,emulated_probe,8.931843980834419,0.10681560191655814,2,0,,2,run.fixture.fixed.103,103,fixed,fixture,685,True,25
edge.market,fresh,emulated_probe,8.53446697741858,0.146553302258142,2,0,,2,run.fixture.fixed.103,103,fixed,fixture,690,False,0
edge.market,fresh,emulated_probe,8.783763855134922,0.12162361448650783,2,0,,2,run.fixture.fixed.103,103,fixed,fixture,695,False,5
edge.market,fresh,emulated_probe,8.959461286485322,0.10405387135146782,2,0,,2,run.fixture.fixed.103,103,fixed,fixture,700,False,10
edge.market,fresh,emulated_probe,8.893156220550564,0.11068437794494357,2,0,,2,run.fixture.fixed.103,103,fixed,fixture,705,False,15
edge.market,fresh,emulated_probe,8.846225959212976,0.11537740407870234,2,0,,2,run.fixture.fixed.103,103,fixed,fixture,710,False,20
edge.market,fresh,emulated_probe,9.13951897428905,0.08604810257109496,2,0,,2,run.fixture.fixed.103,103,fixed,fixture,715,False,25
edge.market,fresh,emulated_probe,8.89902589583195,0.11009741041680488,2,0,,2,run.fixture.fixed.103,103,fixed,fixture,720,True,0
edge.market,fresh,emulated_probe,9.165797614705058,0.0834202385294942,2,0,,2,run.fixture.fixed.103,103,fixed,fixture,725,True,5
edge.market,fresh,emulated_probe,8.944519163420182,0.10554808365798185,2,0,,2,run.fixture.fixed.103,103,fixed,fixture,730,True,10
edge.market,fresh,emulated_probe,9.035530395598878,0.09644696044011225,2,0,,2,run.fixture.fixed.103,103,fixed,fixture,735,True,15
edge.market,fresh,emulated_probe,9.511227991458405,0.048877200854159475,2,0,,2,run.fixture.fixed.103,103,fixed,fixture,740,True,20
edge.market,fresh,emulated_probe,9.250384743274097,0.07496152567259029,2,0,,2,run.fixture.fixed.103,103,fixed,fixture,745,True,25
edge.market,fresh,emulated_probe,9.269372779586837,0.07306272204131636,2,0,,2,run.fixture.fixed.103,103,fixed,fixture,750,False,0
edge.market,fresh,emulated_probe,8.989772384113058,0.10102276158869417,2,0,,2,run.fixture.fixed.103,103,fixed,fixture,755,False,5
edge.market,fresh,emulated_probe,8.825419250959662,0.11745807490403382,2,0,,2,run.fixture.fixed.103,103,fixed,fixture,760,False,10
edge.market,fresh,emulated_probe,8.939240509107176,0.10607594908928242,2,0,,2,run.fixture.fixed.103,103,fixed,fixture,765,False,15
edge.market,fresh,emulated_probe,9.091108056788961,0.09088919432110387,2,0,,2,run.fixture.fixed.103,103,fixed,fixture,770,False,20
edge.market,fresh,emulated_probe,9.050606045602844,0.09493939543971552,2,0,,2,run.fixture.fixed.103,103,fixed,fixture,775,False,25
edge.market,fresh,emulated_probe,9.071752245035231,0.09282477549647683,2,0,,2,run.fixture.fixed.103,103,fixed,fixture,780,True,0
edge.market,fresh,emulated_probe,9.070162802861113,0.09298371971388875,2,0,,2,run.fixture.fixed.103,103,fixed,fixture,785,True,5
edge.market,fresh,emulated_probe,9.098142119273021,0.09018578807269795,2,0,,2,run.fixture.fixed.103,103,fixed,fixture,790,True,10
edge.market,fresh,emulated_probe,9.140169740071244,0.08598302599287566,2,0,,2,run.fixture.fixed.103,103,fixed,fixture,795,True,15
edge.market,fresh,emulated_probe,9.125912392482942,0.08740876075170578,2,0,,2,run.fixture.fixed.103,103,fixed,fixture,800,True,20
edge.market,fresh,emulated_probe,9.091973558681236,0.09080264413187644,2,0,,2,run.fixture.fixed.103,103,fixed,fixture,805,True,25
edge.market,fresh,emulated_probe,9.03649272002236,0.0963507279977639,2,0,,2,run.fixture.fixed.103,103,fixed,fixture,810,False,0
edge.market,fresh,emulated_probe,8.931393746366718,0.10686062536332819,2,0,,2,run.fixture.fixed.103,103,fixed,fixture,815,False,5
edge.market,fresh,emulated_probe,8.886165166771693,0.11138348332283066,2,0,,2,run.fixture.fixed.103,103,fixed,fixture,820,False,10
edge.market,fresh,emulated_probe,9.008712276183982,0.09912877238160189,2,0,,2,run.fixture.fixed.103,103,fixed,fixture,825,False,15
edge.market,fresh,emulated_probe,8.638268380955822,0.13617316190441786,2,0,,2,run.fixture.fixed.103,103,fixed,fixture,830,False,20
edge.market,fresh,emulated_probe,8.9109645094306,0.10890354905693989,2,0,,2,run.fixture.fixed.103,103,fixed,fixture,835,False,25
edge.market,fresh,emulated_probe,8.748565047987977,0.12514349520120227,2,0,,2,run.fixture.fixed.103,103,fixed,fixture,840,True,0
edge.market,fresh,emulated_probe,8.61988797352563,0.13801120264743694,2,0,,2,run.fixture.fixed.103,103,fixed,fixture,845,True,5
edge.market,fresh,emulated_probe,8.923551343667965,0.10764486563320352,2,0,,2,run.fixture.fixed.103,103,fixed,fixture,850,True,10
edge.market,fresh,emulated_probe,9.070052093527696,0.09299479064723037,2,0,,2,run.fixture.fixed.103,103,fixed,fixture,855,True,15
edge.market,fresh,emulated_probe,8.905766340984053,0.10942336590159463,2,0,,2,run.fixture.fixed.103,103,fixed,fixture,860,True,20
edge.market,fresh,emulated_probe,9.127924559381057,0.08720754406189424,2,0,,2,run.fixture.fixed.103,103,fixed,fixture,865,True,25
edge.market,fresh,emulated_probe,8.98243422796932,0.10175657720306808,2,0,,2,run.fixture.fixed.103,103,fixed,fixture,870,False,0
edge.market,fresh,emulated_probe,9.24851918715477,0.075148081284523,2,0,,2,run.fixture.fixed.103,103,fixed,fixture,875,False,5
edge.market,fresh,emulated_probe,8.790236609268028,0.12097633907319716,2,0,,2,run.fixture.fixed.103,103,fixed,fixture,880,False,10
edge.market,fresh,emulated_probe,9.215977746724157,0.07840222532758434,2,0,,2,run.fixture.fixed.103,103,fixed,fixture,885,False,15
edge.market,fresh,emulated_probe,8.858867530832713,0.11411324691672875,2,0,,2,run.fixture.fixed.103,103,fixed,fixture,890,False,20
edge.market,fresh,emulated_probe,9.105472284530402,0.08945277154695985,2,0,,2,run.fixture.fixed.103,103,fixed,fixture,895,False,25
edge.market,fresh,emulated_probe,9.302497991311398,0.06975020086886019,2,0,,2,run.fixture.fixed.103,103,fixed,fixture,900,True,0
edge.market,fresh,emulated_probe,9.00778202573699,0.099221797426301,2,0,,2,run.fixture.fixed.104,104,fixed,fixture,0,True,0
edge.market,fresh,emulated_probe,9.001159639083255,0.09988403609167451,2,0,,2,run.fixture.fixed.104,104,fixed,fixture,5,True,5
edge.market,fresh,emulated_probe,8.719979656222918,0.12800203437770818,2,0,,2,run.fixture.fixed.104,104,fixed,fixture,10,True,10
edge.market,fresh,emulated_probe,9.071961007738134,0.09280389922618659,2,0,,2,run.fixture.fixed.104,104,fixed,fixture,15,True,15
edge.market,fresh,emulated_probe,8.927759792054871,0.10722402079451288,2,0,,2,run.fixture.fixed.104,104,fixed,fixture,20,True,20
edge.market,fresh,emulated_probe,9.06263672642499,0.09373632735750093,2,0,,2,run.fixture.fixed.104,104,fixed,fixture,25,True,25
edge.market,fresh,emulated_probe,8.794753454826058,0.12052465451739425,2,0,,2,run.fixture.fixed.104,104,fixed,fixture,30,False,0
edge.market,fresh,emulated_probe,8.894949362543617,0.11050506374563829,2,0,,2,run.fixture.fixed.104,104,fixed,fixture,35,False,5
edge.market,fresh,emulated_probe,8.846462613364265,0.11535373866357346,2,0,,2,run.fixture.fixed.104,104,fixed,fixture,40,False,10
edge.market,fresh,emulated_probe,8.74415333681597,0.12558466631840304,2,0,,2,run.fixture.fixed.104,104,fixed,fixture,45,False,15
edge.market,fresh,emulated_probe,9.121205971208784,0.08787940287912155,2,0,,2,run.fixture.fixed.104,104,fixed,fixture,50,False,20
edge.market,fresh,emulated_probe,8.774491991663972,0.12255080083360281,2,0,,2,run.fixture.fixed.104,104,fixed,fixture,55,False,25
edge.market,fresh,emulated_probe,8.887101527674577,0.11128984723254232,2,0,,2,run.fixture.fixed.104,104,fixed,fixture,60,True,0
edge.market,fresh,emulated_probe,8.978833710680131,0.10211662893198681,2,0,,2,run.fixture.fixed.104,104,fixed,fixture,65,True,5
edge.market,fresh,emulated_probe,8.680721893677237,0.13192781063227632,2,0,,2,run.fixture.fixed.104,104,fixed,fixture,70,True,10
edge.market,fresh,emulated_probe,9.063448044266913,0.0936551955733087,2,0,,2,run.fixture.fixed.104,104,fixed,fixture,75,True,15
edge.market,fresh,emulated_probe,8.95058291066187,0.10494170893381294,2,0,,2,run.fixture.fixed.104,104,fixed,fixture,80,True,20
edge.market,fresh,emulated_probe,8.991643592164785,0.10083564078352159,2,0,,2,run.fixture.fixed.104,104,fixed,fixture,85,True,25
edge.market,fresh,emulated_probe,9.039661188692353,0.09603388113076472,2,0,,2,run.fixture.fixed.104,104,fixed,fixture,90,False,0
edge.market,fresh,emulated_probe,8.949303257325258,0.10506967426747416,2,0,,2,run.fixture.fixed.104,104,fixed,fixture,95,False,5
edge.market,fresh,emulated_probe,9.000434291588181,0.09995657084118181,2,0,,2,run.fixture.fixed.104,104,fixed,fixture,100,False,10
edge.market,fresh,emulated_probe,9.204553136322708,0.07954468636772916,2,0,,2,run.fixture.fixed.104,104,fixed,fixture,105,False,15
edge.market,fresh,emulated_probe,9.073616338783314,0.09263836612166865,2,0,,2,run.fixture.fixed.104,104,fixed,fixture,110,False,20
edge.market,fresh,emulated_probe,9.258239118829803,0.0741760881170197,2,0,,2,run.fixture.fixed.104,104,fixed,fixture,115,False,25
edge.market,fresh,emulated_probe,8.505290371675777,0.14947096283242234,2,0,,2,run.fixture.fixed.104,104,fixed,fixture,120,True,0
edge.market,fresh,emulated_probe,8.819759724188344,0.11802402758116559,2,0,,2,run.fixture.fixed.104,104,fixed,fixture,125,True,5
edge.market,fresh,emulated_probe,9.292408321601494,0.07075916783985059,2,0,,2,run.fixture.fixed.104,104,fixed,fixture,130,True,10
edge.market,fresh,emulated_probe,8.987032965636018,0.10129670343639818,2,0,,2,run.fixture.fixed.104,104,fixed,fixture,135,True,15
edge.market,fresh,emulated_probe,9.02794369386258,0.09720563061374199,2,0,,2,run.fixture.fixed.104,104,fixed,fixture,140,True,20
edge.market,fresh,emulated_probe,8.689508094782274,0.13104919052177255,2,0,,2,run.fixture.fixed.104,104,fixed,fixture,145,True,25
edge.market,fresh,emulated_probe,9.065773912957404,0.09342260870425956,2,0,,2,run.fixture.fixed.104,104,fixed,fixture,150,False,0
edge.market,fresh,emulated_probe,8.750854808805345,0.1249145191194655,2,0,,2,run.fixture.fixed.104,104,fixed,fixture,155,False,5
edge.market,fresh,emulated_probe,9.019452823897387,0.0980547176102613,2,0,,2,run.fixture.fixed.104,104,fixed,fixture,160,False,10
edge.market,fresh,emulated_probe,9.012375544323277,0.09876244556767233,2,0,,2,run.fixture.fixed.104,104,fixed,fixture,165,False,15
edge.market,fresh,emulated_probe,8.694455724038056,0.1305544275961944,2,0,,2,run.fixture.fixed.104,104,fixed,fixture,170,False,20
edge.market,fresh,emulated_probe,8.983484331314447,0.10165156686855537,2,0,,2,run.fixture.fixed.104,104,fixed,fixture,175,False,25
edge.market,fresh,emulated_probe,9.094169147334373,0.09058308526656267,2,0,,2,run.fixture.fixed.104,104,fixed,fixture,180,True,0
edge.market,fresh,emulated_probe,8.731049395379667,0.12689506046203325,2,0,,2,run.fixture.fixed.104,104,fixed,fixture,185,True,5
edge.market,fresh,emulated_probe,8.588216403760072,0.14117835962399283,2,0,,2,run.fixture.fixed.104,104,fixed,fixture,190,True,10
edge.market,fresh,emulated_probe,8.237122942018303,0.17628770579816977,2,0,,2,run.fixture.fixed.104,104,fixed,fixture,195,True,15
edge.market,fresh,emulated_probe,8.437169848620936,0.15628301513790643,2,0,,2,run.fixture.fixed.104,104,fixed,fixture,200,True,20
edge.market,fresh,emulated_probe,8.422734496381537,0.15772655036184635,2,0,,2,run.fixture.fixed.104,104,fixed,fixture,205,True,25
edge.market,fresh,emulated_probe,8.22468074926602,0.1775319250733981,2,0,,2,run.fixture.fixed.104,104,fixed,fixture,210,False,0
edge.market,fresh,emulated_probe,7.720854104293229,0.22791458957067712,2,0,,2,run.fixture.fixed.104,104,fixed,fixture,215,False,5
edge.market,fresh,emulated_probe,7.769655539197101,0.22303444608028988,2,0,,2,run.fixture.fixed.104,104,fixed,fixture,220,False,10
edge.market,fresh,emulated_probe,7.770989800422651,0.22290101995773492,2,0,,2,run.fixture.fixed.104,104,fixed,fixture,225,False,15
edge.market,fresh,emulated_probe,7.163849370084927,0.2836150629915073,2,0,,2,run.fixture.fixed.104,104,fixed,fixture,230,False,20
edge.market,fresh,emulated_probe,7.01959657810877,0.298040342189123,2,0,,2,run.fixture.fixed.104,104,fixed,fixture,235,False,25
edge.market,fresh,emulated_probe,7.08867457725502,0.29113254227449803,2,0,,2,run.fixture.fixed.104,104,fixed,fixture,240,True,0
edge.market,fresh,emulated_probe,6.972266853214153,0.3027733146785847,2,0,,2,run.fixture.fixed.104,104,fixed,fixture,245,True,5
edge.market,fresh,emulated_probe,6.586075964186985,0.3413924035813015,2,0,,2,run.fixture.fixed.104,104,fixed,fixture,250,True,10
edge.market,fresh,emulated_probe,6.353596746306556,0.36464032536934443,2,0,,2,run.fixture.fixed.104,104,fixed,fixture,255,True,15
edge.market,fresh,emulated_probe,6.294547838404146,0.37054521615958547,2,0,,2,run.fixture.fixed.104,104,fixed,fixture,260,True,20
edge.market,fresh,emulated_probe,6.21138342648319,0.378861657351681,2,0,,2,run.fixture.fixed.104,104,fixed,fixture,265,True,25
edge.market,fresh,emulated_probe,5.765502026242657,0.4234497973757343,2,0,,2,run.fixture.fixed.104,104,fixed,fixture,270,False,0
edge.market,fresh,emulated_probe,5.968284246246636,0.40317157537533643,2,0,,2,run.fixture.fixed.104,104,fixed,fixture,275,False,5
edge.market,fresh,emulated_probe,5.838823610507838,0.4161176389492163,2,0,,2,run.fixture.fixed.104,104,fixed,fixture,280,False,10
edge.market,fresh,emulated_probe,5.414955545571305,0.4585044454428695,2,0,,2,run.fixture.fixed.104,104,fixed,fixture,285,False,15
edge.market,fresh,emulated_probe,5.115200636244685,0.48847993637553144,2,0,,2,run.fixture.fixed.104,104,fixed,fixture,290,False,20
edge.market,fresh,emulated_probe,4.727113082546271,0.5272886917453729,2,0,,2,run.fixture.fixed.104,104,fixed,fixture,295,False,25
edge.market,fresh,emulated_probe,4.727113082546271,0.5272886917453729,2,5,,2,run.fixture.fixed.104,104,fixed,fixture,300,True,0
edge.market,fresh,emulated_probe,4.727113082546271,0.5272886917453729,2,10,,2,run.fixture.fixed.104,104,fixed,fixture,305,True,5
edge.market,fresh,emulated_probe,4.727113082546271,0.5272886917453729,2,15,,2,run.fixture.fixed.104,104,fixed,fixture,310,True,10
edge.market,stale,,,,2,20,,0,run.fixture.fixed.104,104,fixed,fixture,315,True,15
edge.market,stale,,,,2,25,,0,run.fixture.fixed.104,104,fixed,fixture,320,True,20
edge.market,stale,,,,2,30,,0,run.fixture.fixed.104,104,fixed,fixture,325,True,25
edge.market,stale,,,,2,35,,0,run.fixture.fixed.104,104,fixed,fixture,330,False,0
edge.market,stale,,,,2,40,,0,run.fixture.fixed.104,104,fixed,fixture,335,False,5
edge.market,stale,,,,2,45,,0,run.fixture.fixed.104,104,fixed,fixture,340,False,10
edge.market,stale,,,,2,50,,0,run.fixture.fixed.104,104,fixed,fixture,345,False,15
edge.market,stale,,,,2,55,,0,run.fixture.fixed.104,104,fixed,fixture,350,False,20
edge.market,fresh,emulated_probe,3.122151581263341,0.6877848418736658,2,0,,2,run.fixture.fixed.104,104,fixed,fixture,355,False,25
edge.market,fresh,emulated_probe,2.7797903104924235,0.7220209689507576,2,0,,2,run.fixture.fixed.104,104,fixed,fixture,360,True,0
edge.market,fresh,emulated_probe,2.6212077467531376,0.7378792253246862,2,0,,2,run.fixture.fixed.104,104,fixed,fixture,365,True,5
edge.market,fresh,emulated_probe,2.5721522940599826,0.7427847705940017,2,0,,2,run.fixture.fixed.104,104,fixed,fixture,370,True,10
edge.market,fresh,emulated_probe,2.141753718394411,0.7858246281605589,2,0,,2,run.fixture.fixed.104,104,fixed,fixture,375,True,15
edge.market,fresh,emulated_probe,1.8447162015959584,0.8155283798404042,2,0,,2,run.fixture.fixed.104,104,fixed,fixture,380,True,20
edge.market,fresh,emulated_probe,1.9250891468006874,0.8074910853199313,2,0,,2,run.fixture.fixed.104,104,fixed,fixture,385,True,25
edge.market,fresh,emulated_probe,1.5756806176238531,0.8424319382376146,2,0,,2,run.fixture.fixed.104,104,fixed,fixture,390,False,0
edge.market,fresh,emulated_probe,1.3713904829500607,0.8628609517049939,2,0,,2,run.fixture.fixed.104,104,fixed,fixture,395,False,5
edge.market,fresh,emulated_probe,1.0106119893803638,0.8989388010619637,2,0,,2,run.fixture.fixed.104,104,fixed,fixture,400,False,10
edge.market,fresh,emulated_probe,1.1236281252275682,0.8876371874772432,2,0,,2,run.fixture.fixed.104,104,fixed,fixture,405,False,15
edge.market,fresh,emulated_probe,1.1140019642352905,0.888599803576471,2,0,,2,run.fixture.fixed.104,104,fixed,fixture,410,False,20
edge.market,fresh,emulated_probe,1.094297305336755,0.8905702694663244,2,0,,2,run.fixture.fixed.104,104,fixed,fixture,415,False,25
edge.market,fresh,emulated_probe,1.3198736838854563,0.8680126316114544,2,0,,2,run.fixture.fixed.104,104,fixed,fixture,420,True,0
edge.market,fresh,emulated_probe,1.014024017917325,0.8985975982082675,2,0,,2,run.fixture.fixed.104,104,fixed,fixture,425,True,5
edge.market,fresh,emulated_probe,1.09050724045751,0.890949275954249,2,0,,2,run.fixture.fixed.104,104,fixed,fixture,430,True,10
edge.market,fresh,emulated_probe,0.8627392475501217,0.9137260752449878,2,0,,2,run.fixture.fixed.104,104,fixed,fixture,435,True,15
edge.market,fresh,emulated_probe,1.1255321472096917,0.8874467852790309,2,0,,2,run.fixture.fixed.104,104,fixed,fixture,440,True,20
edge.market,fresh,emulated_probe,0.8187944184752111,0.918120558152479,2,0,,2,run.fixture.fixed.104,104,fixed,fixture,445,True,25
edge.market,fresh,emulated_probe,0.8172978991178764,0.9182702100882123,2,0,,2,run.fixture.fixed.104,104,fixed,fixture,450,False,0
edge.market,fresh,emulated_probe,0.9969249771264749,0.9003075022873526,2,0,,2,run.fixture.fixed.104,104,fixed,fixture,455,False,5
edge.market,fresh,emulated_probe,0.8133361609624357,0.9186663839037564,2,0,,2,run.fixture.fixed.104,104,fixed,fixture,460,False,10
edge.market,fresh,emulated_probe,0.9139373554739516,0.9086062644526048,2,0,,2,run.fixture.fixed.104,104,fixed,fixture,465,False,15
edge.market,fresh,emulated_probe,0.9732021870354951,0.9026797812964504,2,0,,2,run.fixture.fixed.104,104,fixed,fixture,470,False,20
edge.market,fresh,emulated_probe,1.7274634348314528,0.8272536565168547,2,0,,2,run.fixture.fixed.104,104,fixed,fixture,475,False,25
edge.market,fresh,emulated_probe,1.9139689949528877,0.8086031005047112,2,0,,2,run.fixture.fixed.104,104,fixed,fixture,480,True,0
edge.market,fresh,emulated_probe,2.3319983592374474,0.7668001640762553,2,0,,2,run.fixture.fixed.104,104,fixed,fixture,485,True,5
edge.market,fresh,emulated_probe,2.781496123370826,0.7218503876629174,2,0,,2,run.fixture.fixed.104,104,fixed,fixture,490,True,10
edge.market,fresh,emulated_probe,3.2551214529713213,0.6744878547028679,2,0,,2,run.fixture.fixed.104,104,fixed,fixture,495,True,15
edge.market,fresh,emulated_probe,3.6570112410092372,0.6342988758990763,2,0,,2,run.fixture.fixed.104,104,fixed,fixture,500,True,20
edge.market,fresh,emulated_probe,4.0320432852579655,0.5967956714742034,2,0,,2,run.fixture.fixed.104,104,fixed,fixture,505,True,25
edge.market,fresh,emulated_probe,4.149683196789936,0.5850316803210064,2,0,,2,run.fixture.fixed.104,104,fixed,fixture,510,False,0
edge.market,fresh,emulated_probe,4.497922030086441,0.5502077969913559,2,0,,2,run.fixture.fixed.104,104,fixed,fixture,515,False,5
edge.market,fresh,emulated_probe,5.289572654501713,0.4710427345498287,2,0,,2,run.fixture.fixed.104,104,fixed,fixture,520,False,10
edge.market,fresh,emulated_probe,5.798625709055746,0.4201374290944254,2,0,,2,run.fixture.fixed.104,104,fixed,fixture,525,False,15
edge.market,fresh,emulated_probe,5.586141669008397,0.44138583309916035,2,0,,2,run.fixture.fixed.104,104,fixed,fixture,530,False,20
edge.market,fresh,emulated_probe,6.252649276360179,0.37473507236398207,2,0,,2,run.fixture.fixed.104,104,fixed,fixture,535,False,25
edge.market,fresh,emulated_probe,6.952079471552995,0.30479205284470046,2,0,,2,run.fixture.fixed.104,104,fixed,fixture,540,True,0
edge.market,fresh,emulated_probe,7.142555702882991,0.2857444297117009,2,0,,2,run.fixture.fixed.104,104,fixed,fixture,545,True,5
edge.market,fresh,emulated_probe,7.662715819168032,0.2337284180831969,2,0,,2,run.fixture.fixed.104,104,fixed,fixture,550,True,10
edge.market,fresh,emulated_probe,8.057665252801304,0.19423347471986963,2,0,,2,run.fixture.fixed.104,104,fixed,fixture,555,True,15
edge.market,fresh,emulated_probe,7.938606593517537,0.20613934064824624,2,0,,2,run.fixture.fixed.104,104,fixed,fixture,560,True,20
edge.market,fresh,emulated_probe,8.878563791957607,0.11214362080423934,2,0,,2,run.fixture.fixed.104,104,fixed,fixture,565,True,25
edge.market,fresh,emulated_probe,8.783275507545003,0.12167244924549969,2,0,,2,run.fixture.fixed.104,104,fixed,fixture,570,False,0
edge.market,fresh,emulated_probe,9.135548964133925,0.08644510358660751,2,0,,2,run.fixture.fixed.104,104,fixed,fixture,575,False,5
edge.market,fresh,emulated_probe,8.625415412295132,0.1374584587704868,2,0,,2,run.fixture.fixed.104,104,fixed,fixture,580,False,10
edge.market,fresh,emulated_probe,8.800737451873122,0.11992625481268782,2,0,,2,run.fixture.fixed.104,104,fixed,fixture,585,False,15
edge.market,fresh,emulated_probe,9.31277162126448,0.06872283787355205,2,0,,2,run.fixture.fixed.104,104,fixed,fixture,590,False,20
edge.market,fresh,emulated_probe,9.100542444850896,0.08994575551491035,2,0,,2,run.fixture.fixed.104,104,fixed,fixture,595,False,25
edge.market,fresh,emulated_probe,9.241436184731471,0.07585638152685292,2,0,,2,run.fixture.fixed.104,104,fixed,fixture,600,True,0
edge.market,fresh,emulated_probe,8.897740221792088,0.11022597782079124,2,0,,2,run.fixture.fixed.104,104,fixed,fixture,605,True,5
edge.market,fresh,emulated_probe,9.100970747473784,0.08990292525262156,2,0,,2,run.fixture.fixed.104,104,fixed,fixture,610,True,10
edge.market,fresh,emulated_probe,9.198074539892888,0.08019254601071124,2,0,,2,run.fixture.fixed.104,104,fixed,fixture,615,True,15
edge.market,fresh,emulated_probe,8.72084266113611,0.127915733886389,2,0,,2,run.fixture.fixed.104,104,fixed,fixture,620,True,20
edge.market,fresh,emulated_probe,8.878837686521589,0.1121162313478411,2,0,,2,run.fixture.fixed.104,104,fixed,fixture,625,True,25
edge.market,fresh,emulated_probe,8.997508410352768,0.1002491589647232,2,0,,2,run.fixture.fixed.104,104,fixed,fixture,630,False,0
edge.market,fresh,emulated_probe,9.166245516480615,0.08337544835193855,2,0,,2,run.fixture.fixed.104,104,fixed,fixture,635,False,5
edge.market,fresh,emulated_probe,9.15767393271314,0.08423260672868604,2,0,,2,run.fixture.fixed.104,104,fixed,fixture,640,False,10
edge.market,fresh,emulated_probe,8.700715591449013,0.1299284408550987,2,0,,2,run.fixture.fixed.104,104,fixed,fixture,645,False,15
edge.market,fresh,emulated_probe,8.796027523928224,0.12039724760717763,2,0,,2,run.fixture.fixed.104,104,fixed,fixture,650,False,20
edge.market,fresh,emulated_probe,8.95130680116793,0.10486931988320691,2,0,,2,run.fixture.fixed.104,104,fixed,fixture,655,False,25
edge.market,fresh,emulated_probe,9.122950739683208,0.08770492603167912,2,0,,2,run.fixture.fixed.104,104,fixed,fixture,660,True,0
edge.market,fresh,emulated_probe,8.976189770248329,0.10238102297516716,2,0,,2,run.fixture.fixed.104,104,fixed,fixture,665,True,5
edge.market,fresh,emulated_probe,9.08735228406547,0.09126477159345292,2,0,,2,run.fixture.fixed.104,104,fixed,fixture,670,True,10
edge.market,fresh,emulated_probe,8.958181303299872,0.10418186967001275,2,0,,2,run.fixture.fixed.104,104,fixed,fixture,675,True,15
edge.market,fresh,emulated_probe,8.882245728009108,0.11177542719908917,2,0,,2,run.fixture.fixed.104,104,fixed,fixture,680,True,20
edge.market,fresh,emulated_probe,8.824651898529424,0.11753481014705758,2,0,,2,run.fixture.fixed.104,104,fixed,fixture,685,True,25
edge.market,fresh,emulated_probe,8.878107933781674,0.11218920662183263,2,0,,2,run.fixture.fixed.104,104,fixed,fixture,690,False,0
edge.market,fresh,emulated_probe,9.102588346913109,0.08974116530868914,2,0,,2,run.fixture.fixed.104,104,fixed,fixture,695,False,5
edge.market,fresh,emulated_probe,9.32762348162278,0.06723765183772201,2,0,,2,run.fixture.fixed.104,104,fixed,fixture,700,False,10
edge.market,fresh,emulated_probe,8.89511690429919,0.11048830957008104,2,0,,2,run.fixture.fixed.104,104,fixed,fixture,705,False,15
edge.market,fresh,emulated_probe,9.392233163105015,0.06077668368949851,2,0,,2,run.fixture.fixed.104,104,fixed,fixture,710,False,20
edge.market,fresh,emulated_probe,8.902830990685732,0.10971690093142672,2,0,,2,run.fixture.fixed.104,104,fixed,fixture,715,False,25
edge.market,fresh,emulated_probe,8.777843903243978,0.12221560967560219,2,0,,2,run.fixture.fixed.104,104,fixed,fixture,720,True,0
edge.market,fresh,emulated_probe,9.136480343141308,0.08635196568586923,2,0,,2,run.fixture.fixed.104,104,fixed,fixture,725,True,5
edge.market,fresh,emulated_probe,9.322209580610956,0.06777904193890438,2,0,,2,run.fixture.fixed.104,104,fixed,fixture,730,True,10
edge.market,fresh,emulated_probe,9.099051787350145,0.09009482126498547,2,0,,2,run.fixture.fixed.104,104,fixed,fixture,735,True,15
edge.market,fresh,emulated_probe,8.955558341184505,0.10444416588154959,2,0,,2,run.fixture.fixed.104,104,fixed,fixture,740,True,20
edge.market,fresh,emulated_probe,9.214731009901845,0.07852689900981547,2,0,,2,run.fixture.fixed.104,104,fixed,fixture,745,True,25
edge.market,fresh,emulated_probe,9.041997470600663,0.09580025293993377,2,0,,2,run.fixture.fixed.104,104,fixed,fixture,750,False,0
edge.market,fresh,emulated_probe,8.712802616041023,0.1287197383958978,2,0,,2,run.fixture.fixed.104,104,fixed,fixture,755,False,5
edge.market,fresh,emulated_probe,8.989510856992062,0.10104891430079377,2,0,,2,run.fixture.fixed.104,104,fixed,fixture,760,False,10
edge.market,fresh,emulated_probe,8.873918460183324,0.11260815398166757,2,0,,2,run.fixture.fixed.104,104,fixed,fixture,765,False,15
edge.market,fresh,emulated_probe,9.215757523630067,0.0784242476369933,2,0,,2,run.fixture.fixed.104,104,fixed,fixture,770,False,20
edge.market,fresh,emulated_probe,9.3667228311573,0.06332771688426997,2,0,,2,run.fixture.fixed.104,104,fixed,fixture,775,False,25
edge.market,fresh,emulated_probe,8.74335516691179,0.12566448330882096,2,0,,2,run.fixture.fixed.104,104,fixed,fixture,780,True,0
edge.market,fresh,emulated_probe,9.00485808136992,0.09951419186300803,2,0,,2,run.fixture.fixed.104,104,fixed,fixture,785,True,5
edge.market,fresh,emulated_probe,9.052489328534545,0.09475106714654546,2,0,,2,run.fixture.fixed.104,104,fixed,fixture,790,True,10
edge.market,fresh,emulated_probe,9.120436572469579,0.0879563427530421,2,0,,2,run.fixture.fixed.104,104,fixed,fixture,795,True,15
edge.market,fresh,emulated_probe,8.957911300943017,0.10420886990569822,2,0,,2,run.fixture.fixed.104,104,fixed,fixture,800,True,20
edge.market,fresh,emulated_probe,8.905307620797577,0.10946923792024221,2,0,,2,run.fixture.fixed.104,104,fixed,fixture,805,True,25
edge.market,fresh,emulated_probe,9.205792855896377,0.07942071441036236,2,0,,2,run.fixture.fixed.104,104,fixed,fixture,810,False,0
edge.market,fresh,emulated_probe,8.681686398055376,0.1318313601944624,2,0,,2,run.fixture.fixed.104,104,fixed,fixture,815,False,5
edge.market,fresh,emulated_probe,8.73679722638581,0.12632027736141893,2,0,,2,run.fixture.fixed.104,104,fixed,fixture,820,False,10
edge.market,fresh,emulated_probe,9.097674445438424,0.0902325554561576,2,0,,2,run.fixture.fixed.104,104,fixed,fixture,825,False,15
edge.market,fresh,emulated_probe,9.037609139296976,0.0962390860703024,2,0,,2,run.fixture.fixed.104,104,fixed,fixture,830,False,20
edge.market,fresh,emulated_probe,8.978289483042005,0.10217105169579954,2,0,,2,run.fixture.fixed.104,104,fixed,fixture,835,False,25
edge.market,fresh,emulated_probe,9.087291036917039,0.0912708963082961,2,0,,2,run.fixture.fixed.104,104,fixed,fixture,840,True,0
edge.market,fresh,emulated_probe,8.76954927532469,0.12304507246753094,2,0,,2,run.fixture.fixed.104,104,fixed,fixture,845,True,5
edge.market,fresh,emulated_probe,8.690101749309765,0.13098982506902357,2,0,,2,run.fixture.fixed.104,104,fixed,fixture,850,True,10
edge.market,fresh,emulated_probe,9.233867081946975,0.07661329180530241,2,0,,2,run.fixture.fixed.104,104,fixed,fixture,855,True,15
edge.market,fresh,emulated_probe,9.187984483811364,0.08120155161886355,2,0,,2,run.fixture.fixed.104,104,fixed,fixture,860,True,20
edge.market,fresh,emulated_probe,9.04099950149922,0.09590004985007794,2,0,,2,run.fixture.fixed.104,104,fixed,fixture,865,True,25
edge.market,fresh,emulated_probe,9.029220500081106,0.09707794999188946,2,0,,2,run.fixture.fixed.104,104,fixed,fixture,870,False,0
edge.market,fresh,emulated_probe,8.852727244547069,0.11472727554529316,2,0,,2,run.fixture.fixed.104,104,fixed,fixture,875,False,5
edge.market,fresh,emulated_probe,9.090241032389468,0.09097589676105322,2,0,,2,run.fixture.fixed.104,104,fixed,fixture,880,False,10
edge.market,fresh,emulated_probe,8.774579817628952,0.12254201823710476,2,0,,2,run.fixture.fixed.104,104,fixed,fixture,885,False,15
edge.market,fresh,emulated_probe,8.908942370265706,0.10910576297342944,2,0,,2,run.fixture.fixed.104,104,fixed,fixture,890,False,20
edge.market,fresh,emulated_probe,9.181876265941803,0.0818123734058197,2,0,,2,run.fixture.fixed.104,104,fixed,fixture,895,False,25
edge.market,fresh,emulated_probe,8.79854395591576,0.12014560440842403,2,0,,2,run.fixture.fixed.104,104,fixed,fixture,900,True,0
edge.market,fresh,emulated_probe,8.59534696086602,0.14046530391339795,2,0,,2,run.fixture.fixed.105,105,fixed,fixture,0,True,0
edge.market,fresh,emulated_probe,9.036566564213206,0.09634334357867935,2,0,,2,run.fixture.fixed.105,105,fixed,fixture,5,True,5
edge.market,fresh,emulated_probe,8.859938042250887,0.11400619577491133,2,0,,2,run.fixture.fixed.105,105,fixed,fixture,10,True,10
edge.market,fresh,emulated_probe,8.698148913660352,0.1301851086339647,2,0,,2,run.fixture.fixed.105,105,fixed,fixture,15,True,15
edge.market,fresh,emulated_probe,8.79394163262549,0.12060583673745096,2,0,,2,run.fixture.fixed.105,105,fixed,fixture,20,True,20
edge.market,fresh,emulated_probe,9.16007050189393,0.08399294981060701,2,0,,2,run.fixture.fixed.105,105,fixed,fixture,25,True,25
edge.market,fresh,emulated_probe,9.136678531325183,0.0863321468674817,2,0,,2,run.fixture.fixed.105,105,fixed,fixture,30,False,0
edge.market,fresh,emulated_probe,9.166161895322524,0.08338381046774757,2,0,,2,run.fixture.fixed.105,105,fixed,fixture,35,False,5
edge.market,fresh,emulated_probe,9.401227442419932,0.05987725575800673,2,0,,2,run.fixture.fixed.105,105,fixed,fixture,40,False,10
edge.market,fresh,emulated_probe,9.250259007799364,0.0749740992200636,2,0,,2,run.fixture.fixed.105,105,fixed,fixture,45,False,15
edge.market,fresh,emulated_probe,8.998752268974991,0.1001247731025009,2,0,,2,run.fixture.fixed.105,105,fixed,fixture,50,False,20
edge.market,fresh,emulated_probe,9.153585284175328,0.08464147158246715,2,0,,2,run.fixture.fixed.105,105,fixed,fixture,55,False,25
edge.market,fresh,emulated_probe,8.818651738653305,0.11813482613466952,2,0,,2,run.fixture.fixed.105,105,fixed,fixture,60,True,0
edge.market,fresh,emulated_probe,8.995224301149229,0.10047756988507717,2,0,,2,run.fixture.fixed.105,105,fixed,fixture,65,True,5
edge.market,fresh,emulated_probe,9.141623734444831,0.08583762655551685,2,0,,2,run.fixture.fixed.105,105,fixed,fixture,70,True,10
edge.market,fresh,emulated_probe,8.81312527921035,0.11868747207896502,2,0,,2,run.fixture.fixed.105,105,fixed,fixture,75,True,15
edge.market,fresh,emulated_probe,9.02129184497624,0.09787081550237597,2,0,,2,run.fixture.fixed.105,105,fixed,fixture,80,True,20
edge.market,fresh,emulated_probe,8.83710612266244,0.11628938773375597,2,0,,2,run.fixture.fixed.105,105,fixed,fixture,85,True,25
edge.market,fresh,emulated_probe,9.25757726385963,0.0742422736140369,2,0,,2,run.fixture.fixed.105,105,fixed,fixture,90,False,0
edge.market,fresh,emulated_probe,8.878274939419564,0.11217250605804363,2,0,,2,run.fixture.fixed.105,105,fixed,fixture,95,False,5
edge.market,fresh,emulated_probe,8.97294615164892,0.10270538483510805,2,0,,2,run.fixture.fixed.105,105,fixed,fixture,100,False,10
edge.market,fresh,emulated_probe,8.952858635280649,0.10471413647193517,2,0,,2,run.fixture.fixed.105,105,fixed,fixture,105,False,15
edge.market,fresh,emulated_probe,9.117705383078059,0.08822946169219414,2,0,,2,run.fixture.fixed.105,105,fixed,fixture,110,False,20
edge.market,fresh,emulated_probe,9.115384912963265,0.08846150870367353,2,0,,2,run.fixture.fixed.105,105,fixed,fixture,115,False,25
edge.market,fresh,emulated_probe,9.210005934794221,0.07899940652057791,2,0,,2,run.fixture.fixed.105,105,fixed,fixture,120,True,0
edge.market,fresh,emulated_probe,9.197539544680307,0.08024604553196935,2,0,,2,run.fixture.fixed.105,105,fixed,fixture,125,True,5
edge.market,fresh,emulated_probe,8.731480380554942,0.12685196194450588,2,0,,2,run.fixture.fixed.105,105,fixed,fixture,130,True,10
edge.market,fresh,emulated_probe,9.0062561097956,0.09937438902043993,2,0,,2,run.fixture.fixed.105,105,fixed,fixture,135,True,15
edge.market,fresh,emulated_probe,9.065659639328487,0.09343403606715128,2,0,,2,run.fixture.fixed.105,105,fixed,fixture,140,True,20
edge.market,fresh,emulated_probe,9.213986716629229,0.07860132833707711,2,0,,2,run.fixture.fixed.105,105,fixed,fixture,145,True,25
edge.market,fresh,emulated_probe,9.125390619447327,0.08746093805526733,2,0,,2,run.fixture.fixed.105,105,fixed,fixture,150,False,0
edge.market,fresh,emulated_probe,9.137704084494736,0.08622959155052645,2,0,,2,run.fixture.fixed.105,105,fixed,fixture,155,False,5
edge.market,fresh,emulated_probe,8.764643363012295,0.12353566369877045,2,0,,2,run.fixture.fixed.105,105,fixed,fixture,160,False,10
edge.market,fresh,emulated_probe,8.667850696698611,0.13321493033013887,2,0,,2,run.fixture.fixed.105,105,fixed,fixture,165,False,15
edge.market,fresh,emulated_probe,8.44459244989541,0.15554075501045905,2,0,,2,run.fixture.fixed.105,105,fixed,fixture,170,False,20
edge.market,fresh,emulated_probe,8.11958394812144,0.18804160518785606,2,0,,2,run.fixture.fixed.105,105,fixed,fixture,175,False,25
edge.market,fresh,emulated_probe,7.808149431160274,0.2191850568839726,2,0,,2,run.fixture.fixed.105,105,fixed,fixture,180,True,0
edge.market,fresh,emulated_probe,7.922529014445901,0.20774709855540985,2,0,,2,run.fixture.fixed.105,105,fixed,fixture,185,True,5
edge.market,fresh,emulated_probe,7.633738059260248,0.23662619407397512,2,0,,2,run.fixture.fixed.105,105,fixed,fixture,190,True,10
edge.market,fresh,emulated_probe,7.831144213270974,0.2168855786729026,2,0,,2,run.fixture.fixed.105,105,fixed,fixture,195,True,15
edge.market,fresh,emulated_probe,7.541697010351344,0.24583029896486563,2,0,,2,run.fixture.fixed.105,105,fixed,fixture,200,True,20
edge.market,fresh,emulated_probe,7.514704020135653,0.2485295979864347,2,0,,2,run.fixture.fixed.105,105,fixed,fixture,205,True,25
edge.market,fresh,emulated_probe,7.074361835068233,0.29256381649317675,2,0,,2,run.fixture.fixed.105,105,fixed,fixture,210,False,0
edge.market,fresh,emulated_probe,6.670644439482077,0.33293555605179237,2,0,,2,run.fixture.fixed.105,105,fixed,fixture,215,False,5
edge.market,fresh,emulated_probe,7.025522762511317,0.2974477237488683,2,0,,2,run.fixture.fixed.105,105,fixed,fixture,220,False,10
edge.market,fresh,emulated_probe,6.624765165133304,0.3375234834866696,2,0,,2,run.fixture.fixed.105,105,fixed,fixture,225,False,15
edge.market,fresh,emulated_probe,6.833403295531079,0.316659670446892,2,0,,2,run.fixture.fixed.105,105,fixed,fixture,230,False,20
edge.market,fresh,emulated_probe,6.310070550779994,0.36899294492200063,2,0,,2,run.fixture.fixed.105,105,fixed,fixture,235,False,25
edge.market,fresh,emulated_probe,5.756902612311823,0.4243097387688177,2,0,,2,run.fixture.fixed.105,105,fixed,fixture,240,True,0
edge.market,fresh,emulated_probe,5.7073365571285795,0.42926634428714205,2,0,,2,run.fixture.fixed.105,105,fixed,fixture,245,True,5
edge.market,fresh,emulated_probe,5.812086093893241,0.41879139061067594,2,0,,2,run.fixture.fixed.105,105,fixed,fixture,250,True,10
edge.market,fresh,emulated_probe,5.480860407710967,0.4519139592289033,2,0,,2,run.fixture.fixed.105,105,fixed,fixture,255,True,15
edge.market,fresh,emulated_probe,5.302100623832689,0.46978993761673116,2,0,,2,run.fixture.fixed.105,105,fixed,fixture,260,True,20
edge.market,fresh,emulated_probe,5.233784427449269,0.47662155725507316,2,0,,2,run.fixture.fixed.105,105,fixed,fixture,265,True,25
edge.market,fresh,emulated_probe,4.8194448798636085,0.5180555120136392,2,0,,2,run.fixture.fixed.105,105,fixed,fixture,270,False,0
edge.market,fresh,emulated_probe,5.2333000924658535,0.47666999075341465,2,0,,2,run.fixture.fixed.105,105,fixed,fixture,275,False,5
edge.market,fresh,emulated_probe,4.758038396189626,0.5241961603810374,2,0,,2,run.fixture.fixed.105,105,fixed,fixture,280,False,10
edge.market,fresh,emulated_probe,4.3564249451641945,0.5643575054835805,2,0,,2,run.fixture.fixed.105,105,fixed,fixture,285,False,15
edge.market,fresh,emulated_probe,4.31161449845332,0.568838550154668,2,0,,2,run.fixture.fixed.105,105,fixed,fixture,290,False,20
edge.market,fresh,emulated_probe,3.9522158450754397,0.604778415492456,2,0,,2,run.fixture.fixed.105,105,fixed,fixture,295,False,25
edge.market,fresh,emulated_probe,3.649000066058058,0.6350999933941942,2,0,,2,run.fixture.fixed.105,105,fixed,fixture,300,True,0
edge.market,fresh,emulated_probe,3.757765832469353,0.6242234167530647,2,0,,2,run.fixture.fixed.105,105,fixed,fixture,305,True,5
edge.market,fresh,emulated_probe,3.513905004643096,0.6486094995356904,2,0,,2,run.fixture.fixed.105,105,fixed,fixture,310,True,10
edge.market,fresh,emulated_probe,3.626478282570649,0.6373521717429351,2,0,,2,run.fixture.fixed.105,105,fixed,fixture,315,True,15
edge.market,fresh,emulated_probe,3.341318523411282,0.6658681476588718,2,0,,2,run.fixture.fixed.105,105,fixed,fixture,320,True,20
edge.market,fresh,emulated_probe,2.7543644744630775,0.7245635525536922,2,0,,2,run.fixture.fixed.105,105,fixed,fixture,325,True,25
edge.market,fresh,emulated_probe,2.8260692025894136,0.7173930797410586,2,0,,2,run.fixture.fixed.105,105,fixed,fixture,330,False,0
edge.market,fresh,emulated_probe,2.9063076702893804,0.7093692329710619,2,0,,2,run.fixture.fixed.105,105,fixed,fixture,335,False,5
edge.market,fresh,emulated_probe,2.7554401270556648,0.7244559872944335,2,0,,2,run.fixture.fixed.105,105,fixed,fixture,340,False,10
edge.market,fresh,emulated_probe,2.385835096749014,0.7614164903250986,2,0,,2,run.fixture.fixed.105,105,fixed,fixture,345,False,15
edge.market,fresh,emulated_probe,2.1512218746628102,0.784877812533719,2,0,,2,run.fixture.fixed.105,105,fixed,fixture,350,False,20
edge.market,fresh,emulated_probe,2.0976393719429436,0.7902360628057057,2,0,,2,run.fixture.fixed.105,105,fixed,fixture,355,False,25
edge.market,fresh,emulated_probe,1.7306147627896622,0.8269385237210338,2,0,,2,run.fixture.fixed.105,105,fixed,fixture,360,True,0
edge.market,fresh,emulated_probe,1.7616913519505069,0.8238308648049493,2,0,,2,run.fixture.fixed.105,105,fixed,fixture,365,True,5
edge.market,fresh,emulated_probe,1.5406693859520737,0.8459330614047926,2,0,,2,run.fixture.fixed.105,105,fixed,fixture,370,True,10
edge.market,fresh,emulated_probe,1.3348432902986018,0.8665156709701398,2,0,,2,run.fixture.fixed.105,105,fixed,fixture,375,True,15
edge.market,fresh,emulated_probe,1.2120457598838108,0.8787954240116189,2,0,,2,run.fixture.fixed.105,105,fixed,fixture,380,True,20
edge.market,fresh,emulated_probe,0.7063474444084511,0.929365255559155,2,0,,2,run.fixture.fixed.105,105,fixed,fixture,385,True,25
edge.market,fresh,emulated_probe,1.0964520341409796,0.890354796585902,2,0,,2,run.fixture.fixed.105,105,fixed,fixture,390,False,0
edge.market,fresh,emulated_probe,0.5034717217580043,0.9496528278241996,2,0,,2,run.fixture.fixed.105,105,fixed,fixture,395,False,5
edge.market,fresh,emulated_probe,1.3056155262699365,0.8694384473730064,2,0,,2,run.fixture.fixed.105,105,fixed,fixture,400,False,10
edge.market,fresh,emulated_probe,1.1105079507878468,0.8889492049212153,2,0,,2,run.fixture.fixed.105,105,fixed,fixture,405,False,15
edge.market,fresh,emulated_probe,1.2066340653389196,0.879336593466108,2,0,,2,run.fixture.fixed.105,105,fixed,fixture,410,False,20
edge.market,fresh,emulated_probe,0.8632369349419,0.91367630650581,2,0,,2,run.fixture.fixed.105,105,fixed,fixture,415,False,25
edge.market,fresh,emulated_probe,0.9445014820922343,0.9055498517907765,2,0,,2,run.fixture.fixed.105,105,fixed,fixture,420,True,0
edge.market,fresh,emulated_probe,0.7244722805408133,0.9275527719459187,2,0,,2,run.fixture.fixed.105,105,fixed,fixture,425,True,5
edge.market,fresh,emulated_probe,1.1211133250349143,0.8878886674965085,2,0,,2,run.fixture.fixed.105,105,fixed,fixture,430,True,10
edge.market,fresh,emulated_probe,1.7964783456953926,0.8203521654304607,2,0,,2,run.fixture.fixed.105,105,fixed,fixture,435,True,15
edge.market,fresh,emulated_probe,2.0615757273723316,0.7938424272627669,2,0,,2,run.fixture.fixed.105,105,fixed,fixture,440,True,20
edge.market,fresh,emulated_probe,2.172389203756866,0.7827610796243134,2,0,,2,run.fixture.fixed.105,105,fixed,fixture,445,True,25
edge.market,fresh,emulated_probe,2.9363503783259692,0.7063649621674031,2,0,,2,run.fixture.fixed.105,105,fixed,fixture,450,False,0
edge.market,fresh,emulated_probe,3.4250947676949246,0.6574905232305075,2,0,,2,run.fixture.fixed.105,105,fixed,fixture,455,False,5
edge.market,fresh,emulated_probe,3.739024528732182,0.6260975471267818,2,0,,2,run.fixture.fixed.105,105,fixed,fixture,460,False,10
edge.market,fresh,emulated_probe,4.1229198046010245,0.5877080195398976,2,0,,2,run.fixture.fixed.105,105,fixed,fixture,465,False,15
edge.market,fresh,emulated_probe,4.464494237622346,0.5535505762377654,2,0,,2,run.fixture.fixed.105,105,fixed,fixture,470,False,20
edge.market,fresh,emulated_probe,5.116345112141072,0.4883654887858928,2,0,,2,run.fixture.fixed.105,105,fixed,fixture,475,False,25
edge.market,fresh,emulated_probe,4.775336254332149,0.522466374566785,2,0,,2,run.fixture.fixed.105,105,fixed,fixture,480,True,0
edge.market,fresh,emulated_probe,5.579672226437271,0.4420327773562729,2,0,,2,run.fixture.fixed.105,105,fixed,fixture,485,True,5
edge.market,fresh,emulated_probe,6.042987213701614,0.3957012786298386,2,0,,2,run.fixture.fixed.105,105,fixed,fixture,490,True,10
edge.market,fresh,emulated_probe,6.383967242367667,0.36160327576323326,2,0,,2,run.fixture.fixed.105,105,fixed,fixture,495,True,15
edge.market,fresh,emulated_probe,7.205468322375404,0.27945316776245954,2,0,,2,run.fixture.fixed.105,105,fixed,fixture,500,True,20
edge.market,fresh,emulated_probe,7.52954595244674,0.247045404755326,2,0,,2,run.fixture.fixed.105,105,fixed,fixture,505,True,25
edge.market,fresh,emulated_probe,7.710322172516328,0.22896778274836715,2,0,,2,run.fixture.fixed.105,105,fixed,fixture,510,False,0
edge.market,fresh,emulated_probe,8.071776155299936,0.19282238447000632,2,0,,2,run.fixture.fixed.105,105,fixed,fixture,515,False,5
edge.market,fresh,emulated_probe,8.509663651310305,0.14903363486896948,2,0,,2,run.fixture.fixed.105,105,fixed,fixture,520,False,10
edge.market,fresh,emulated_probe,9.157742439706395,0.08422575602936055,2,0,,2,run.fixture.fixed.105,105,fixed,fixture,525,False,15
edge.market,fresh,emulated_probe,8.60446167272083,0.13955383272791688,2,0,,2,run.fixture.fixed.105,105,fixed,fixture,530,False,20
edge.market,fresh,emulated_probe,8.82218789749022,0.11778121025097799,2,0,,2,run.fixture.fixed.105,105,fixed,fixture,535,False,25
edge.market,fresh,emulated_probe,9.118149261484675,0.08818507385153251,2,0,,2,run.fixture.fixed.105,105,fixed,fixture,540,True,0
edge.market,fresh,emulated_probe,8.8967681306523,0.11032318693477006,2,0,,2,run.fixture.fixed.105,105,fixed,fixture,545,True,5
edge.market,fresh,emulated_probe,9.087050569948879,0.0912949430051121,2,0,,2,run.fixture.fixed.105,105,fixed,fixture,550,True,10
edge.market,fresh,emulated_probe,9.00788000286777,0.09921199971322303,2,0,,2,run.fixture.fixed.105,105,fixed,fixture,555,True,15
edge.market,fresh,emulated_probe,8.66037479877168,0.13396252012283194,2,0,,2,run.fixture.fixed.105,105,fixed,fixture,560,True,20
edge.market,fresh,emulated_probe,8.921480820570467,0.10785191794295323,2,0,,2,run.fixture.fixed.105,105,fixed,fixture,565,True,25
edge.market,fresh,emulated_probe,9.034912424586928,0.09650875754130728,2,0,,2,run.fixture.fixed.105,105,fixed,fixture,570,False,0
edge.market,fresh,emulated_probe,9.176490163249767,0.08235098367502336,2,0,,2,run.fixture.fixed.105,105,fixed,fixture,575,False,5
edge.market,fresh,emulated_probe,9.027103360645077,0.09728966393549232,2,0,,2,run.fixture.fixed.105,105,fixed,fixture,580,False,10
edge.market,fresh,emulated_probe,8.617368372427718,0.13826316275722816,2,0,,2,run.fixture.fixed.105,105,fixed,fixture,585,False,15
edge.market,fresh,emulated_probe,8.880911886311534,0.11190881136884667,2,0,,2,run.fixture.fixed.105,105,fixed,fixture,590,False,20
edge.market,fresh,emulated_probe,8.957950777065921,0.10420492229340783,2,0,,2,run.fixture.fixed.105,105,fixed,fixture,595,False,25
edge.market,fresh,emulated_probe,8.75415730762408,0.12458426923759203,2,0,,2,run.fixture.fixed.105,105,fixed,fixture,600,True,0
edge.market,fresh,emulated_probe,8.743457328214902,0.1256542671785098,2,0,,2,run.fixture.fixed.105,105,fixed,fixture,605,True,5
edge.market,fresh,emulated_probe,9.090641081933565,0.09093589180664341,2,0,,2,run.fixture.fixed.105,105,fixed,fixture,610,True,10
edge.market,fresh,emulated_probe,9.032740496385193,0.09672595036148068,2,0,,2,run.fixture.fixed.105,105,fixed,fixture,615,True,15
edge.market,fresh,emulated_probe,8.91153107910973,0.10884689208902698,2,0,,2,run.fixture.fixed.105,105,fixed,fixture,620,True,20
edge.market,fresh,emulated_probe,9.387080142214977,0.06129198577850237,2,0,,2,run.fixture.fixed.105,105,fixed,fixture,625,True,25
edge.market,fresh,emulated_probe,9.029156649036452,0.09708433509635483,2,0,,2,run.fixture.fixed.105,105,fixed,fixture,630,False,0
edge.market,fresh,emulated_probe,8.9602941267031,0.10397058732968989,2,0,,2,run.fixture.fixed.105,105,fixed,fixture,635,False,5
edge.market,fresh,emulated_probe,8.895876434689828,0.11041235653101711,2,0,,2,run.fixture.fixed.105,105,fixed,fixture,640,False,10
edge.market,fresh,emulated_probe,9.008836610623554,0.0991163389376446,2,0,,2,run.fixture.fixed.105,105,fixed,fixture,645,False,15
edge.market,fresh,emulated_probe,8.99011012026341,0.10098898797365907,2,0,,2,run.fixture.fixed.105,105,fixed,fixture,650,False,20
edge.market,fresh,emulated_probe,8.986446302139377,0.1013553697860623,2,0,,2,run.fixture.fixed.105,105,fixed,fixture,655,False,25
edge.market,fresh,emulated_probe,9.05594624450867,0.09440537554913297,2,0,,2,run.fixture.fixed.105,105,fixed,fixture,660,True,0
edge.market,fresh,emulated_probe,8.719790437294874,0.12802095627051258,2,0,,2,run.fixture.fixed.105,105,fixed,fixture,665,True,5
edge.market,fresh,emulated_probe,8.977697068392537,0.10223029316074628,2,0,,2,run.fixture.fixed.105,105,fixed,fixture,670,True,10
edge.market,fresh,emulated_probe,8.64999710312657,0.135000289687343,2,0,,2,run.fixture.fixed.105,105,fixed,fixture,675,True,15
edge.market,fresh,emulated_probe,9.001952534255349,0.09980474657446514,2,0,,2,run.fixture.fixed.105,105,fixed,fixture,680,True,20
edge.market,fresh,emulated_probe,8.912191879186665,0.1087808120813335,2,0,,2,run.fixture.fixed.105,105,fixed,fixture,685,True,25
edge.market,fresh,emulated_probe,8.777763755519807,0.12222362444801926,2,0,,2,run.fixture.fixed.105,105,fixed,fixture,690,False,0
edge.market,fresh,emulated_probe,8.901902869745514,0.10980971302544851,2,0,,2,run.fixture.fixed.105,105,fixed,fixture,695,False,5
edge.market,fresh,emulated_probe,8.955319792616358,0.10446802073836425,2,0,,2,run.fixture.fixed.105,105,fixed,fixture,700,False,10
edge.market,fresh,emulated_probe,8.773480878820207,0.12265191211797932,2,0,,2,run.fixture.fixed.105,105,fixed,fixture,705,False,15
edge.market,fresh,emulated_probe,8.925830471903252,0.10741695280967478,2,0,,2,run.fixture.fixed.105,105,fixed,fixture,710,False,20
edge.market,fresh,emulated_probe,9.146518369701301,0.08534816302986992,2,0,,2,run.fixture.fixed.105,105,fixed,fixture,715,False,25
edge.market,fresh,emulated_probe,9.074753128804872,0.09252468711951278,2,0,,2,run.fixture.fixed.105,105,fixed,fixture,720,True,0
edge.market,fresh,emulated_probe,9.380338730293655,0.06196612697063453,2,0,,2,run.fixture.fixed.105,105,fixed,fixture,725,True,5
edge.market,fresh,emulated_probe,9.225420966704156,0.07745790332958435,2,0,,2,run.fixture.fixed.105,105,fixed,fixture,730,True,10
edge.market,fresh,emulated_probe,8.897721902556524,0.11022780974434754,2,0,,2,run.fixture.fixed.105,105,fixed,fixture,735,True,15
edge.market,fresh,emulated_probe,9.066036044965204,0.09339639550347967,2,0,,2,run.fixture.fixed.105,105,fixed,fixture,740,True,20
edge.market,fresh,emulated_probe,9.11920943121674,0.08807905687832596,2,0,,2,run.fixture.fixed.105,105,fixed,fixture,745,True,25
edge.market,fresh,emulated_probe,9.010921395108,0.09890786048920008,2,0,,2,run.fixture.fixed.105,105,fixed,fixture,750,False,0
edge.market,fresh,emulated_probe,9.04681444946521,0.09531855505347908,2,0,,2,run.fixture.fixed.105,105,fixed,fixture,755,False,5
edge.market,fresh,emulated_probe,8.944704369232106,0.1055295630767894,2,0,,2,run.fixture.fixed.105,105,fixed,fixture,760,False,10
edge.market,fresh,emulated_probe,8.794081896065368,0.12059181039346323,2,0,,2,run.fixture.fixed.105,105,fixed,fixture,765,False,15
edge.market,fresh,emulated_probe,8.977568910195917,0.10224310898040834,2,0,,2,run.fixture.fixed.105,105,fixed,fixture,770,False,20
edge.market,fresh,emulated_probe,8.953967304834844,0.10460326951651555,2,0,,2,run.fixture.fixed.105,105,fixed,fixture,775,False,25
edge.market,fresh,emulated_probe,8.995995571231354,0.10040044287686456,2,0,,2,run.fixture.fixed.105,105,fixed,fixture,780,True,0
edge.market,fresh,emulated_probe,9.205088645990907,0.07949113540090935,2,0,,2,run.fixture.fixed.105,105,fixed,fixture,785,True,5
edge.market,fresh,emulated_probe,8.9241405151325,0.10758594848675007,2,0,,2,run.fixture.fixed.105,105,fixed,fixture,790,True,10
edge.market,fresh,emulated_probe,9.008277397062237,0.09917226029377635,2,0,,2,run.fixture.fixed.105,105,fixed,fixture,795,True,15
edge.market,fresh,emulated_probe,9.060249618111882,0.09397503818881181,2,0,,2,run.fixture.fixed.105,105,fixed,fixture,800,True,20
edge.market,fresh,emulated_probe,8.87219862161114,0.11278013783888596,2,0,,2,run.fixture.fixed.105,105,fixed,fixture,805,True,25
edge.market,fresh,emulated_probe,8.996801522624096,0.1003198477375904,2,0,,2,run.fixture.fixed.105,105,fixed,fixture,810,False,0
edge.market,fresh,emulated_probe,9.22463119389069,0.07753688061093089,2,0,,2,run.fixture.fixed.105,105,fixed,fixture,815,False,5
edge.market,fresh,emulated_probe,9.135773677905233,0.08642263220947677,2,0,,2,run.fixture.fixed.105,105,fixed,fixture,820,False,10
edge.market,fresh,emulated_probe,8.959949436629728,0.10400505633702717,2,0,,2,run.fixture.fixed.105,105,fixed,fixture,825,False,15
edge.market,fresh,emulated_probe,8.642184626441288,0.13578153735587117,2,0,,2,run.fixture.fixed.105,105,fixed,fixture,830,False,20
edge.market,fresh,emulated_probe,9.051380912463,0.09486190875370004,2,0,,2,run.fixture.fixed.105,105,fixed,fixture,835,False,25
edge.market,fresh,emulated_probe,9.038726533490898,0.09612734665091016,2,0,,2,run.fixture.fixed.105,105,fixed,fixture,840,True,0
edge.market,fresh,emulated_probe,8.88500714879805,0.11149928512019502,2,0,,2,run.fixture.fixed.105,105,fixed,fixture,845,True,5
edge.market,fresh,emulated_probe,9.013617622417684,0.09863823775823166,2,0,,2,run.fixture.fixed.105,105,fixed,fixture,850,True,10
edge.market,fresh,emulated_probe,9.05072213109655,0.09492778689034487,2,0,,2,run.fixture.fixed.105,105,fixed,fixture,855,True,15
edge.market,fresh,emulated_probe,8.984244066125278,0.10157559338747224,2,0,,2,run.fixture.fixed.105,105,fixed,fixture,860,True,20
edge.market,fresh,emulated_probe,9.154145898787508,0.0845854101212492,2,0,,2,run.fixture.fixed.105,105,fixed,fixture,865,True,25
edge.market,fresh,emulated_probe,8.778859662388165,0.12211403376118357,2,0,,2,run.fixture.fixed.105,105,fixed,fixture,870,False,0
edge.market,fresh,emulated_probe,9.022633413193596,0.09773665868064041,2,0,,2,run.fixture.fixed.105,105,fixed,fixture,875,False,5
edge.market,fresh,emulated_probe,8.886359486552628,0.11136405134473715,2,0,,2,run.fixture.fixed.105,105,fixed,fixture,880,False,10
edge.market,fresh,emulated_probe,9.19350446328699,0.080649553671301,2,0,,2,run.fixture.fixed.105,105,fixed,fixture,885,False,15
edge.market,fresh,emulated_probe,9.163521435618716,0.08364785643812844,2,0,,2,run.fixture.fixed.105,105,fixed,fixture,890,False,20
edge.market,fresh,emulated_probe,9.039154967813365,0.09608450321866346,2,0,,2,run.fixture.fixed.105,105,fixed,fixture,895,False,25
edge.market,fresh,emulated_probe,9.302504842775612,0.06974951572243882,2,0,,2,run.fixture.fixed.105,105,fixed,fixture,900,True,0
edge.market,fresh,emulated_probe,8.897952738268831,0.11020472617311694,2,0,,2,run.fixture.fixed.106,106,fixed,fixture,0,True,0
edge.market,fresh,emulated_probe,8.901402492862209,0.10985975071377907,2,0,,2,run.fixture.fixed.106,106,fixed,fixture,5,True,5
edge.market,fresh,emulated_probe,9.049363604039218,0.09506363959607822,2,0,,2,run.fixture.fixed.106,106,fixed,fixture,10,True,10
edge.market,fresh,emulated_probe,9.05868757980534,0.09413124201946599,2,0,,2,run.fixture.fixed.106,106,fixed,fixture,15,True,15
edge.market,fresh,emulated_probe,9.336521445055993,0.0663478554944007,2,0,,2,run.fixture.fixed.106,106,fixed,fixture,20,True,20
edge.market,fresh,emulated_probe,8.96976853380336,0.10302314661966394,2,0,,2,run.fixture.fixed.106,106,fixed,fixture,25,True,25
edge.market,fresh,emulated_probe,8.857055495416352,0.11429445045836473,2,0,,2,run.fixture.fixed.106,106,fixed,fixture,30,False,0
edge.market,fresh,emulated_probe,9.003967594948664,0.09960324050513358,2,0,,2,run.fixture.fixed.106,106,fixed,fixture,35,False,5
edge.market,fresh,emulated_probe,9.153746890744209,0.08462531092557912,2,0,,2,run.fixture.fixed.106,106,fixed,fixture,40,False,10
edge.market,fresh,emulated_probe,9.070724989981741,0.0929275010018259,2,0,,2,run.fixture.fixed.106,106,fixed,fixture,45,False,15
edge.market,fresh,emulated_probe,8.930744033878613,0.10692559661213874,2,0,,2,run.fixture.fixed.106,106,fixed,fixture,50,False,20
edge.market,fresh,emulated_probe,8.941470247708242,0.1058529752291758,2,0,,2,run.fixture.fixed.106,106,fixed,fixture,55,False,25
edge.market,fresh,emulated_probe,8.903442483747082,0.10965575162529184,2,0,,2,run.fixture.fixed.106,106,fixed,fixture,60,True,0
edge.market,fresh,emulated_probe,8.999230677204661,0.10007693227953385,2,0,,2,run.fixture.fixed.106,106,fixed,fixture,65,True,5
edge.market,fresh,emulated_probe,8.992876340983823,0.1007123659016177,2,0,,2,run.fixture.fixed.106,106,fixed,fixture,70,True,10
edge.market,fresh,emulated_probe,8.779128639378584,0.12208713606214161,2,0,,2,run.fixture.fixed.106,106,fixed,fixture,75,True,15
edge.market,fresh,emulated_probe,9.008114622516008,0.0991885377483992,2,0,,2,run.fixture.fixed.106,106,fixed,fixture,80,True,20
edge.market,fresh,emulated_probe,9.316448140605669,0.06835518593943313,2,0,,2,run.fixture.fixed.106,106,fixed,fixture,85,True,25
edge.market,fresh,emulated_probe,9.095369158128554,0.09046308418714466,2,0,,2,run.fixture.fixed.106,106,fixed,fixture,90,False,0
edge.market,fresh,emulated_probe,9.081260131821704,0.09187398681782954,2,0,,2,run.fixture.fixed.106,106,fixed,fixture,95,False,5
edge.market,fresh,emulated_probe,8.85152880887748,0.11484711911225198,2,0,,2,run.fixture.fixed.106,106,fixed,fixture,100,False,10
edge.market,fresh,emulated_probe,9.318379326097975,0.06816206739020247,2,0,,2,run.fixture.fixed.106,106,fixed,fixture,105,False,15
edge.market,fresh,emulated_probe,8.918271151373983,0.10817288486260179,2,0,,2,run.fixture.fixed.106,106,fixed,fixture,110,False,20
edge.market,fresh,emulated_probe,9.284820345233568,0.07151796547664324,2,0,,2,run.fixture.fixed.106,106,fixed,fixture,115,False,25
edge.market,fresh,emulated_probe,9.10569564356322,0.08943043564367803,2,0,,2,run.fixture.fixed.106,106,fixed,fixture,120,True,0
edge.market,fresh,emulated_probe,8.80781331071932,0.11921866892806798,2,0,,2,run.fixture.fixed.106,106,fixed,fixture,125,True,5
edge.market,fresh,emulated_probe,9.042681426317621,0.09573185736823786,2,0,,2,run.fixture.fixed.106,106,fixed,fixture,130,True,10
edge.market,fresh,emulated_probe,8.704971035145896,0.12950289648541047,2,0,,2,run.fixture.fixed.106,106,fixed,fixture,135,True,15
edge.market,fresh,emulated_probe,9.042527227953986,0.09574727720460141,2,0,,2,run.fixture.fixed.106,106,fixed,fixture,140,True,20
edge.market,fresh,emulated_probe,8.946283398948076,0.10537166010519239,2,0,,2,run.fixture.fixed.106,106,fixed,fixture,145,True,25
edge.market,fresh,emulated_probe,9.035247975372613,0.09647520246273866,2,0,,2,run.fixture.fixed.106,106,fixed,fixture,150,False,0
edge.market,fresh,emulated_probe,9.00761568818675,0.09923843118132503,2,0,,2,run.fixture.fixed.106,106,fixed,fixture,155,False,5
edge.market,fresh,emulated_probe,9.1432060935836,0.08567939064163999,2,0,,2,run.fixture.fixed.106,106,fixed,fixture,160,False,10
edge.market,fresh,emulated_probe,9.103000419857153,0.08969995801428465,2,0,,2,run.fixture.fixed.106,106,fixed,fixture,165,False,15
edge.market,fresh,emulated_probe,9.05059631281882,0.09494036871811795,2,0,,2,run.fixture.fixed.106,106,fixed,fixture,170,False,20
edge.market,fresh,emulated_probe,8.638870780938914,0.13611292190610857,2,0,,2,run.fixture.fixed.106,106,fixed,fixture,175,False,25
edge.market,fresh,emulated_probe,8.824001559236912,0.11759984407630886,2,0,,2,run.fixture.fixed.106,106,fixed,fixture,180,True,0
edge.market,fresh,emulated_probe,8.816019003674404,0.11839809963255965,2,0,,2,run.fixture.fixed.106,106,fixed,fixture,185,True,5
edge.market,fresh,emulated_probe,8.01223771619049,0.19877622838095088,2,0,,2,run.fixture.fixed.106,106,fixed,fixture,190,True,10
edge.market,fresh,emulated_probe,8.294798856406874,0.17052011435931258,2,0,,2,run.fixture.fixed.106,106,fixed,fixture,195,True,15
edge.market,fresh,emulated_probe,7.99004674119854,0.20099532588014601,2,0,,2,run.fixture.fixed.106,106,fixed,fixture,200,True,20
edge.market,fresh,emulated_probe,7.7147759653415,0.22852240346585007,2,0,,2,run.fixture.fixed.106,106,fixed,fixture,205,True,25
edge.market,fresh,emulated_probe,7.8527574723458216,0.21472425276541784,2,0,,2,run.fixture.fixed.106,106,fixed,fixture,210,False,0
edge.market,fresh,emulated_probe,7.231616376855958,0.2768383623144042,2,0,,2,run.fixture.fixed.106,106,fixed,fixture,215,False,5
edge.market,fresh,emulated_probe,7.170592504316104,0.28294074956838966,2,0,,2,run.fixture.fixed.106,106,fixed,fixture,220,False,10
edge.market,fresh,emulated_probe,7.562347154623016,0.2437652845376984,2,0,,2,run.fixture.fixed.106,106,fixed,fixture,225,False,15
edge.market,fresh,emulated_probe,6.866557058402223,0.3133442941597777,2,0,,2,run.fixture.fixed.106,106,fixed,fixture,230,False,20
edge.market,fresh,emulated_probe,6.829383892205454,0.3170616107794546,2,0,,2,run.fixture.fixed.106,106,fixed,fixture,235,False,25
edge.market,fresh,emulated_probe,6.7734753877229625,0.32265246122770375,2,0,,2,run.fixture.fixed.106,106,fixed,fixture,240,True,0
edge.market,fresh,emulated_probe,6.41238281704919,0.35876171829508097,2,0,,2,run.fixture.fixed.106,106,fixed,fixture,245,True,5
edge.market,fresh,emulated_probe,6.077400732296061,0.3922599267703939,2,0,,2,run.fixture.fixed.106,106,fixed,fixture,250,True,10
edge.market,fresh,emulated_probe,6.1378343329619085,0.3862165667038091,2,0,,2,run.fixture.fixed.106,106,fixed,fixture,255,True,15
edge.market,fresh,emulated_probe,6.074938830295368,0.3925061169704632,2,0,,2,run.fixture.fixed.106,106,fixed,fixture,260,True,20
edge.market,fresh,emulated_probe,5.562388795466821,0.44376112045331795,2,0,,2,run.fixture.fixed.106,106,fixed,fixture,265,True,25
edge.market,fresh,emulated_probe,5.474425839778778,0.4525574160221222,2,0,,2,run.fixture.fixed.106,106,fixed,fixture,270,False,0
edge.market,fresh,emulated_probe,5.6088563439589745,0.43911436560410255,2,0,,2,run.fixture.fixed.106,106,fixed,fixture,275,False,5
edge.market,fresh,emulated_probe,5.0704670303725745,0.4929532969627426,2,0,,2,run.fixture.fixed.106,106,fixed,fixture,280,False,10
edge.market,fresh,emulated_probe,4.889342977988676,0.5110657022011325,2,0,,2,run.fixture.fixed.106,106,fixed,fixture,285,False,15
edge.market,fresh,emulated_probe,4.7602570191794396,0.5239742980820561,2,0,,2,run.fixture.fixed.106,106,fixed,fixture,290,False,20
edge.market,fresh,emulated_probe,4.535191606120151,0.546480839387985,2,0,,2,run.fixture.fixed.106,106,fixed,fixture,295,False,25
edge.market,fresh,emulated_probe,4.535191606120151,0.546480839387985,2,5,,2,run.fixture.fixed.106,106,fixed,fixture,300,True,0
edge.market,fresh,emulated_probe,4.535191606120151,0.546480839387985,2,10,,2,run.fixture.fixed.106,106,fixed,fixture,305,True,5
edge.market,fresh,emulated_probe,4.535191606120151,0.546480839387985,2,15,,2,run.fixture.fixed.106,106,fixed,fixture,310,True,10
edge.market,stale,,,,2,20,,0,run.fixture.fixed.106,106,fixed,fixture,315,True,15
edge.market,stale,,,,2,25,,0,run.fixture.fixed.106,106,fixed,fixture,320,True,20
edge.market,stale,,,,2,30,,0,run.fixture.fixed.106,106,fixed,fixture,325,True,25
edge.market,stale,,,,2,35,,0,run.fixture.fixed.106,106,fixed,fixture,330,False,0
edge.market,stale,,,,2,40,,0,run.fixture.fixed.106,106,fixed,fixture,335,False,5
edge.market,stale,,,,2,45,,0,run.fixture.fixed.106,106,fixed,fixture,340,False,10
edge.market,stale,,,,2,50,,0,run.fixture.fixed.106,106,fixed,fixture,345,False,15
edge.market,stale,,,,2,55,,0,run.fixture.fixed.106,106,fixed,fixture,350,False,20
edge.market,fresh,emulated_probe,2.6036376970889465,0.7396362302911054,2,0,,2,run.fixture.fixed.106,106,fixed,fixture,355,False,25
edge.market,fresh,emulated_probe,2.219922675084684,0.7780077324915315,2,0,,2,run.fixture.fixed.106,106,fixed,fixture,360,True,0
edge.market,fresh,emulated_probe,2.0116941119279974,0.7988305888072003,2,0,,2,run.fixture.fixed.106,106,fixed,fixture,365,True,5
edge.market,fresh,emulated_probe,2.3248685901249884,0.7675131409875011,2,0,,2,run.fixture.fixed.106,106,fixed,fixture,370,True,10
edge.market,fresh,emulated_probe,2.1129427479710663,0.7887057252028934,2,0,,2,run.fixture.fixed.106,106,fixed,fixture,375,True,15
edge.market,fresh,emulated_probe,1.4755242015074765,0.8524475798492523,2,0,,2,run.fixture.fixed.106,106,fixed,fixture,380,True,20
edge.market,fresh,emulated_probe,1.887200142905649,0.811279985709435,2,0,,2,run.fixture.fixed.106,106,fixed,fixture,385,True,25
edge.market,fresh,emulated_probe,1.3236378442943812,0.8676362155705619,2,0,,2,run.fixture.fixed.106,106,fixed,fixture,390,False,0
edge.market,fresh,emulated_probe,1.2569599262629605,0.874304007373704,2,0,,2,run.fixture.fixed.106,106,fixed,fixture,395,False,5
edge.market,fresh,emulated_probe,0.9502361720967589,0.9049763827903241,2,0,,2,run.fixture.fixed.106,106,fixed,fixture,400,False,10
edge.market,fresh,emulated_probe,0.9611899543835312,0.9038810045616469,2,0,,2,run.fixture.fixed.106,106,fixed,fixture,405,False,15
edge.market,fresh,emulated_probe,1.205619465080402,0.8794380534919598,2,0,,2,run.fixture.fixed.106,106,fixed,fixture,410,False,20
edge.market,fresh,emulated_probe,0.9758772745036276,0.9024122725496373,2,0,,2,run.fixture.fixed.106,106,fixed,fixture,415,False,25
edge.market,fresh,emulated_probe,0.9599806434348962,0.9040019356565103,2,0,,2,run.fixture.fixed.106,106,fixed,fixture,420,True,0
edge.market,fresh,emulated_probe,0.9600820172837121,0.9039917982716288,2,0,,2,run.fixture.fixed.106,106,fixed,fixture,425,True,5
edge.market,fresh,emulated_probe,0.8926005271258569,0.9107399472874143,2,0,,2,run.fixture.fixed.106,106,fixed,fixture,430,True,10
edge.market,fresh,emulated_probe,0.9042727070110929,0.9095727292988907,2,0,,2,run.fixture.fixed.106,106,fixed,fixture,435,True,15
edge.market,fresh,emulated_probe,1.056856618468618,0.8943143381531382,2,0,,2,run.fixture.fixed.106,106,fixed,fixture,440,True,20
edge.market,fresh,emulated_probe,1.1292845479758817,0.8870715452024118,2,0,,2,run.fixture.fixed.106,106,fixed,fixture,445,True,25
edge.market,fresh,emulated_probe,0.7157523307172592,0.9284247669282741,2,0,,2,run.fixture.fixed.106,106,fixed,fixture,450,False,0
edge.market,fresh,emulated_probe,1.0296332416915281,0.8970366758308472,2,0,,2,run.fixture.fixed.106,106,fixed,fixture,455,False,5
edge.market,fresh,emulated_probe,0.9826877384786409,0.901731226152136,2,0,,2,run.fixture.fixed.106,106,fixed,fixture,460,False,10
edge.market,fresh,emulated_probe,0.8675146767360448,0.9132485323263955,2,0,,2,run.fixture.fixed.106,106,fixed,fixture,465,False,15
edge.market,fresh,emulated_probe,0.9744414677882479,0.9025558532211753,2,0,,2,run.fixture.fixed.106,106,fixed,fixture,470,False,20
edge.market,fresh,emulated_probe,1.3402472949886617,0.8659752705011339,2,0,,2,run.fixture.fixed.106,106,fixed,fixture,475,False,25
edge.market,fresh,emulated_probe,1.8890478398746433,0.8110952160125356,2,0,,2,run.fixture.fixed.106,106,fixed,fixture,480,True,0
edge.market,fresh,emulated_probe,2.327290326487743,0.7672709673512257,2,0,,2,run.fixture.fixed.106,106,fixed,fixture,485,True,5
edge.market,fresh,emulated_probe,2.760408024209636,0.7239591975790364,2,0,,2,run.fixture.fixed.106,106,fixed,fixture,490,True,10
edge.market,fresh,emulated_probe,2.8283045044135617,0.7171695495586439,2,0,,2,run.fixture.fixed.106,106,fixed,fixture,495,True,15
edge.market,fresh,emulated_probe,3.3894122850209465,0.6610587714979054,2,0,,2,run.fixture.fixed.106,106,fixed,fixture,500,True,20
edge.market,fresh,emulated_probe,3.815334783071564,0.6184665216928436,2,0,,2,run.fixture.fixed.106,106,fixed,fixture,505,True,25
edge.market,fresh,emulated_probe,3.626661198314907,0.6373338801685093,2,0,,2,run.fixture.fixed.106,106,fixed,fixture,510,False,0
edge.market,fresh,emulated_probe,4.344903542569815,0.5655096457430184,2,0,,2,run.fixture.fixed.106,106,fixed,fixture,515,False,5
edge.market,fresh,emulated_probe,5.015085262637765,0.4984914737362235,2,0,,2,run.fixture.fixed.106,106,fixed,fixture,520,False,10
edge.market,fresh,emulated_probe,5.575127388085031,0.44248726119149695,2,0,,2,run.fixture.fixed.106,106,fixed,fixture,525,False,15
edge.market,fresh,emulated_probe,5.879620649311197,0.4120379350688803,2,0,,2,run.fixture.fixed.106,106,fixed,fixture,530,False,20
edge.market,fresh,emulated_probe,6.258135841632912,0.37418641583670875,2,0,,2,run.fixture.fixed.106,106,fixed,fixture,535,False,25
edge.market,fresh,emulated_probe,6.499578102239081,0.3500421897760919,2,0,,2,run.fixture.fixed.106,106,fixed,fixture,540,True,0
edge.market,fresh,emulated_probe,7.146913314332659,0.2853086685667341,2,0,,2,run.fixture.fixed.106,106,fixed,fixture,545,True,5
edge.market,fresh,emulated_probe,7.4664711037470495,0.253352889625295,2,0,,2,run.fixture.fixed.106,106,fixed,fixture,550,True,10
edge.market,fresh,emulated_probe,8.046587046174231,0.19534129538257683,2,0,,2,run.fixture.fixed.106,106,fixed,fixture,555,True,15
edge.market,fresh,emulated_probe,8.212758436824167,0.17872415631758332,2,0,,2,run.fixture.fixed.106,106,fixed,fixture,560,True,20
edge.market,fresh,emulated_probe,8.961645091319454,0.10383549086805455,2,0,,2,run.fixture.fixed.106,106,fixed,fixture,565,True,25
edge.market,fresh,emulated_probe,8.496163027080323,0.15038369729196766,2,0,,2,run.fixture.fixed.106,106,fixed,fixture,570,False,0
edge.market,fresh,emulated_probe,8.947967580252133,0.1052032419747867,2,0,,2,run.fixture.fixed.106,106,fixed,fixture,575,False,5
edge.market,fresh,emulated_probe,9.018709701933249,0.09812902980667515,2,0,,2,run.fixture.fixed.106,106,fixed,fixture,580,False,10
edge.market,fresh,emulated_probe,9.075943737894526,0.09240562621054738,2,0,,2,run.fixture.fixed.106,106,fixed,fixture,585,False,15
edge.market,fresh,emulated_probe,8.845217718745213,0.1154782281254787,2,0,,2,run.fixture.fixed.106,106,fixed,fixture,590,False,20
edge.market,fresh,emulated_probe,9.074854668141997,0.09251453318580027,2,0,,2,run.fixture.fixed.106,106,fixed,fixture,595,False,25
edge.market,fresh,emulated_probe,8.696398097485869,0.1303601902514131,2,0,,2,run.fixture.fixed.106,106,fixed,fixture,600,True,0
edge.market,fresh,emulated_probe,9.140442682412747,0.08595573175872528,2,0,,2,run.fixture.fixed.106,106,fixed,fixture,605,True,5
edge.market,fresh,emulated_probe,8.964748975066463,0.10352510249335367,2,0,,2,run.fixture.fixed.106,106,fixed,fixture,610,True,10
edge.market,fresh,emulated_probe,9.22055784697586,0.07794421530241402,2,0,,2,run.fixture.fixed.106,106,fixed,fixture,615,True,15
edge.market,fresh,emulated_probe,8.827541087983754,0.11724589120162465,2,0,,2,run.fixture.fixed.106,106,fixed,fixture,620,True,20
edge.market,fresh,emulated_probe,8.980317347398536,0.10196826526014635,2,0,,2,run.fixture.fixed.106,106,fixed,fixture,625,True,25
edge.market,fresh,emulated_probe,8.753977590161128,0.12460224098388717,2,0,,2,run.fixture.fixed.106,106,fixed,fixture,630,False,0
edge.market,fresh,emulated_probe,8.873960751988655,0.11260392480113457,2,0,,2,run.fixture.fixed.106,106,fixed,fixture,635,False,5
edge.market,fresh,emulated_probe,8.9437622949289,0.10562377050710992,2,0,,2,run.fixture.fixed.106,106,fixed,fixture,640,False,10
edge.market,fresh,emulated_probe,8.737163889452425,0.1262836110547575,2,0,,2,run.fixture.fixed.106,106,fixed,fixture,645,False,15
edge.market,fresh,emulated_probe,8.649555806975863,0.13504441930241362,2,0,,2,run.fixture.fixed.106,106,fixed,fixture,650,False,20
edge.market,fresh,emulated_probe,9.12045275806799,0.08795472419320094,2,0,,2,run.fixture.fixed.106,106,fixed,fixture,655,False,25
edge.market,fresh,emulated_probe,8.767676168654127,0.12323238313458729,2,0,,2,run.fixture.fixed.106,106,fixed,fixture,660,True,0
edge.market,fresh,emulated_probe,9.006206899336085,0.09937931006639145,2,0,,2,run.fixture.fixed.106,106,fixed,fixture,665,True,5
edge.market,fresh,emulated_probe,8.858150293981396,0.11418497060186039,2,0,,2,run.fixture.fixed.106,106,fixed,fixture,670,True,10
edge.market,fresh,emulated_probe,8.81316953349877,0.11868304665012297,2,0,,2,run.fixture.fixed.106,106,fixed,fixture,675,True,15
edge.market,fresh,emulated_probe,8.912645160358139,0.10873548396418609,2,0,,2,run.fixture.fixed.106,106,fixed,fixture,680,True,20
edge.market,fresh,emulated_probe,8.805600934619978,0.11943990653800218,2,0,,2,run.fixture.fixed.106,106,fixed,fixture,685,True,25
edge.market,fresh,emulated_probe,9.02312585047958,0.09768741495204192,2,0,,2,run.fixture.fixed.106,106,fixed,fixture,690,False,0
edge.market,fresh,emulated_probe,9.110361584228142,0.08896384157718573,2,0,,2,run.fixture.fixed.106,106,fixed,fixture,695,False,5
edge.market,fresh,emulated_probe,8.922328530087043,0.10776714699129575,2,0,,2,run.fixture.fixed.106,106,fixed,fixture,700,False,10
edge.market,fresh,emulated_probe,9.282368539954703,0.07176314600452971,2,0,,2,run.fixture.fixed.106,106,fixed,fixture,705,False,15
edge.market,fresh,emulated_probe,8.885491109531145,0.11145088904688549,2,0,,2,run.fixture.fixed.106,106,fixed,fixture,710,False,20
edge.market,fresh,emulated_probe,9.14617562700326,0.0853824372996741,2,0,,2,run.fixture.fixed.106,106,fixed,fixture,715,False,25
edge.market,fresh,emulated_probe,8.872560581847104,0.11274394181528957,2,0,,2,run.fixture.fixed.106,106,fixed,fixture,720,True,0
edge.market,fresh,emulated_probe,8.985655805408165,0.10143441945918352,2,0,,2,run.fixture.fixed.106,106,fixed,fixture,725,True,5
edge.market,fresh,emulated_probe,9.258425499460433,0.07415745005395669,2,0,,2,run.fixture.fixed.106,106,fixed,fixture,730,True,10
edge.market,fresh,emulated_probe,9.110446475773745,0.08895535242262542,2,0,,2,run.fixture.fixed.106,106,fixed,fixture,735,True,15
edge.market,fresh,emulated_probe,9.080753818732399,0.09192461812676012,2,0,,2,run.fixture.fixed.106,106,fixed,fixture,740,True,20
edge.market,fresh,emulated_probe,9.00152329509331,0.099847670490669,2,0,,2,run.fixture.fixed.106,106,fixed,fixture,745,True,25
edge.market,fresh,emulated_probe,8.808395503325702,0.11916044966742978,2,0,,2,run.fixture.fixed.106,106,fixed,fixture,750,False,0
edge.market,fresh,emulated_probe,9.030860668308659,0.0969139331691341,2,0,,2,run.fixture.fixed.106,106,fixed,fixture,755,False,5
edge.market,fresh,emulated_probe,9.15201417023858,0.08479858297614196,2,0,,2,run.fixture.fixed.106,106,fixed,fixture,760,False,10
edge.market,fresh,emulated_probe,8.942291846861124,0.10577081531388755,2,0,,2,run.fixture.fixed.106,106,fixed,fixture,765,False,15
edge.market,fresh,emulated_probe,8.945234554271487,0.10547654457285138,2,0,,2,run.fixture.fixed.106,106,fixed,fixture,770,False,20
edge.market,fresh,emulated_probe,9.004984636016992,0.09950153639830073,2,0,,2,run.fixture.fixed.106,106,fixed,fixture,775,False,25
edge.market,fresh,emulated_probe,9.332474473164604,0.06675255268353963,2,0,,2,run.fixture.fixed.106,106,fixed,fixture,780,True,0
edge.market,fresh,emulated_probe,9.147703570824632,0.08522964291753676,2,0,,2,run.fixture.fixed.106,106,fixed,fixture,785,True,5
edge.market,fresh,emulated_probe,8.987102289129222,0.10128977108707782,2,0,,2,run.fixture.fixed.106,106,fixed,fixture,790,True,10
edge.market,fresh,emulated_probe,9.007759783888766,0.09922402161112343,2,0,,2,run.fixture.fixed.106,106,fixed,fixture,795,True,15
edge.market,fresh,emulated_probe,8.967744915197002,0.10322550848029977,2,0,,2,run.fixture.fixed.106,106,fixed,fixture,800,True,20
edge.market,fresh,emulated_probe,9.041025330765574,0.09589746692344259,2,0,,2,run.fixture.fixed.106,106,fixed,fixture,805,True,25
edge.market,fresh,emulated_probe,9.030044925847694,0.09699550741523066,2,0,,2,run.fixture.fixed.106,106,fixed,fixture,810,False,0
edge.market,fresh,emulated_probe,9.154579402086103,0.08454205979138973,2,0,,2,run.fixture.fixed.106,106,fixed,fixture,815,False,5
edge.market,fresh,emulated_probe,8.549023885055298,0.1450976114944702,2,0,,2,run.fixture.fixed.106,106,fixed,fixture,820,False,10
edge.market,fresh,emulated_probe,9.049687807433045,0.09503121925669544,2,0,,2,run.fixture.fixed.106,106,fixed,fixture,825,False,15
edge.market,fresh,emulated_probe,8.889843379215241,0.11101566207847591,2,0,,2,run.fixture.fixed.106,106,fixed,fixture,830,False,20
edge.market,fresh,emulated_probe,9.137405360949225,0.08625946390507744,2,0,,2,run.fixture.fixed.106,106,fixed,fixture,835,False,25
edge.market,fresh,emulated_probe,8.893278802680717,0.11067211973192825,2,0,,2,run.fixture.fixed.106,106,fixed,fixture,840,True,0
edge.market,fresh,emulated_probe,9.05734118980449,0.09426588101955102,2,0,,2,run.fixture.fixed.106,106,fixed,fixture,845,True,5
edge.market,fresh,emulated_probe,8.887796828846287,0.11122031711537128,2,0,,2,run.fixture.fixed.106,106,fixed,fixture,850,True,10
edge.market,fresh,emulated_probe,9.138711325758365,0.08612886742416348,2,0,,2,run.fixture.fixed.106,106,fixed,fixture,855,True,15
edge.market,fresh,emulated_probe,9.080243888986672,0.09197561110133279,2,0,,2,run.fixture.fixed.106,106,fixed,fixture,860,True,20
edge.market,fresh,emulated_probe,8.876479851556399,0.11235201484436019,2,0,,2,run.fixture.fixed.106,106,fixed,fixture,865,True,25
edge.market,fresh,emulated_probe,8.926487343246254,0.10735126567537456,2,0,,2,run.fixture.fixed.106,106,fixed,fixture,870,False,0
edge.market,fresh,emulated_probe,8.986007333237357,0.10139926667626431,2,0,,2,run.fixture.fixed.106,106,fixed,fixture,875,False,5
edge.market,fresh,emulated_probe,8.977714197495061,0.10222858025049386,2,0,,2,run.fixture.fixed.106,106,fixed,fixture,880,False,10
edge.market,fresh,emulated_probe,8.823063205293519,0.11769367947064813,2,0,,2,run.fixture.fixed.106,106,fixed,fixture,885,False,15
edge.market,fresh,emulated_probe,8.508064067102321,0.1491935932897679,2,0,,2,run.fixture.fixed.106,106,fixed,fixture,890,False,20
edge.market,fresh,emulated_probe,8.898846039241523,0.11011539607584775,2,0,,2,run.fixture.fixed.106,106,fixed,fixture,895,False,25
edge.market,fresh,emulated_probe,9.210193066834236,0.07898069331657642,2,0,,2,run.fixture.fixed.106,106,fixed,fixture,900,True,0
edge.market,fresh,emulated_probe,9.241469672643568,0.07585303273564326,2,0,,2,run.fixture.fixed.107,107,fixed,fixture,0,True,0
edge.market,fresh,emulated_probe,8.965537755583567,0.10344622444164331,2,0,,2,run.fixture.fixed.107,107,fixed,fixture,5,True,5
edge.market,fresh,emulated_probe,8.999091651056368,0.10009083489436321,2,0,,2,run.fixture.fixed.107,107,fixed,fixture,10,True,10
edge.market,fresh,emulated_probe,8.857030967778723,0.11429690322212771,2,0,,2,run.fixture.fixed.107,107,fixed,fixture,15,True,15
edge.market,fresh,emulated_probe,8.86255493662932,0.11374450633706812,2,0,,2,run.fixture.fixed.107,107,fixed,fixture,20,True,20
edge.market,fresh,emulated_probe,8.876839062587301,0.11231609374126994,2,0,,2,run.fixture.fixed.107,107,fixed,fixture,25,True,25
edge.market,fresh,emulated_probe,9.457087477404402,0.054291252259559775,2,0,,2,run.fixture.fixed.107,107,fixed,fixture,30,False,0
edge.market,fresh,emulated_probe,8.877718946625478,0.1122281053374522,2,0,,2,run.fixture.fixed.107,107,fixed,fixture,35,False,5
edge.market,fresh,emulated_probe,9.017683390741357,0.09823166092586422,2,0,,2,run.fixture.fixed.107,107,fixed,fixture,40,False,10
edge.market,fresh,emulated_probe,8.99284319626178,0.10071568037382195,2,0,,2,run.fixture.fixed.107,107,fixed,fixture,45,False,15
edge.market,fresh,emulated_probe,8.98814744958618,0.1011852550413821,2,0,,2,run.fixture.fixed.107,107,fixed,fixture,50,False,20
edge.market,fresh,emulated_probe,8.981017964585515,0.10189820354144852,2,0,,2,run.fixture.fixed.107,107,fixed,fixture,55,False,25
edge.market,fresh,emulated_probe,9.037134218597455,0.09628657814025454,2,0,,2,run.fixture.fixed.107,107,fixed,fixture,60,True,0
edge.market,fresh,emulated_probe,8.819176413093176,0.1180823586906824,2,0,,2,run.fixture.fixed.107,107,fixed,fixture,65,True,5
edge.market,fresh,emulated_probe,9.184474204302624,0.0815525795697376,2,0,,2,run.fixture.fixed.107,107,fixed,fixture,70,True,10
edge.market,fresh,emulated_probe,9.10976362467666,0.089023637532334,2,0,,2,run.fixture.fixed.107,107,fixed,fixture,75,True,15
edge.market,fresh,emulated_probe,9.11493156111408,0.08850684388859198,2,0,,2,run.fixture.fixed.107,107,fixed,fixture,80,True,20
edge.market,fresh,emulated_probe,8.641836314864502,0.13581636851354983,2,0,,2,run.fixture.fixed.107,107,fixed,fixture,85,True,25
edge.market,fresh,emulated_probe,9.090843419206932,0.0909156580793068,2,0,,2,run.fixture.fixed.107,107,fixed,fixture,90,False,0
edge.market,fresh,emulated_probe,8.977944869487104,0.10220551305128966,2,0,,2,run.fixture.fixed.107,107,fixed,fixture,95,False,5
edge.market,fresh,emulated_probe,8.8632111424876,0.11367888575123997,2,0,,2,run.fixture.fixed.107,107,fixed,fixture,100,False,10
edge.market,fresh,emulated_probe,9.150740202211548,0.0849259797788452,2,0,,2,run.fixture.fixed.107,107,fixed,fixture,105,False,15
edge.market,fresh,emulated_probe,8.523010581954576,0.14769894180454235,2,0,,2,run.fixture.fixed.107,107,fixed,fixture,110,False,20
edge.market,fresh,emulated_probe,8.957258019206002,0.10427419807939986,2,0,,2,run.fixture.fixed.107,107,fixed,fixture,115,False,25
edge.market,fresh,emulated_probe,8.695074764959385,0.1304925235040615,2,0,,2,run.fixture.fixed.107,107,fixed,fixture,120,True,0
edge.market,fresh,emulated_probe,9.30274785734495,0.06972521426550493,2,0,,2,run.fixture.fixed.107,107,fixed,fixture,125,True,5
edge.market,fresh,emulated_probe,9.148780645326429,0.08512193546735713,2,0,,2,run.fixture.fixed.107,107,fixed,fixture,130,True,10
edge.market,fresh,emulated_probe,9.305214105922698,0.06947858940773022,2,0,,2,run.fixture.fixed.107,107,fixed,fixture,135,True,15
edge.market,fresh,emulated_probe,8.799969945978559,0.12000300540214415,2,0,,2,run.fixture.fixed.107,107,fixed,fixture,140,True,20
edge.market,fresh,emulated_probe,8.878230232208093,0.1121769767791907,2,0,,2,run.fixture.fixed.107,107,fixed,fixture,145,True,25
edge.market,fresh,emulated_probe,9.080661011420972,0.09193389885790282,2,0,,2,run.fixture.fixed.107,107,fixed,fixture,150,False,0
edge.market,fresh,emulated_probe,8.664817674368223,0.13351823256317774,2,0,,2,run.fixture.fixed.107,107,fixed,fixture,155,False,5
edge.market,fresh,emulated_probe,8.32847396602451,0.1671526033975489,2,0,,2,run.fixture.fixed.107,107,fixed,fixture,160,False,10
edge.market,fresh,emulated_probe,8.09495279478947,0.19050472052105294,2,0,,2,run.fixture.fixed.107,107,fixed,fixture,165,False,15
edge.market,fresh,emulated_probe,8.354550782476752,0.16454492175232482,2,0,,2,run.fixture.fixed.107,107,fixed,fixture,170,False,20
edge.market,fresh,emulated_probe,8.22864847710239,0.17713515228976107,2,0,,2,run.fixture.fixed.107,107,fixed,fixture,175,False,25
edge.market,fresh,emulated_probe,7.800731474230085,0.21992685257699152,2,0,,2,run.fixture.fixed.107,107,fixed,fixture,180,True,0
edge.market,fresh,emulated_probe,7.823708220090784,0.21762917799092163,2,0,,2,run.fixture.fixed.107,107,fixed,fixture,185,True,5
edge.market,fresh,emulated_probe,7.460462506597702,0.25395374934022974,2,0,,2,run.fixture.fixed.107,107,fixed,fixture,190,True,10
edge.market,fresh,emulated_probe,7.422346371445666,0.2577653628554334,2,0,,2,run.fixture.fixed.107,107,fixed,fixture,195,True,15
edge.market,fresh,emulated_probe,6.92641741560589,0.307358258439411,2,0,,2,run.fixture.fixed.107,107,fixed,fixture,200,True,20
edge.market,fresh,emulated_probe,6.948140087529511,0.3051859912470489,2,0,,2,run.fixture.fixed.107,107,fixed,fixture,205,True,25
edge.market,fresh,emulated_probe,6.621078097693587,0.3378921902306413,2,0,,2,run.fixture.fixed.107,107,fixed,fixture,210,False,0
edge.market,fresh,emulated_probe,6.730566195474859,0.32694338045251414,2,0,,2,run.fixture.fixed.107,107,fixed,fixture,215,False,5
edge.market,fresh,emulated_probe,6.60808864740876,0.33919113525912403,2,0,,2,run.fixture.fixed.107,107,fixed,fixture,220,False,10
edge.market,fresh,emulated_probe,6.04559680179489,0.395440319820511,2,0,,2,run.fixture.fixed.107,107,fixed,fixture,225,False,15
edge.market,fresh,emulated_probe,6.335459459219544,0.36645405407804554,2,0,,2,run.fixture.fixed.107,107,fixed,fixture,230,False,20
edge.market,fresh,emulated_probe,5.789881363928719,0.42101186360712806,2,0,,2,run.fixture.fixed.107,107,fixed,fixture,235,False,25
edge.market,fresh,emulated_probe,5.886296095851884,0.4113703904148116,2,0,,2,run.fixture.fixed.107,107,fixed,fixture,240,True,0
edge.market,fresh,emulated_probe,5.222615623583674,0.4777384376416326,2,0,,2,run.fixture.fixed.107,107,fixed,fixture,245,True,5
edge.market,fresh,emulated_probe,5.503537997969848,0.44964620020301527,2,0,,2,run.fixture.fixed.107,107,fixed,fixture,250,True,10
edge.market,fresh,emulated_probe,5.288793766980836,0.4711206233019164,2,0,,2,run.fixture.fixed.107,107,fixed,fixture,255,True,15
edge.market,fresh,emulated_probe,5.228901491854375,0.4771098508145626,2,0,,2,run.fixture.fixed.107,107,fixed,fixture,260,True,20
edge.market,fresh,emulated_probe,4.958968287092243,0.5041031712907758,2,0,,2,run.fixture.fixed.107,107,fixed,fixture,265,True,25
edge.market,fresh,emulated_probe,4.4889945628241845,0.5511005437175815,2,0,,2,run.fixture.fixed.107,107,fixed,fixture,270,False,0
edge.market,fresh,emulated_probe,4.603215011004715,0.5396784988995285,2,0,,2,run.fixture.fixed.107,107,fixed,fixture,275,False,5
edge.market,fresh,emulated_probe,4.191791977345689,0.5808208022654311,2,0,,2,run.fixture.fixed.107,107,fixed,fixture,280,False,10
edge.market,fresh,emulated_probe,3.880274124720673,0.6119725875279327,2,0,,2,run.fixture.fixed.107,107,fixed,fixture,285,False,15
edge.market,fresh,emulated_probe,4.10623020438332,0.589376979561668,2,0,,2,run.fixture.fixed.107,107,fixed,fixture,290,False,20
edge.market,fresh,emulated_probe,3.738436877708237,0.6261563122291763,2,0,,2,run.fixture.fixed.107,107,fixed,fixture,295,False,25
edge.market,fresh,emulated_probe,3.558556027502375,0.6441443972497625,2,0,,2,run.fixture.fixed.107,107,fixed,fixture,300,True,0
edge.market,fresh,emulated_probe,3.654467795922289,0.6345532204077711,2,0,,2,run.fixture.fixed.107,107,fixed,fixture,305,True,5
edge.market,fresh,emulated_probe,3.366110067813641,0.6633889932186359,2,0,,2,run.fixture.fixed.107,107,fixed,fixture,310,True,10
edge.market,fresh,emulated_probe,3.34535273312164,0.665464726687836,2,0,,2,run.fixture.fixed.107,107,fixed,fixture,315,True,15
edge.market,fresh,emulated_probe,3.0878451103773745,0.6912154889622626,2,0,,2,run.fixture.fixed.107,107,fixed,fixture,320,True,20
edge.market,fresh,emulated_probe,2.6857203764930535,0.7314279623506946,2,0,,2,run.fixture.fixed.107,107,fixed,fixture,325,True,25
edge.market,fresh,emulated_probe,2.3597346946796023,0.7640265305320397,2,0,,2,run.fixture.fixed.107,107,fixed,fixture,330,False,0
edge.market,fresh,emulated_probe,2.530204768869326,0.7469795231130674,2,0,,2,run.fixture.fixed.107,107,fixed,fixture,335,False,5
edge.market,fresh,emulated_probe,2.269225635966296,0.7730774364033703,2,0,,2,run.fixture.fixed.107,107,fixed,fixture,340,False,10
edge.market,fresh,emulated_probe,2.0884381849856872,0.7911561815014313,2,0,,2,run.fixture.fixed.107,107,fixed,fixture,345,False,15
edge.market,fresh,emulated_probe,1.890705018142027,0.8109294981857973,2,0,,2,run.fixture.fixed.107,107,fixed,fixture,350,False,20
edge.market,fresh,emulated_probe,1.715497803937186,0.8284502196062814,2,0,,2,run.fixture.fixed.107,107,fixed,fixture,355,False,25
edge.market,fresh,emulated_probe,1.4420898426354052,0.8557910157364594,2,0,,2,run.fixture.fixed.107,107,fixed,fixture,360,True,0
edge.market,fresh,emulated_probe,1.3078074667861865,0.8692192533213814,2,0,,2,run.fixture.fixed.107,107,fixed,fixture,365,True,5
edge.market,fresh,emulated_probe,1.1034193622451323,0.8896580637754867,2,0,,2,run.fixture.fixed.107,107,fixed,fixture,370,True,10
edge.market,fresh,emulated_probe,0.7474433823341131,0.9252556617665887,2,0,,2,run.fixture.fixed.107,107,fixed,fixture,375,True,15
edge.market,fresh,emulated_probe,1.14380163898747,0.885619836101253,2,0,,2,run.fixture.fixed.107,107,fixed,fixture,380,True,20
edge.market,fresh,emulated_probe,1.0506144317153443,0.8949385568284656,2,0,,2,run.fixture.fixed.107,107,fixed,fixture,385,True,25
edge.market,fresh,emulated_probe,1.090385124578352,0.8909614875421648,2,0,,2,run.fixture.fixed.107,107,fixed,fixture,390,False,0
edge.market,fresh,emulated_probe,1.0008205517793378,0.8999179448220662,2,0,,2,run.fixture.fixed.107,107,fixed,fixture,395,False,5
edge.market,fresh,emulated_probe,0.770879881626938,0.9229120118373062,2,0,,2,run.fixture.fixed.107,107,fixed,fixture,400,False,10
edge.market,fresh,emulated_probe,1.0427877625981918,0.8957212237401808,2,0,,2,run.fixture.fixed.107,107,fixed,fixture,405,False,15
edge.market,fresh,emulated_probe,0.6955951351594836,0.9304404864840516,2,0,,2,run.fixture.fixed.107,107,fixed,fixture,410,False,20
edge.market,fresh,emulated_probe,0.9840887254048952,0.9015911274595105,2,0,,2,run.fixture.fixed.107,107,fixed,fixture,415,False,25
edge.market,fresh,emulated_probe,1.1047115734039004,0.88952884265961,2,0,,2,run.fixture.fixed.107,107,fixed,fixture,420,True,0
edge.market,fresh,emulated_probe,1.2963565590091308,0.8703643440990869,2,0,,2,run.fixture.fixed.107,107,fixed,fixture,425,True,5
edge.market,fresh,emulated_probe,2.0226064552378977,0.7977393544762102,2,0,,2,run.fixture.fixed.107,107,fixed,fixture,430,True,10
edge.market,fresh,emulated_probe,2.804186863669756,0.7195813136330245,2,0,,2,run.fixture.fixed.107,107,fixed,fixture,435,True,15
edge.market,fresh,emulated_probe,2.5943285798963425,0.7405671420103658,2,0,,2,run.fixture.fixed.107,107,fixed,fixture,440,True,20
edge.market,fresh,emulated_probe,3.0826475249333596,0.691735247506664,2,0,,2,run.fixture.fixed.107,107,fixed,fixture,445,True,25
edge.market,fresh,emulated_probe,3.6358706152592015,0.6364129384740799,2,0,,2,run.fixture.fixed.107,107,fixed,fixture,450,False,0
edge.market,fresh,emulated_probe,4.114016214014171,0.5885983785985829,2,0,,2,run.fixture.fixed.107,107,fixed,fixture,455,False,5
edge.market,fresh,emulated_probe,4.141205713924242,0.5858794286075758,2,0,,2,run.fixture.fixed.107,107,fixed,fixture,460,False,10
edge.market,fresh,emulated_probe,5.174625529459966,0.48253744705400337,2,0,,2,run.fixture.fixed.107,107,fixed,fixture,465,False,15
edge.market,fresh,emulated_probe,5.357577724670458,0.4642422275329542,2,0,,2,run.fixture.fixed.107,107,fixed,fixture,470,False,20
edge.market,fresh,emulated_probe,5.360805846339952,0.4639194153660048,2,0,,2,run.fixture.fixed.107,107,fixed,fixture,475,False,25
edge.market,fresh,emulated_probe,6.007788766051208,0.39922112339487925,2,0,,2,run.fixture.fixed.107,107,fixed,fixture,480,True,0
edge.market,fresh,emulated_probe,6.424460504621534,0.3575539495378466,2,0,,2,run.fixture.fixed.107,107,fixed,fixture,485,True,5
edge.market,fresh,emulated_probe,6.752078251706823,0.32479217482931766,2,0,,2,run.fixture.fixed.107,107,fixed,fixture,490,True,10
edge.market,fresh,emulated_probe,7.208057810635864,0.2791942189364136,2,0,,2,run.fixture.fixed.107,107,fixed,fixture,495,True,15
edge.market,fresh,emulated_probe,7.736814935081446,0.22631850649185536,2,0,,2,run.fixture.fixed.107,107,fixed,fixture,500,True,20
edge.market,fresh,emulated_probe,8.064040732360473,0.19359592676395265,2,0,,2,run.fixture.fixed.107,107,fixed,fixture,505,True,25
edge.market,fresh,emulated_probe,8.746901938781797,0.1253098061218203,2,0,,2,run.fixture.fixed.107,107,fixed,fixture,510,False,0
edge.market,fresh,emulated_probe,8.901089294118293,0.10989107058817071,2,0,,2,run.fixture.fixed.107,107,fixed,fixture,515,False,5
edge.market,fresh,emulated_probe,9.065295299620828,0.0934704700379172,2,0,,2,run.fixture.fixed.107,107,fixed,fixture,520,False,10
edge.market,fresh,emulated_probe,9.189958197197363,0.08100418028026368,2,0,,2,run.fixture.fixed.107,107,fixed,fixture,525,False,15
edge.market,fresh,emulated_probe,8.768716353822736,0.12312836461772636,2,0,,2,run.fixture.fixed.107,107,fixed,fixture,530,False,20
edge.market,fresh,emulated_probe,8.849449758504178,0.11505502414958213,2,0,,2,run.fixture.fixed.107,107,fixed,fixture,535,False,25
edge.market,fresh,emulated_probe,8.958851334902779,0.10411486650972213,2,0,,2,run.fixture.fixed.107,107,fixed,fixture,540,True,0
edge.market,fresh,emulated_probe,9.127023306711589,0.08729766932884109,2,0,,2,run.fixture.fixed.107,107,fixed,fixture,545,True,5
edge.market,fresh,emulated_probe,9.061034980015389,0.09389650199846111,2,0,,2,run.fixture.fixed.107,107,fixed,fixture,550,True,10
edge.market,fresh,emulated_probe,9.069231829229508,0.09307681707704918,2,0,,2,run.fixture.fixed.107,107,fixed,fixture,555,True,15
edge.market,fresh,emulated_probe,9.091894024960954,0.09081059750390463,2,0,,2,run.fixture.fixed.107,107,fixed,fixture,560,True,20
edge.market,fresh,emulated_probe,8.930430965842167,0.10695690341578334,2,0,,2,run.fixture.fixed.107,107,fixed,fixture,565,True,25
edge.market,fresh,emulated_probe,9.120125660721033,0.08798743392789665,2,0,,2,run.fixture.fixed.107,107,fixed,fixture,570,False,0
edge.market,fresh,emulated_probe,8.86672260752267,0.11332773924773298,2,0,,2,run.fixture.fixed.107,107,fixed,fixture,575,False,5
edge.market,fresh,emulated_probe,8.819059253113412,0.11809407468865873,2,0,,2,run.fixture.fixed.107,107,fixed,fixture,580,False,10
edge.market,fresh,emulated_probe,9.138972810586964,0.08610271894130361,2,0,,2,run.fixture.fixed.107,107,fixed,fixture,585,False,15
edge.market,fresh,emulated_probe,9.063301162069582,0.09366988379304186,2,0,,2,run.fixture.fixed.107,107,fixed,fixture,590,False,20
edge.market,fresh,emulated_probe,9.0157858436482,0.09842141563518003,2,0,,2,run.fixture.fixed.107,107,fixed,fixture,595,False,25
edge.market,fresh,emulated_probe,8.949111840563212,0.1050888159436788,2,0,,2,run.fixture.fixed.107,107,fixed,fixture,600,True,0
edge.market,fresh,emulated_probe,9.243904122848214,0.07560958771517856,2,0,,2,run.fixture.fixed.107,107,fixed,fixture,605,True,5
edge.market,fresh,emulated_probe,8.863339977246603,0.11366600227533963,2,0,,2,run.fixture.fixed.107,107,fixed,fixture,610,True,10
edge.market,fresh,emulated_probe,8.798051094132664,0.1201948905867336,2,0,,2,run.fixture.fixed.107,107,fixed,fixture,615,True,15
edge.market,fresh,emulated_probe,9.14854605372323,0.085145394627677,2,0,,2,run.fixture.fixed.107,107,fixed,fixture,620,True,20
edge.market,fresh,emulated_probe,8.806119336186402,0.11938806638135979,2,0,,2,run.fixture.fixed.107,107,fixed,fixture,625,True,25
edge.market,fresh,emulated_probe,8.535254851974592,0.1464745148025408,2,0,,2,run.fixture.fixed.107,107,fixed,fixture,630,False,0
edge.market,fresh,emulated_probe,8.95993952843174,0.10400604715682604,2,0,,2,run.fixture.fixed.107,107,fixed,fixture,635,False,5
edge.market,fresh,emulated_probe,9.028928103575154,0.09710718964248455,2,0,,2,run.fixture.fixed.107,107,fixed,fixture,640,False,10
edge.market,fresh,emulated_probe,8.844308637970066,0.11556913620299336,2,0,,2,run.fixture.fixed.107,107,fixed,fixture,645,False,15
edge.market,fresh,emulated_probe,9.204496745755698,0.07955032542443019,2,0,,2,run.fixture.fixed.107,107,fixed,fixture,650,False,20
edge.market,fresh,emulated_probe,9.240090782896537,0.07599092171034627,2,0,,2,run.fixture.fixed.107,107,fixed,fixture,655,False,25
edge.market,fresh,emulated_probe,9.053939542574998,0.0946060457425002,2,0,,2,run.fixture.fixed.107,107,fixed,fixture,660,True,0
edge.market,fresh,emulated_probe,9.235028832882604,0.07649711671173964,2,0,,2,run.fixture.fixed.107,107,fixed,fixture,665,True,5
edge.market,fresh,emulated_probe,9.255240356923307,0.07447596430766923,2,0,,2,run.fixture.fixed.107,107,fixed,fixture,670,True,10
edge.market,fresh,emulated_probe,8.610379793337373,0.13896202066626273,2,0,,2,run.fixture.fixed.107,107,fixed,fixture,675,True,15
edge.market,fresh,emulated_probe,8.826603073126144,0.11733969268738564,2,0,,2,run.fixture.fixed.107,107,fixed,fixture,680,True,20
edge.market,fresh,emulated_probe,8.939594297289197,0.10604057027108027,2,0,,2,run.fixture.fixed.107,107,fixed,fixture,685,True,25
edge.market,fresh,emulated_probe,9.299781892586163,0.0700218107413837,2,0,,2,run.fixture.fixed.107,107,fixed,fixture,690,False,0
edge.market,fresh,emulated_probe,9.026340379427676,0.09736596205723236,2,0,,2,run.fixture.fixed.107,107,fixed,fixture,695,False,5
edge.market,fresh,emulated_probe,8.88366467917663,0.11163353208233706,2,0,,2,run.fixture.fixed.107,107,fixed,fixture,700,False,10
edge.market,fresh,emulated_probe,9.10440746472912,0.08955925352708805,2,0,,2,run.fixture.fixed.107,107,fixed,fixture,705,False,15
edge.market,fresh,emulated_probe,8.879992479787106,0.11200075202128945,2,0,,2,run.fixture.fixed.107,107,fixed,fixture,710,False,20
edge.market,fresh,emulated_probe,9.099079376096682,0.09009206239033174,2,0,,2,run.fixture.fixed.107,107,fixed,fixture,715,False,25
edge.market,fresh,emulated_probe,9.267885785845895,0.07321142141541048,2,0,,2,run.fixture.fixed.107,107,fixed,fixture,720,True,0
edge.market,fresh,emulated_probe,8.846968783602154,0.11530312163978462,2,0,,2,run.fixture.fixed.107,107,fixed,fixture,725,True,5
edge.market,fresh,emulated_probe,8.925040006221185,0.10749599937788157,2,0,,2,run.fixture.fixed.107,107,fixed,fixture,730,True,10
edge.market,fresh,emulated_probe,9.064240547567739,0.0935759452432261,2,0,,2,run.fixture.fixed.107,107,fixed,fixture,735,True,15
edge.market,fresh,emulated_probe,8.984694728374082,0.10153052716259181,2,0,,2,run.fixture.fixed.107,107,fixed,fixture,740,True,20
edge.market,fresh,emulated_probe,9.16555828494635,0.08344417150536498,2,0,,2,run.fixture.fixed.107,107,fixed,fixture,745,True,25
edge.market,fresh,emulated_probe,9.133325669773502,0.08666743302264979,2,0,,2,run.fixture.fixed.107,107,fixed,fixture,750,False,0
edge.market,fresh,emulated_probe,8.590994656115697,0.1409005343884303,2,0,,2,run.fixture.fixed.107,107,fixed,fixture,755,False,5
edge.market,fresh,emulated_probe,9.096787299975706,0.0903212700024294,2,0,,2,run.fixture.fixed.107,107,fixed,fixture,760,False,10
edge.market,fresh,emulated_probe,8.917148550126736,0.10828514498732633,2,0,,2,run.fixture.fixed.107,107,fixed,fixture,765,False,15
edge.market,fresh,emulated_probe,9.200193990224069,0.07998060097759319,2,0,,2,run.fixture.fixed.107,107,fixed,fixture,770,False,20
edge.market,fresh,emulated_probe,9.063436631316966,0.09365633686830344,2,0,,2,run.fixture.fixed.107,107,fixed,fixture,775,False,25
edge.market,fresh,emulated_probe,9.185912461615185,0.08140875383848145,2,0,,2,run.fixture.fixed.107,107,fixed,fixture,780,True,0
edge.market,fresh,emulated_probe,9.15479245069885,0.08452075493011502,2,0,,2,run.fixture.fixed.107,107,fixed,fixture,785,True,5
edge.market,fresh,emulated_probe,8.993249265698143,0.10067507343018567,2,0,,2,run.fixture.fixed.107,107,fixed,fixture,790,True,10
edge.market,fresh,emulated_probe,9.255263082430467,0.07447369175695329,2,0,,2,run.fixture.fixed.107,107,fixed,fixture,795,True,15
edge.market,fresh,emulated_probe,8.94165046545034,0.10583495345496596,2,0,,2,run.fixture.fixed.107,107,fixed,fixture,800,True,20
edge.market,fresh,emulated_probe,8.864994438372939,0.11350055616270605,2,0,,2,run.fixture.fixed.107,107,fixed,fixture,805,True,25
edge.market,fresh,emulated_probe,8.771921623418145,0.12280783765818559,2,0,,2,run.fixture.fixed.107,107,fixed,fixture,810,False,0
edge.market,fresh,emulated_probe,8.937484524247996,0.10625154757520039,2,0,,2,run.fixture.fixed.107,107,fixed,fixture,815,False,5
edge.market,fresh,emulated_probe,9.145391794093218,0.08546082059067817,2,0,,2,run.fixture.fixed.107,107,fixed,fixture,820,False,10
edge.market,fresh,emulated_probe,8.709707475203665,0.12902925247963348,2,0,,2,run.fixture.fixed.107,107,fixed,fixture,825,False,15
edge.market,fresh,emulated_probe,9.04779208612541,0.09522079138745898,2,0,,2,run.fixture.fixed.107,107,fixed,fixture,830,False,20
edge.market,fresh,emulated_probe,8.693493465693189,0.13065065343068105,2,0,,2,run.fixture.fixed.107,107,fixed,fixture,835,False,25
edge.market,fresh,emulated_probe,8.739695660392272,0.12603043396077285,2,0,,2,run.fixture.fixed.107,107,fixed,fixture,840,True,0
edge.market,fresh,emulated_probe,9.124592612679013,0.08754073873209867,2,0,,2,run.fixture.fixed.107,107,fixed,fixture,845,True,5
edge.market,fresh,emulated_probe,8.998939422707847,0.10010605772921521,2,0,,2,run.fixture.fixed.107,107,fixed,fixture,850,True,10
edge.market,fresh,emulated_probe,8.996871245932827,0.1003128754067173,2,0,,2,run.fixture.fixed.107,107,fixed,fixture,855,True,15
edge.market,fresh,emulated_probe,8.889258243853012,0.11107417561469879,2,0,,2,run.fixture.fixed.107,107,fixed,fixture,860,True,20
edge.market,fresh,emulated_probe,9.145213370960086,0.08547866290399142,2,0,,2,run.fixture.fixed.107,107,fixed,fixture,865,True,25
edge.market,fresh,emulated_probe,8.954272428374622,0.10457275716253778,2,0,,2,run.fixture.fixed.107,107,fixed,fixture,870,False,0
edge.market,fresh,emulated_probe,8.947080145143687,0.10529198548563135,2,0,,2,run.fixture.fixed.107,107,fixed,fixture,875,False,5
edge.market,fresh,emulated_probe,8.833819083875303,0.11661809161246972,2,0,,2,run.fixture.fixed.107,107,fixed,fixture,880,False,10
edge.market,fresh,emulated_probe,9.341505927363993,0.06584940726360067,2,0,,2,run.fixture.fixed.107,107,fixed,fixture,885,False,15
edge.market,fresh,emulated_probe,8.602677782455446,0.13973222175445543,2,0,,2,run.fixture.fixed.107,107,fixed,fixture,890,False,20
edge.market,fresh,emulated_probe,9.150521313473572,0.08494786865264281,2,0,,2,run.fixture.fixed.107,107,fixed,fixture,895,False,25
edge.market,fresh,emulated_probe,8.96009945941306,0.10399005405869399,2,0,,2,run.fixture.fixed.107,107,fixed,fixture,900,True,0
edge.market,fresh,emulated_probe,9.11669215468896,0.08833078453110388,2,0,,2,run.fixture.fixed.200,200,fixed,fixture,0,True,0
edge.market,fresh,emulated_probe,8.838345714129488,0.11616542858705114,2,0,,2,run.fixture.fixed.200,200,fixed,fixture,5,True,5
edge.market,fresh,emulated_probe,8.988630078337888,0.10113699216621119,2,0,,2,run.fixture.fixed.200,200,fixed,fixture,10,True,10
edge.market,fresh,emulated_probe,9.282802823155524,0.07171971768444751,2,0,,2,run.fixture.fixed.200,200,fixed,fixture,15,True,15
edge.market,fresh,emulated_probe,8.93677730328585,0.10632226967141489,2,0,,2,run.fixture.fixed.200,200,fixed,fixture,20,True,20
edge.market,fresh,emulated_probe,9.198189160781684,0.08018108392183154,2,0,,2,run.fixture.fixed.200,200,fixed,fixture,25,True,25
edge.market,fresh,emulated_probe,8.999745600634078,0.10002543993659219,2,0,,2,run.fixture.fixed.200,200,fixed,fixture,30,False,0
edge.market,fresh,emulated_probe,9.264800339502724,0.07351996604972766,2,0,,2,run.fixture.fixed.200,200,fixed,fixture,35,False,5
edge.market,fresh,emulated_probe,8.925125745470972,0.1074874254529028,2,0,,2,run.fixture.fixed.200,200,fixed,fixture,40,False,10
edge.market,fresh,emulated_probe,8.830152527833732,0.11698474721662677,2,0,,2,run.fixture.fixed.200,200,fixed,fixture,45,False,15
edge.market,fresh,emulated_probe,9.128907085928166,0.08710929140718338,2,0,,2,run.fixture.fixed.200,200,fixed,fixture,50,False,20
edge.market,fresh,emulated_probe,9.140707544027734,0.08592924559722659,2,0,,2,run.fixture.fixed.200,200,fixed,fixture,55,False,25
edge.market,fresh,emulated_probe,8.637888357385446,0.1362111642614554,2,0,,2,run.fixture.fixed.200,200,fixed,fixture,60,True,0
edge.market,fresh,emulated_probe,8.946718427047912,0.10532815729520872,2,0,,2,run.fixture.fixed.200,200,fixed,fixture,65,True,5
edge.market,fresh,emulated_probe,8.822468322120141,0.11775316778798595,2,0,,2,run.fixture.fixed.200,200,fixed,fixture,70,True,10
edge.market,fresh,emulated_probe,9.173021332506286,0.08269786674937141,2,0,,2,run.fixture.fixed.200,200,fixed,fixture,75,True,15
edge.market,fresh,emulated_probe,9.200846481134274,0.07991535188657262,2,0,,2,run.fixture.fixed.200,200,fixed,fixture,80,True,20
edge.market,fresh,emulated_probe,9.056987502579606,0.09430124974203946,2,0,,2,run.fixture.fixed.200,200,fixed,fixture,85,True,25
edge.market,fresh,emulated_probe,9.163126535056701,0.08368734649432985,2,0,,2,run.fixture.fixed.200,200,fixed,fixture,90,False,0
edge.market,fresh,emulated_probe,9.139414863903577,0.08605851360964234,2,0,,2,run.fixture.fixed.200,200,fixed,fixture,95,False,5
edge.market,fresh,emulated_probe,9.045139250324649,0.09548607496753514,2,0,,2,run.fixture.fixed.200,200,fixed,fixture,100,False,10
edge.market,fresh,emulated_probe,8.767575000041333,0.12324249999586667,2,0,,2,run.fixture.fixed.200,200,fixed,fixture,105,False,15
edge.market,fresh,emulated_probe,8.707320424031568,0.12926795759684317,2,0,,2,run.fixture.fixed.200,200,fixed,fixture,110,False,20
edge.market,fresh,emulated_probe,8.86052779323207,0.11394722067679308,2,0,,2,run.fixture.fixed.200,200,fixed,fixture,115,False,25
edge.market,fresh,emulated_probe,9.06526228531859,0.09347377146814095,2,0,,2,run.fixture.fixed.200,200,fixed,fixture,120,True,0
edge.market,fresh,emulated_probe,8.71397917037657,0.128602082962343,2,0,,2,run.fixture.fixed.200,200,fixed,fixture,125,True,5
edge.market,fresh,emulated_probe,9.014811803130693,0.09851881968693077,2,0,,2,run.fixture.fixed.200,200,fixed,fixture,130,True,10
edge.market,fresh,emulated_probe,9.075260658628455,0.09247393413715455,2,0,,2,run.fixture.fixed.200,200,fixed,fixture,135,True,15
edge.market,fresh,emulated_probe,9.235021276538003,0.07649787234619976,2,0,,2,run.fixture.fixed.200,200,fixed,fixture,140,True,20
edge.market,fresh,emulated_probe,8.831901750175513,0.11680982498244874,2,0,,2,run.fixture.fixed.200,200,fixed,fixture,145,True,25
edge.market,fresh,emulated_probe,8.683011525026256,0.13169884749737437,2,0,,2,run.fixture.fixed.200,200,fixed,fixture,150,False,0
edge.market,fresh,emulated_probe,8.668570191085465,0.1331429808914535,2,0,,2,run.fixture.fixed.200,200,fixed,fixture,155,False,5
edge.market,fresh,emulated_probe,8.261629548193877,0.17383704518061227,2,0,,2,run.fixture.fixed.200,200,fixed,fixture,160,False,10
edge.market,fresh,emulated_probe,8.43692868127066,0.1563071318729341,2,0,,2,run.fixture.fixed.200,200,fixed,fixture,165,False,15
edge.market,fresh,emulated_probe,8.226822980855257,0.17731770191447427,2,0,,2,run.fixture.fixed.200,200,fixed,fixture,170,False,20
edge.market,fresh,emulated_probe,7.68222162964707,0.23177783703529298,2,0,,2,run.fixture.fixed.200,200,fixed,fixture,175,False,25
edge.market,fresh,emulated_probe,7.561743381977975,0.24382566180220244,2,0,,2,run.fixture.fixed.200,200,fixed,fixture,180,True,0
edge.market,fresh,emulated_probe,7.283043249296538,0.2716956750703462,2,0,,2,run.fixture.fixed.200,200,fixed,fixture,185,True,5
edge.market,fresh,emulated_probe,7.595286625571772,0.24047133744282279,2,0,,2,run.fixture.fixed.200,200,fixed,fixture,190,True,10
edge.market,fresh,emulated_probe,7.2966688183562205,0.270333118164378,2,0,,2,run.fixture.fixed.200,200,fixed,fixture,195,True,15
edge.market,fresh,emulated_probe,6.808811337448253,0.3191188662551747,2,0,,2,run.fixture.fixed.200,200,fixed,fixture,200,True,20
edge.market,fresh,emulated_probe,6.7152184886986,0.32847815113014,2,0,,2,run.fixture.fixed.200,200,fixed,fixture,205,True,25
edge.market,fresh,emulated_probe,6.774743259854075,0.32252567401459253,2,0,,2,run.fixture.fixed.200,200,fixed,fixture,210,False,0
edge.market,fresh,emulated_probe,6.5761983149193854,0.3423801685080614,2,0,,2,run.fixture.fixed.200,200,fixed,fixture,215,False,5
edge.market,fresh,emulated_probe,6.332131321321943,0.3667868678678057,2,0,,2,run.fixture.fixed.200,200,fixed,fixture,220,False,10
edge.market,fresh,emulated_probe,5.977141962464408,0.40228580375355916,2,0,,2,run.fixture.fixed.200,200,fixed,fixture,225,False,15
edge.market,fresh,emulated_probe,5.775584712855792,0.42244152871442087,2,0,,2,run.fixture.fixed.200,200,fixed,fixture,230,False,20
edge.market,fresh,emulated_probe,5.529688094675468,0.4470311905324532,2,0,,2,run.fixture.fixed.200,200,fixed,fixture,235,False,25
edge.market,fresh,emulated_probe,5.559720263609007,0.4440279736390993,2,0,,2,run.fixture.fixed.200,200,fixed,fixture,240,True,0
edge.market,fresh,emulated_probe,5.758754325868903,0.42412456741310967,2,0,,2,run.fixture.fixed.200,200,fixed,fixture,245,True,5
edge.market,fresh,emulated_probe,5.303458394706701,0.46965416052932984,2,0,,2,run.fixture.fixed.200,200,fixed,fixture,250,True,10
edge.market,fresh,emulated_probe,5.294946527802329,0.4705053472197671,2,0,,2,run.fixture.fixed.200,200,fixed,fixture,255,True,15
edge.market,fresh,emulated_probe,4.989992808705281,0.5010007191294719,2,0,,2,run.fixture.fixed.200,200,fixed,fixture,260,True,20
edge.market,fresh,emulated_probe,4.467567340456931,0.553243265954307,2,0,,2,run.fixture.fixed.200,200,fixed,fixture,265,True,25
edge.market,fresh,emulated_probe,4.456081277405342,0.5543918722594657,2,0,,2,run.fixture.fixed.200,200,fixed,fixture,270,False,0
edge.market,fresh,emulated_probe,4.307993679081344,0.5692006320918657,2,0,,2,run.fixture.fixed.200,200,fixed,fixture,275,False,5
edge.market,fresh,emulated_probe,4.448181524170255,0.5551818475829745,2,0,,2,run.fixture.fixed.200,200,fixed,fixture,280,False,10
edge.market,fresh,emulated_probe,4.374329696754906,0.5625670303245094,2,0,,2,run.fixture.fixed.200,200,fixed,fixture,285,False,15
edge.market,fresh,emulated_probe,3.741998749722786,0.6258001250277214,2,0,,2,run.fixture.fixed.200,200,fixed,fixture,290,False,20
edge.market,fresh,emulated_probe,4.047963331762672,0.5952036668237328,2,0,,2,run.fixture.fixed.200,200,fixed,fixture,295,False,25
edge.market,fresh,emulated_probe,4.047963331762672,0.5952036668237328,2,5,,2,run.fixture.fixed.200,200,fixed,fixture,300,True,0
edge.market,fresh,emulated_probe,4.047963331762672,0.5952036668237328,2,10,,2,run.fixture.fixed.200,200,fixed,fixture,305,True,5
edge.market,fresh,emulated_probe,4.047963331762672,0.5952036668237328,2,15,,2,run.fixture.fixed.200,200,fixed,fixture,310,True,10
edge.market,stale,,,,2,20,,0,run.fixture.fixed.200,200,fixed,fixture,315,True,15
edge.market,stale,,,,2,25,,0,run.fixture.fixed.200,200,fixed,fixture,320,True,20
edge.market,stale,,,,2,30,,0,run.fixture.fixed.200,200,fixed,fixture,325,True,25
edge.market,stale,,,,2,35,,0,run.fixture.fixed.200,200,fixed,fixture,330,False,0
edge.market,stale,,,,2,40,,0,run.fixture.fixed.200,200,fixed,fixture,335,False,5
edge.market,stale,,,,2,45,,0,run.fixture.fixed.200,200,fixed,fixture,340,False,10
edge.market,stale,,,,2,50,,0,run.fixture.fixed.200,200,fixed,fixture,345,False,15
edge.market,stale,,,,2,55,,0,run.fixture.fixed.200,200,fixed,fixture,350,False,20
edge.market,fresh,emulated_probe,1.4520937663243232,0.8547906233675677,2,0,,2,run.fixture.fixed.200,200,fixed,fixture,355,False,25
edge.market,fresh,emulated_probe,1.2951208539789638,0.8704879146021036,2,0,,2,run.fixture.fixed.200,200,fixed,fixture,360,True,0
edge.market,fresh,emulated_probe,1.313218081446439,0.8686781918553561,2,0,,2,run.fixture.fixed.200,200,fixed,fixture,365,True,5
edge.market,fresh,emulated_probe,1.1890535360078347,0.8810946463992165,2,0,,2,run.fixture.fixed.200,200,fixed,fixture,370,True,10
edge.market,fresh,emulated_probe,0.9387055101547559,0.9061294489845244,2,0,,2,run.fixture.fixed.200,200,fixed,fixture,375,True,15
edge.market,fresh,emulated_probe,1.1629411784152461,0.8837058821584753,2,0,,2,run.fixture.fixed.200,200,fixed,fixture,380,True,20
edge.market,fresh,emulated_probe,1.1344029926808386,0.8865597007319161,2,0,,2,run.fixture.fixed.200,200,fixed,fixture,385,True,25
edge.market,fresh,emulated_probe,0.94008703241168,0.9059912967588319,2,0,,2,run.fixture.fixed.200,200,fixed,fixture,390,False,0
edge.market,fresh,emulated_probe,1.105657054534928,0.8894342945465072,2,0,,2,run.fixture.fixed.200,200,fixed,fixture,395,False,5
edge.market,fresh,emulated_probe,0.946139414897455,0.9053860585102544,2,0,,2,run.fixture.fixed.200,200,fixed,fixture,400,False,10
edge.market,fresh,emulated_probe,1.522730537468298,0.8477269462531702,2,0,,2,run.fixture.fixed.200,200,fixed,fixture,405,False,15
edge.market,fresh,emulated_probe,0.817196327075948,0.9182803672924051,2,0,,2,run.fixture.fixed.200,200,fixed,fixture,410,False,20
edge.market,fresh,emulated_probe,1.6615341723430954,0.8338465827656905,2,0,,2,run.fixture.fixed.200,200,fixed,fixture,415,False,25
edge.market,fresh,emulated_probe,1.6867539850102953,0.8313246014989705,2,0,,2,run.fixture.fixed.200,200,fixed,fixture,420,True,0
edge.market,fresh,emulated_probe,2.17944114490126,0.782055885509874,2,0,,2,run.fixture.fixed.200,200,fixed,fixture,425,True,5
edge.market,fresh,emulated_probe,2.3013775542166073,0.7698622445783393,2,0,,2,run.fixture.fixed.200,200,fixed,fixture,430,True,10
edge.market,fresh,emulated_probe,2.787667759002645,0.7212332240997354,2,0,,2,run.fixture.fixed.200,200,fixed,fixture,435,True,15
edge.market,fresh,emulated_probe,3.3849454144930657,0.6615054585506934,2,0,,2,run.fixture.fixed.200,200,fixed,fixture,440,True,20
edge.market,fresh,emulated_probe,3.5035283248300866,0.6496471675169914,2,0,,2,run.fixture.fixed.200,200,fixed,fixture,445,True,25
edge.market,fresh,emulated_probe,4.098923155510292,0.5901076844489708,2,0,,2,run.fixture.fixed.200,200,fixed,fixture,450,False,0
edge.market,fresh,emulated_probe,4.142796639540442,0.5857203360459559,2,0,,2,run.fixture.fixed.200,200,fixed,fixture,455,False,5
edge.market,fresh,emulated_probe,4.755593412406415,0.5244406587593585,2,0,,2,run.fixture.fixed.200,200,fixed,fixture,460,False,10
edge.market,fresh,emulated_probe,4.875326332516492,0.5124673667483508,2,0,,2,run.fixture.fixed.200,200,fixed,fixture,465,False,15
edge.market,fresh,emulated_probe,5.793481704740454,0.4206518295259546,2,0,,2,run.fixture.fixed.200,200,fixed,fixture,470,False,20
edge.market,fresh,emulated_probe,6.129051127719242,0.38709488722807583,2,0,,2,run.fixture.fixed.200,200,fixed,fixture,475,False,25
edge.market,fresh,emulated_probe,6.207384931118991,0.3792615068881009,2,0,,2,run.fixture.fixed.200,200,fixed,fixture,480,True,0
edge.market,fresh,emulated_probe,7.091048754606292,0.29089512453937083,2,0,,2,run.fixture.fixed.200,200,fixed,fixture,485,True,5
edge.market,fresh,emulated_probe,7.048347178442351,0.2951652821557649,2,0,,2,run.fixture.fixed.200,200,fixed,fixture,490,True,10
edge.market,fresh,emulated_probe,7.6708375026284426,0.23291624973715574,2,0,,2,run.fixture.fixed.200,200,fixed,fixture,495,True,15
edge.market,fresh,emulated_probe,8.01327455932162,0.19867254406783807,2,0,,2,run.fixture.fixed.200,200,fixed,fixture,500,True,20
edge.market,fresh,emulated_probe,8.470193813071733,0.15298061869282675,2,0,,2,run.fixture.fixed.200,200,fixed,fixture,505,True,25
edge.market,fresh,emulated_probe,8.722309972421339,0.12776900275786607,2,0,,2,run.fixture.fixed.200,200,fixed,fixture,510,False,0
edge.market,fresh,emulated_probe,9.188883108794005,0.0811116891205994,2,0,,2,run.fixture.fixed.200,200,fixed,fixture,515,False,5
edge.market,fresh,emulated_probe,9.04233136080346,0.09576686391965394,2,0,,2,run.fixture.fixed.200,200,fixed,fixture,520,False,10
edge.market,fresh,emulated_probe,9.092923271859958,0.09070767281400427,2,0,,2,run.fixture.fixed.200,200,fixed,fixture,525,False,15
edge.market,fresh,emulated_probe,8.933259207253919,0.10667407927460815,2,0,,2,run.fixture.fixed.200,200,fixed,fixture,530,False,20
edge.market,fresh,emulated_probe,8.934947073847946,0.10650529261520547,2,0,,2,run.fixture.fixed.200,200,fixed,fixture,535,False,25
edge.market,fresh,emulated_probe,8.878170607759209,0.11218293922407907,2,0,,2,run.fixture.fixed.200,200,fixed,fixture,540,True,0
edge.market,fresh,emulated_probe,9.072119591296476,0.09278804087035242,2,0,,2,run.fixture.fixed.200,200,fixed,fixture,545,True,5
edge.market,fresh,emulated_probe,8.88959981342392,0.11104001865760793,2,0,,2,run.fixture.fixed.200,200,fixed,fixture,550,True,10
edge.market,fresh,emulated_probe,9.089422423144473,0.09105775768555269,2,0,,2,run.fixture.fixed.200,200,fixed,fixture,555,True,15
edge.market,fresh,emulated_probe,9.213366582838379,0.07866334171616207,2,0,,2,run.fixture.fixed.200,200,fixed,fixture,560,True,20
edge.market,fresh,emulated_probe,8.992209935885448,0.10077900641145521,2,0,,2,run.fixture.fixed.200,200,fixed,fixture,565,True,25
edge.market,fresh,emulated_probe,9.145126878527032,0.08548731214729677,2,0,,2,run.fixture.fixed.200,200,fixed,fixture,570,False,0
edge.market,fresh,emulated_probe,8.937674368934289,0.10623256310657114,2,0,,2,run.fixture.fixed.200,200,fixed,fixture,575,False,5
edge.market,fresh,emulated_probe,8.936661054096813,0.10633389459031872,2,0,,2,run.fixture.fixed.200,200,fixed,fixture,580,False,10
edge.market,fresh,emulated_probe,9.131360071607485,0.0868639928392515,2,0,,2,run.fixture.fixed.200,200,fixed,fixture,585,False,15
edge.market,fresh,emulated_probe,8.851295936644831,0.11487040633551682,2,0,,2,run.fixture.fixed.200,200,fixed,fixture,590,False,20
edge.market,fresh,emulated_probe,9.16730142684656,0.08326985731534398,2,0,,2,run.fixture.fixed.200,200,fixed,fixture,595,False,25
edge.market,fresh,emulated_probe,8.755377094534197,0.12446229054658031,2,0,,2,run.fixture.fixed.200,200,fixed,fixture,600,True,0
edge.market,fresh,emulated_probe,9.126170247232814,0.08738297527671857,2,0,,2,run.fixture.fixed.200,200,fixed,fixture,605,True,5
edge.market,fresh,emulated_probe,8.97072126000246,0.102927873999754,2,0,,2,run.fixture.fixed.200,200,fixed,fixture,610,True,10
edge.market,fresh,emulated_probe,9.097174207222615,0.09028257927773853,2,0,,2,run.fixture.fixed.200,200,fixed,fixture,615,True,15
edge.market,fresh,emulated_probe,9.048691363301396,0.09513086366986045,2,0,,2,run.fixture.fixed.200,200,fixed,fixture,620,True,20
edge.market,fresh,emulated_probe,8.730054771269405,0.12699452287305957,2,0,,2,run.fixture.fixed.200,200,fixed,fixture,625,True,25
edge.market,fresh,emulated_probe,8.92971046538613,0.10702895346138708,2,0,,2,run.fixture.fixed.200,200,fixed,fixture,630,False,0
edge.market,fresh,emulated_probe,8.946830765543664,0.10531692344563359,2,0,,2,run.fixture.fixed.200,200,fixed,fixture,635,False,5
edge.market,fresh,emulated_probe,9.220026598727213,0.07799734012727877,2,0,,2,run.fixture.fixed.200,200,fixed,fixture,640,False,10
edge.market,fresh,emulated_probe,9.113802805114648,0.0886197194885352,2,0,,2,run.fixture.fixed.200,200,fixed,fixture,645,False,15
edge.market,fresh,emulated_probe,9.02501246855392,0.0974987531446081,2,0,,2,run.fixture.fixed.200,200,fixed,fixture,650,False,20
edge.market,fresh,emulated_probe,9.185118555205445,0.08148814447945552,2,0,,2,run.fixture.fixed.200,200,fixed,fixture,655,False,25
edge.market,fresh,emulated_probe,9.127441422099054,0.0872558577900946,2,0,,2,run.fixture.fixed.200,200,fixed,fixture,660,True,0
edge.market,fresh,emulated_probe,8.98720342865063,0.10127965713493692,2,0,,2,run.fixture.fixed.200,200,fixed,fixture,665,True,5
edge.market,fresh,emulated_probe,8.67928887415529,0.13207111258447102,2,0,,2,run.fixture.fixed.200,200,fixed,fixture,670,True,10
edge.market,fresh,emulated_probe,9.105736981151026,0.08942630188489742,2,0,,2,run.fixture.fixed.200,200,fixed,fixture,675,True,15
edge.market,fresh,emulated_probe,8.907682583405728,0.10923174165942717,2,0,,2,run.fixture.fixed.200,200,fixed,fixture,680,True,20
edge.market,fresh,emulated_probe,9.083065953884125,0.09169340461158748,2,0,,2,run.fixture.fixed.200,200,fixed,fixture,685,True,25
edge.market,fresh,emulated_probe,8.864722582844346,0.11352774171556546,2,0,,2,run.fixture.fixed.200,200,fixed,fixture,690,False,0
edge.market,fresh,emulated_probe,9.18461202969883,0.08153879703011702,2,0,,2,run.fixture.fixed.200,200,fixed,fixture,695,False,5
edge.market,fresh,emulated_probe,9.081568810669292,0.09184311893307073,2,0,,2,run.fixture.fixed.200,200,fixed,fixture,700,False,10
edge.market,fresh,emulated_probe,8.798984608146647,0.12010153918533528,2,0,,2,run.fixture.fixed.200,200,fixed,fixture,705,False,15
edge.market,fresh,emulated_probe,8.984587365838587,0.10154126341614123,2,0,,2,run.fixture.fixed.200,200,fixed,fixture,710,False,20
edge.market,fresh,emulated_probe,9.023697220409488,0.09763027795905121,2,0,,2,run.fixture.fixed.200,200,fixed,fixture,715,False,25
edge.market,fresh,emulated_probe,9.336731561553563,0.06632684384464371,2,0,,2,run.fixture.fixed.200,200,fixed,fixture,720,True,0
edge.market,fresh,emulated_probe,9.20526215458107,0.07947378454189291,2,0,,2,run.fixture.fixed.200,200,fixed,fixture,725,True,5
edge.market,fresh,emulated_probe,8.984763826001915,0.10152361739980853,2,0,,2,run.fixture.fixed.200,200,fixed,fixture,730,True,10
edge.market,fresh,emulated_probe,9.223375072970946,0.07766249270290548,2,0,,2,run.fixture.fixed.200,200,fixed,fixture,735,True,15
edge.market,fresh,emulated_probe,9.312111453375167,0.0687888546624833,2,0,,2,run.fixture.fixed.200,200,fixed,fixture,740,True,20
edge.market,fresh,emulated_probe,8.972612710888495,0.10273872891115055,2,0,,2,run.fixture.fixed.200,200,fixed,fixture,745,True,25
edge.market,fresh,emulated_probe,8.949206393897716,0.10507936061022838,2,0,,2,run.fixture.fixed.200,200,fixed,fixture,750,False,0
edge.market,fresh,emulated_probe,8.842384481047755,0.11576155189522441,2,0,,2,run.fixture.fixed.200,200,fixed,fixture,755,False,5
edge.market,fresh,emulated_probe,9.178736992245852,0.08212630077541472,2,0,,2,run.fixture.fixed.200,200,fixed,fixture,760,False,10
edge.market,fresh,emulated_probe,8.640800690699209,0.13591993093007915,2,0,,2,run.fixture.fixed.200,200,fixed,fixture,765,False,15
edge.market,fresh,emulated_probe,8.865777153182801,0.11342228468171989,2,0,,2,run.fixture.fixed.200,200,fixed,fixture,770,False,20
edge.market,fresh,emulated_probe,8.91896190034463,0.10810380996553692,2,0,,2,run.fixture.fixed.200,200,fixed,fixture,775,False,25
edge.market,fresh,emulated_probe,9.344767163732719,0.0655232836267281,2,0,,2,run.fixture.fixed.200,200,fixed,fixture,780,True,0
edge.market,fresh,emulated_probe,9.17962971843885,0.08203702815611502,2,0,,2,run.fixture.fixed.200,200,fixed,fixture,785,True,5
edge.market,fresh,emulated_probe,8.937475427772586,0.10625245722274135,2,0,,2,run.fixture.fixed.200,200,fixed,fixture,790,True,10
edge.market,fresh,emulated_probe,9.055283852107728,0.09447161478922728,2,0,,2,run.fixture.fixed.200,200,fixed,fixture,795,True,15
edge.market,fresh,emulated_probe,8.875211950379235,0.11247880496207652,2,0,,2,run.fixture.fixed.200,200,fixed,fixture,800,True,20
edge.market,fresh,emulated_probe,8.880533515940726,0.11194664840592738,2,0,,2,run.fixture.fixed.200,200,fixed,fixture,805,True,25
edge.market,fresh,emulated_probe,9.19186088889534,0.08081391111046599,2,0,,2,run.fixture.fixed.200,200,fixed,fixture,810,False,0
edge.market,fresh,emulated_probe,8.98329810875181,0.10167018912481895,2,0,,2,run.fixture.fixed.200,200,fixed,fixture,815,False,5
edge.market,fresh,emulated_probe,9.028925574476972,0.09710744255230286,2,0,,2,run.fixture.fixed.200,200,fixed,fixture,820,False,10
edge.market,fresh,emulated_probe,9.03845828812425,0.09615417118757497,2,0,,2,run.fixture.fixed.200,200,fixed,fixture,825,False,15
edge.market,fresh,emulated_probe,9.011955735772238,0.0988044264227762,2,0,,2,run.fixture.fixed.200,200,fixed,fixture,830,False,20
edge.market,fresh,emulated_probe,8.993298606684139,0.10067013933158608,2,0,,2,run.fixture.fixed.200,200,fixed,fixture,835,False,25
edge.market,fresh,emulated_probe,9.107858730696211,0.08921412693037889,2,0,,2,run.fixture.fixed.200,200,fixed,fixture,840,True,0
edge.market,fresh,emulated_probe,8.720341413830305,0.12796585861696952,2,0,,2,run.fixture.fixed.200,200,fixed,fixture,845,True,5
edge.market,fresh,emulated_probe,9.09218940691057,0.09078105930894298,2,0,,2,run.fixture.fixed.200,200,fixed,fixture,850,True,10
edge.market,fresh,emulated_probe,8.852770515804043,0.11472294841959574,2,0,,2,run.fixture.fixed.200,200,fixed,fixture,855,True,15
edge.market,fresh,emulated_probe,8.84179694286244,0.11582030571375612,2,0,,2,run.fixture.fixed.200,200,fixed,fixture,860,True,20
edge.market,fresh,emulated_probe,9.03262981941263,0.09673701805873702,2,0,,2,run.fixture.fixed.200,200,fixed,fixture,865,True,25
edge.market,fresh,emulated_probe,9.09860885175806,0.09013911482419401,2,0,,2,run.fixture.fixed.200,200,fixed,fixture,870,False,0
edge.market,fresh,emulated_probe,8.572917064807235,0.1427082935192765,2,0,,2,run.fixture.fixed.200,200,fixed,fixture,875,False,5
edge.market,fresh,emulated_probe,8.908895903694905,0.10911040963050955,2,0,,2,run.fixture.fixed.200,200,fixed,fixture,880,False,10
edge.market,fresh,emulated_probe,9.003958953721503,0.09960410462784974,2,0,,2,run.fixture.fixed.200,200,fixed,fixture,885,False,15
edge.market,fresh,emulated_probe,9.143662760202227,0.08563372397977731,2,0,,2,run.fixture.fixed.200,200,fixed,fixture,890,False,20
edge.market,fresh,emulated_probe,8.83473026713102,0.11652697328689798,2,0,,2,run.fixture.fixed.200,200,fixed,fixture,895,False,25
edge.market,fresh,emulated_probe,9.046951592035217,0.09530484079647827,2,0,,2,run.fixture.fixed.200,200,fixed,fixture,900,True,0
edge.market,fresh,emulated_probe,9.334922718445625,0.06650772815543748,2,0,,2,run.fixture.fixed.201,201,fixed,fixture,0,True,0
edge.market,fresh,emulated_probe,8.884262879932482,0.11157371200675181,2,0,,2,run.fixture.fixed.201,201,fixed,fixture,5,True,5
edge.market,fresh,emulated_probe,8.999901198565858,0.10000988014341416,2,0,,2,run.fixture.fixed.201,201,fixed,fixture,10,True,10
edge.market,fresh,emulated_probe,8.937695797368793,0.10623042026312068,2,0,,2,run.fixture.fixed.201,201,fixed,fixture,15,True,15
edge.market,fresh,emulated_probe,8.861025996361672,0.11389740036383278,2,0,,2,run.fixture.fixed.201,201,fixed,fixture,20,True,20
edge.market,fresh,emulated_probe,8.901896766868225,0.10981032331317753,2,0,,2,run.fixture.fixed.201,201,fixed,fixture,25,True,25
edge.market,fresh,emulated_probe,9.075448985715136,0.09245510142848645,2,0,,2,run.fixture.fixed.201,201,fixed,fixture,30,False,0
edge.market,fresh,emulated_probe,8.734062200193545,0.12659377998064547,2,0,,2,run.fixture.fixed.201,201,fixed,fixture,35,False,5
edge.market,fresh,emulated_probe,9.403236418851467,0.05967635811485328,2,0,,2,run.fixture.fixed.201,201,fixed,fixture,40,False,10
edge.market,fresh,emulated_probe,8.943744091343248,0.10562559086567513,2,0,,2,run.fixture.fixed.201,201,fixed,fixture,45,False,15
edge.market,fresh,emulated_probe,9.074660056252167,0.09253399437478327,2,0,,2,run.fixture.fixed.201,201,fixed,fixture,50,False,20
edge.market,fresh,emulated_probe,9.170829600196875,0.08291703998031252,2,0,,2,run.fixture.fixed.201,201,fixed,fixture,55,False,25
edge.market,fresh,emulated_probe,9.248844824715581,0.07511551752844192,2,0,,2,run.fixture.fixed.201,201,fixed,fixture,60,True,0
edge.market,fresh,emulated_probe,8.974657813664617,0.10253421863353829,2,0,,2,run.fixture.fixed.201,201,fixed,fixture,65,True,5
edge.market,fresh,emulated_probe,8.828494124259601,0.11715058757403995,2,0,,2,run.fixture.fixed.201,201,fixed,fixture,70,True,10
edge.market,fresh,emulated_probe,8.878130790084612,0.11218692099153882,2,0,,2,run.fixture.fixed.201,201,fixed,fixture,75,True,15
edge.market,fresh,emulated_probe,8.842193229529887,0.11578067704701134,2,0,,2,run.fixture.fixed.201,201,fixed,fixture,80,True,20
edge.market,fresh,emulated_probe,9.451793170162524,0.05482068298374754,2,0,,2,run.fixture.fixed.201,201,fixed,fixture,85,True,25
edge.market,fresh,emulated_probe,8.999459998839672,0.10005400011603283,2,0,,2,run.fixture.fixed.201,201,fixed,fixture,90,False,0
edge.market,fresh,emulated_probe,8.793503524517025,0.12064964754829755,2,0,,2,run.fixture.fixed.201,201,fixed,fixture,95,False,5
edge.market,fresh,emulated_probe,9.192872997155504,0.08071270028444955,2,0,,2,run.fixture.fixed.201,201,fixed,fixture,100,False,10
edge.market,fresh,emulated_probe,8.723185183306397,0.12768148166936033,2,0,,2,run.fixture.fixed.201,201,fixed,fixture,105,False,15
edge.market,fresh,emulated_probe,8.767949196229853,0.12320508037701461,2,0,,2,run.fixture.fixed.201,201,fixed,fixture,110,False,20
edge.market,fresh,emulated_probe,9.180584073687697,0.08194159263123024,2,0,,2,run.fixture.fixed.201,201,fixed,fixture,115,False,25
edge.market,fresh,emulated_probe,9.283331323403623,0.0716668676596377,2,0,,2,run.fixture.fixed.201,201,fixed,fixture,120,True,0
edge.market,fresh,emulated_probe,8.806377444079963,0.11936225559200364,2,0,,2,run.fixture.fixed.201,201,fixed,fixture,125,True,5
edge.market,fresh,emulated_probe,8.968755251350325,0.10312447486496745,2,0,,2,run.fixture.fixed.201,201,fixed,fixture,130,True,10
edge.market,fresh,emulated_probe,9.049005716982354,0.09509942830176465,2,0,,2,run.fixture.fixed.201,201,fixed,fixture,135,True,15
edge.market,fresh,emulated_probe,8.757251810881854,0.12427481891181458,2,0,,2,run.fixture.fixed.201,201,fixed,fixture,140,True,20
edge.market,fresh,emulated_probe,8.756876523514874,0.12431234764851262,2,0,,2,run.fixture.fixed.201,201,fixed,fixture,145,True,25
edge.market,fresh,emulated_probe,8.915296567761796,0.10847034322382032,2,0,,2,run.fixture.fixed.201,201,fixed,fixture,150,False,0
edge.market,fresh,emulated_probe,8.758087772798692,0.12419122272013072,2,0,,2,run.fixture.fixed.201,201,fixed,fixture,155,False,5
edge.market,fresh,emulated_probe,9.06000456361502,0.09399954363849794,2,0,,2,run.fixture.fixed.201,201,fixed,fixture,160,False,10
edge.market,fresh,emulated_probe,8.53705461361622,0.14629453863837794,2,0,,2,run.fixture.fixed.201,201,fixed,fixture,165,False,15
edge.market,fresh,emulated_probe,8.411014740456068,0.15889852595439324,2,0,,2,run.fixture.fixed.201,201,fixed,fixture,170,False,20
edge.market,fresh,emulated_probe,7.992628932332526,0.2007371067667474,2,0,,2,run.fixture.fixed.201,201,fixed,fixture,175,False,25
edge.market,fresh,emulated_probe,8.104769945852665,0.18952300541473355,2,0,,2,run.fixture.fixed.201,201,fixed,fixture,180,True,0
edge.market,fresh,emulated_probe,8.063078154770768,0.19369218452292325,2,0,,2,run.fixture.fixed.201,201,fixed,fixture,185,True,5
edge.market,fresh,emulated_probe,7.978465634808591,0.20215343651914086,2,0,,2,run.fixture.fixed.201,201,fixed,fixture,190,True,10
edge.market,fresh,emulated_probe,7.56544177557673,0.243455822442327,2,0,,2,run.fixture.fixed.201,201,fixed,fixture,195,True,15
edge.market,fresh,emulated_probe,7.617858213782695,0.23821417862173055,2,0,,2,run.fixture.fixed.201,201,fixed,fixture,200,True,20
edge.market,fresh,emulated_probe,7.153209443458145,0.2846790556541855,2,0,,2,run.fixture.fixed.201,201,fixed,fixture,205,True,25
edge.market,fresh,emulated_probe,7.053059294499913,0.29469407055000874,2,0,,2,run.fixture.fixed.201,201,fixed,fixture,210,False,0
edge.market,fresh,emulated_probe,6.930799605157825,0.30692003948421753,2,0,,2,run.fixture.fixed.201,201,fixed,fixture,215,False,5
edge.market,fresh,emulated_probe,6.678088519749428,0.3321911480250572,2,0,,2,run.fixture.fixed.201,201,fixed,fixture,220,False,10
edge.market,fresh,emulated_probe,6.603936609573484,0.3396063390426516,2,0,,2,run.fixture.fixed.201,201,fixed,fixture,225,False,15
edge.market,fresh,emulated_probe,6.258970979988208,0.37410290200117924,2,0,,2,run.fixture.fixed.201,201,fixed,fixture,230,False,20
edge.market,fresh,emulated_probe,6.133279395527171,0.38667206044728286,2,0,,2,run.fixture.fixed.201,201,fixed,fixture,235,False,25
edge.market,fresh,emulated_probe,5.882247656654165,0.4117752343345835,2,0,,2,run.fixture.fixed.201,201,fixed,fixture,240,True,0
edge.market,fresh,emulated_probe,6.2151988449817095,0.37848011550182903,2,0,,2,run.fixture.fixed.201,201,fixed,fixture,245,True,5
edge.market,fresh,emulated_probe,5.976306696791942,0.4023693303208058,2,0,,2,run.fixture.fixed.201,201,fixed,fixture,250,True,10
edge.market,fresh,emulated_probe,5.446958777665715,0.4553041222334284,2,0,,2,run.fixture.fixed.201,201,fixed,fixture,255,True,15
edge.market,fresh,emulated_probe,5.180299156007914,0.48197008439920863,2,0,,2,run.fixture.fixed.201,201,fixed,fixture,260,True,20
edge.market,fresh,emulated_probe,5.190619369949216,0.48093806300507835,2,0,,2,run.fixture.fixed.201,201,fixed,fixture,265,True,25
edge.market,fresh,emulated_probe,5.3057946251627754,0.4694205374837225,2,0,,2,run.fixture.fixed.201,201,fixed,fixture,270,False,0
edge.market,fresh,emulated_probe,4.826685163788196,0.5173314836211804,2,0,,2,run.fixture.fixed.201,201,fixed,fixture,275,False,5
edge.market,fresh,emulated_probe,4.632931669146506,0.5367068330853494,2,0,,2,run.fixture.fixed.201,201,fixed,fixture,280,False,10
edge.market,fresh,emulated_probe,4.478139841805558,0.5521860158194442,2,0,,2,run.fixture.fixed.201,201,fixed,fixture,285,False,15
edge.market,fresh,emulated_probe,4.191046212269965,0.5808953787730035,2,0,,2,run.fixture.fixed.201,201,fixed,fixture,290,False,20
edge.market,fresh,emulated_probe,4.279682761040243,0.5720317238959758,2,0,,2,run.fixture.fixed.201,201,fixed,fixture,295,False,25
edge.market,fresh,emulated_probe,3.7831342178302627,0.6216865782169737,2,0,,2,run.fixture.fixed.201,201,fixed,fixture,300,True,0
edge.market,fresh,emulated_probe,4.021038483757291,0.5978961516242709,2,0,,2,run.fixture.fixed.201,201,fixed,fixture,305,True,5
edge.market,fresh,emulated_probe,3.4768771475900846,0.6523122852409915,2,0,,2,run.fixture.fixed.201,201,fixed,fixture,310,True,10
edge.market,fresh,emulated_probe,3.669805820681135,0.6330194179318865,2,0,,2,run.fixture.fixed.201,201,fixed,fixture,315,True,15
edge.market,fresh,emulated_probe,2.8799048588097937,0.7120095141190206,2,0,,2,run.fixture.fixed.201,201,fixed,fixture,320,True,20
edge.market,fresh,emulated_probe,3.213235998809309,0.678676400119069,2,0,,2,run.fixture.fixed.201,201,fixed,fixture,325,True,25
edge.market,fresh,emulated_probe,2.93028980479601,0.706971019520399,2,0,,2,run.fixture.fixed.201,201,fixed,fixture,330,False,0
edge.market,fresh,emulated_probe,3.0465099379183727,0.6953490062081628,2,0,,2,run.fixture.fixed.201,201,fixed,fixture,335,False,5
edge.market,fresh,emulated_probe,2.9782427510450016,0.7021757248954998,2,0,,2,run.fixture.fixed.201,201,fixed,fixture,340,False,10
edge.market,fresh,emulated_probe,2.536388236334706,0.7463611763665294,2,0,,2,run.fixture.fixed.201,201,fixed,fixture,345,False,15
edge.market,fresh,emulated_probe,2.3366753997263263,0.7663324600273673,2,0,,2,run.fixture.fixed.201,201,fixed,fixture,350,False,20
edge.market,fresh,emulated_probe,2.2387756120939146,0.7761224387906085,2,0,,2,run.fixture.fixed.201,201,fixed,fixture,355,False,25
edge.market,fresh,emulated_probe,1.8752940003293872,0.8124705999670613,2,0,,2,run.fixture.fixed.201,201,fixed,fixture,360,True,0
edge.market,fresh,emulated_probe,1.904806681774664,0.8095193318225335,2,0,,2,run.fixture.fixed.201,201,fixed,fixture,365,True,5
edge.market,fresh,emulated_probe,1.7056275637719887,0.8294372436228011,2,0,,2,run.fixture.fixed.201,201,fixed,fixture,370,True,10
edge.market,fresh,emulated_probe,1.173459126221652,0.8826540873778348,2,0,,2,run.fixture.fixed.201,201,fixed,fixture,375,True,15
edge.market,fresh,emulated_probe,1.0581485326921443,0.8941851467307855,2,0,,2,run.fixture.fixed.201,201,fixed,fixture,380,True,20
edge.market,fresh,emulated_probe,0.9069606592854601,0.9093039340714539,2,0,,2,run.fixture.fixed.201,201,fixed,fixture,385,True,25
edge.market,fresh,emulated_probe,0.780206294247956,0.9219793705752044,2,0,,2,run.fixture.fixed.201,201,fixed,fixture,390,False,0
edge.market,fresh,emulated_probe,0.8670472936156337,0.9132952706384366,2,0,,2,run.fixture.fixed.201,201,fixed,fixture,395,False,5
edge.market,fresh,emulated_probe,0.8714207024434967,0.9128579297556503,2,0,,2,run.fixture.fixed.201,201,fixed,fixture,400,False,10
edge.market,fresh,emulated_probe,0.9520288392953385,0.9047971160704662,2,0,,2,run.fixture.fixed.201,201,fixed,fixture,405,False,15
edge.market,fresh,emulated_probe,1.086254648192495,0.8913745351807505,2,0,,2,run.fixture.fixed.201,201,fixed,fixture,410,False,20
edge.market,fresh,emulated_probe,1.0135304422697895,0.898646955773021,2,0,,2,run.fixture.fixed.201,201,fixed,fixture,415,False,25
edge.market,fresh,emulated_probe,0.8999037030852469,0.9100096296914753,2,0,,2,run.fixture.fixed.201,201,fixed,fixture,420,True,0
edge.market,fresh,emulated_probe,1.20019018503849,0.879980981496151,2,0,,2,run.fixture.fixed.201,201,fixed,fixture,425,True,5
edge.market,fresh,emulated_probe,1.0986809612342747,0.8901319038765725,2,0,,2,run.fixture.fixed.201,201,fixed,fixture,430,True,10
edge.market,fresh,emulated_probe,1.0138613009325574,0.8986138699067443,2,0,,2,run.fixture.fixed.201,201,fixed,fixture,435,True,15
edge.market,fresh,emulated_probe,0.9350811389661884,0.9064918861033812,2,0,,2,run.fixture.fixed.201,201,fixed,fixture,440,True,20
edge.market,fresh,emulated_probe,0.9642334183877943,0.9035766581612206,2,0,,2,run.fixture.fixed.201,201,fixed,fixture,445,True,25
edge.market,fresh,emulated_probe,1.5151349194478918,0.8484865080552109,2,0,,2,run.fixture.fixed.201,201,fixed,fixture,450,False,0
edge.market,fresh,emulated_probe,1.2138301003823275,0.8786169899617673,2,0,,2,run.fixture.fixed.201,201,fixed,fixture,455,False,5
edge.market,fresh,emulated_probe,1.3500280532455877,0.8649971946754412,2,0,,2,run.fixture.fixed.201,201,fixed,fixture,460,False,10
edge.market,fresh,emulated_probe,1.5196865891814348,0.8480313410818565,2,0,,2,run.fixture.fixed.201,201,fixed,fixture,465,False,15
edge.market,fresh,emulated_probe,2.379662950696849,0.7620337049303151,2,0,,2,run.fixture.fixed.201,201,fixed,fixture,470,False,20
edge.market,fresh,emulated_probe,2.337782217885951,0.7662217782114049,2,0,,2,run.fixture.fixed.201,201,fixed,fixture,475,False,25
edge.market,fresh,emulated_probe,3.009771948040308,0.6990228051959693,2,0,,2,run.fixture.fixed.201,201,fixed,fixture,480,True,0
edge.market,fresh,emulated_probe,3.0895874179896836,0.6910412582010317,2,0,,2,run.fixture.fixed.201,201,fixed,fixture,485,True,5
edge.market,fresh,emulated_probe,3.46266001871531,0.653733998128469,2,0,,2,run.fixture.fixed.201,201,fixed,fixture,490,True,10
edge.market,fresh,emulated_probe,4.1574863637642405,0.584251363623576,2,0,,2,run.fixture.fixed.201,201,fixed,fixture,495,True,15
edge.market,fresh,emulated_probe,4.59820150455626,0.5401798495443739,2,0,,2,run.fixture.fixed.201,201,fixed,fixture,500,True,20
edge.market,fresh,emulated_probe,5.157078670355299,0.48429213296447016,2,0,,2,run.fixture.fixed.201,201,fixed,fixture,505,True,25
edge.market,fresh,emulated_probe,5.18340276780649,0.481659723219351,2,0,,2,run.fixture.fixed.201,201,fixed,fixture,510,False,0
edge.market,fresh,emulated_probe,5.821368522104111,0.4178631477895889,2,0,,2,run.fixture.fixed.201,201,fixed,fixture,515,False,5
edge.market,fresh,emulated_probe,6.048154312595134,0.3951845687404866,2,0,,2,run.fixture.fixed.201,201,fixed,fixture,520,False,10
edge.market,fresh,emulated_probe,6.482492429558981,0.35175075704410186,2,0,,2,run.fixture.fixed.201,201,fixed,fixture,525,False,15
edge.market,fresh,emulated_probe,6.831552500710128,0.31684474992898726,2,0,,2,run.fixture.fixed.201,201,fixed,fixture,530,False,20
edge.market,fresh,emulated_probe,7.31164385276364,0.26883561472363593,2,0,,2,run.fixture.fixed.201,201,fixed,fixture,535,False,25
edge.market,fresh,emulated_probe,7.495900422394238,0.2504099577605763,2,0,,2,run.fixture.fixed.201,201,fixed,fixture,540,True,0
edge.market,fresh,emulated_probe,8.023315059167183,0.1976684940832817,2,0,,2,run.fixture.fixed.201,201,fixed,fixture,545,True,5
edge.market,fresh,emulated_probe,8.77364769302031,0.122635230697969,2,0,,2,run.fixture.fixed.201,201,fixed,fixture,550,True,10
edge.market,fresh,emulated_probe,8.773815925195855,0.12261840748041453,2,0,,2,run.fixture.fixed.201,201,fixed,fixture,555,True,15
edge.market,fresh,emulated_probe,9.153664875066628,0.08463351249333717,2,0,,2,run.fixture.fixed.201,201,fixed,fixture,560,True,20
edge.market,fresh,emulated_probe,9.17037698961402,0.08296230103859803,2,0,,2,run.fixture.fixed.201,201,fixed,fixture,565,True,25
edge.market,fresh,emulated_probe,9.133394887637042,0.08666051123629581,2,0,,2,run.fixture.fixed.201,201,fixed,fixture,570,False,0
edge.market,fresh,emulated_probe,8.859725654963537,0.11402743450364627,2,0,,2,run.fixture.fixed.201,201,fixed,fixture,575,False,5
edge.market,fresh,emulated_probe,9.21478039098857,0.07852196090114294,2,0,,2,run.fixture.fixed.201,201,fixed,fixture,580,False,10
edge.market,fresh,emulated_probe,8.781517041327616,0.12184829586723844,2,0,,2,run.fixture.fixed.201,201,fixed,fixture,585,False,15
edge.market,fresh,emulated_probe,9.136540976634524,0.0863459023365476,2,0,,2,run.fixture.fixed.201,201,fixed,fixture,590,False,20
edge.market,fresh,emulated_probe,9.091992404570261,0.09080075954297384,2,0,,2,run.fixture.fixed.201,201,fixed,fixture,595,False,25
edge.market,fresh,emulated_probe,8.864902559236285,0.11350974407637149,2,0,,2,run.fixture.fixed.201,201,fixed,fixture,600,True,0
edge.market,fresh,emulated_probe,8.743397307251414,0.12566026927485863,2,0,,2,run.fixture.fixed.201,201,fixed,fixture,605,True,5
edge.market,fresh,emulated_probe,9.05092643007999,0.09490735699200104,2,0,,2,run.fixture.fixed.201,201,fixed,fixture,610,True,10
edge.market,fresh,emulated_probe,8.93058861508504,0.10694113849149589,2,0,,2,run.fixture.fixed.201,201,fixed,fixture,615,True,15
edge.market,fresh,emulated_probe,8.98889758627149,0.10111024137285107,2,0,,2,run.fixture.fixed.201,201,fixed,fixture,620,True,20
edge.market,fresh,emulated_probe,8.978558946567912,0.10214410534320884,2,0,,2,run.fixture.fixed.201,201,fixed,fixture,625,True,25
edge.market,fresh,emulated_probe,8.97328175488061,0.10267182451193901,2,0,,2,run.fixture.fixed.201,201,fixed,fixture,630,False,0
edge.market,fresh,emulated_probe,9.312602853294873,0.06873971467051265,2,0,,2,run.fixture.fixed.201,201,fixed,fixture,635,False,5
edge.market,fresh,emulated_probe,9.1096248450514,0.08903751549486005,2,0,,2,run.fixture.fixed.201,201,fixed,fixture,640,False,10
edge.market,fresh,emulated_probe,8.756120004403513,0.12438799955964863,2,0,,2,run.fixture.fixed.201,201,fixed,fixture,645,False,15
edge.market,fresh,emulated_probe,8.787069590762302,0.1212930409237698,2,0,,2,run.fixture.fixed.201,201,fixed,fixture,650,False,20
edge.market,fresh,emulated_probe,8.879098208029777,0.11209017919702224,2,0,,2,run.fixture.fixed.201,201,fixed,fixture,655,False,25
edge.market,fresh,emulated_probe,9.399855573651084,0.06001444263489153,2,0,,2,run.fixture.fixed.201,201,fixed,fixture,660,True,0
edge.market,fresh,emulated_probe,8.747296110250257,0.12527038897497422,2,0,,2,run.fixture.fixed.201,201,fixed,fixture,665,True,5
edge.market,fresh,emulated_probe,8.820917008549763,0.11790829914502365,2,0,,2,run.fixture.fixed.201,201,fixed,fixture,670,True,10
edge.market,fresh,emulated_probe,8.776448261380043,0.12235517386199568,2,0,,2,run.fixture.fixed.201,201,fixed,fixture,675,True,15
edge.market,fresh,emulated_probe,9.023812828442644,0.09761871715573567,2,0,,2,run.fixture.fixed.201,201,fixed,fixture,680,True,20
edge.market,fresh,emulated_probe,9.093802135738224,0.09061978642617752,2,0,,2,run.fixture.fixed.201,201,fixed,fixture,685,True,25
edge.market,fresh,emulated_probe,8.828750278287554,0.11712497217124462,2,0,,2,run.fixture.fixed.201,201,fixed,fixture,690,False,0
edge.market,fresh,emulated_probe,8.89076674260172,0.110923325739828,2,0,,2,run.fixture.fixed.201,201,fixed,fixture,695,False,5
edge.market,fresh,emulated_probe,8.677616724511246,0.13223832754887543,2,0,,2,run.fixture.fixed.201,201,fixed,fixture,700,False,10
edge.market,fresh,emulated_probe,9.094448430559677,0.09055515694403238,2,0,,2,run.fixture.fixed.201,201,fixed,fixture,705,False,15
edge.market,fresh,emulated_probe,8.809239641050564,0.11907603589494364,2,0,,2,run.fixture.fixed.201,201,fixed,fixture,710,False,20
edge.market,fresh,emulated_probe,8.990005962498882,0.10099940375011174,2,0,,2,run.fixture.fixed.201,201,fixed,fixture,715,False,25
edge.market,fresh,emulated_probe,9.063968657093934,0.09360313429060663,2,0,,2,run.fixture.fixed.201,201,fixed,fixture,720,True,0
edge.market,fresh,emulated_probe,8.61186748150488,0.138813251849512,2,0,,2,run.fixture.fixed.201,201,fixed,fixture,725,True,5
edge.market,fresh,emulated_probe,8.560181478107129,0.14398185218928705,2,0,,2,run.fixture.fixed.201,201,fixed,fixture,730,True,10
edge.market,fresh,emulated_probe,9.34599127451066,0.06540087254893412,2,0,,2,run.fixture.fixed.201,201,fixed,fixture,735,True,15
edge.market,fresh,emulated_probe,9.009642224577055,0.09903577754229453,2,0,,2,run.fixture.fixed.201,201,fixed,fixture,740,True,20
edge.market,fresh,emulated_probe,8.675622386393488,0.1324377613606511,2,0,,2,run.fixture.fixed.201,201,fixed,fixture,745,True,25
edge.market,fresh,emulated_probe,9.010572506463053,0.09894274935369474,2,0,,2,run.fixture.fixed.201,201,fixed,fixture,750,False,0
edge.market,fresh,emulated_probe,8.911066759013702,0.10889332409862984,2,0,,2,run.fixture.fixed.201,201,fixed,fixture,755,False,5
edge.market,fresh,emulated_probe,8.753190295278028,0.12468097047219717,2,0,,2,run.fixture.fixed.201,201,fixed,fixture,760,False,10
edge.market,fresh,emulated_probe,8.956026625716373,0.10439733742836277,2,0,,2,run.fixture.fixed.201,201,fixed,fixture,765,False,15
edge.market,fresh,emulated_probe,8.949968385878371,0.10500316141216293,2,0,,2,run.fixture.fixed.201,201,fixed,fixture,770,False,20
edge.market,fresh,emulated_probe,9.084170945265706,0.0915829054734294,2,0,,2,run.fixture.fixed.201,201,fixed,fixture,775,False,25
edge.market,fresh,emulated_probe,8.864358290520617,0.11356417094793836,2,0,,2,run.fixture.fixed.201,201,fixed,fixture,780,True,0
edge.market,fresh,emulated_probe,8.95085905361872,0.10491409463812806,2,0,,2,run.fixture.fixed.201,201,fixed,fixture,785,True,5
edge.market,fresh,emulated_probe,9.18572371886043,0.08142762811395698,2,0,,2,run.fixture.fixed.201,201,fixed,fixture,790,True,10
edge.market,fresh,emulated_probe,9.061168127170781,0.09388318728292189,2,0,,2,run.fixture.fixed.201,201,fixed,fixture,795,True,15
edge.market,fresh,emulated_probe,8.825928235761278,0.11740717642387222,2,0,,2,run.fixture.fixed.201,201,fixed,fixture,800,True,20
edge.market,fresh,emulated_probe,9.052774917364324,0.09472250826356754,2,0,,2,run.fixture.fixed.201,201,fixed,fixture,805,True,25
edge.market,fresh,emulated_probe,9.082664048522954,0.09173359514770463,2,0,,2,run.fixture.fixed.201,201,fixed,fixture,810,False,0
edge.market,fresh,emulated_probe,8.993696879127633,0.10063031208723672,2,0,,2,run.fixture.fixed.201,201,fixed,fixture,815,False,5
edge.market,fresh,emulated_probe,9.052203145422519,0.09477968545774806,2,0,,2,run.fixture.fixed.201,201,fixed,fixture,820,False,10
edge.market,fresh,emulated_probe,9.20329836732356,0.07967016326764398,2,0,,2,run.fixture.fixed.201,201,fixed,fixture,825,False,15
edge.market,fresh,emulated_probe,9.04322023035721,0.09567797696427893,2,0,,2,run.fixture.fixed.201,201,fixed,fixture,830,False,20
edge.market,fresh,emulated_probe,8.976037002316758,0.1023962997683242,2,0,,2,run.fixture.fixed.201,201,fixed,fixture,835,False,25
edge.market,fresh,emulated_probe,8.889053420237584,0.11109465797624163,2,0,,2,run.fixture.fixed.201,201,fixed,fixture,840,True,0
edge.market,fresh,emulated_probe,9.213215918440039,0.07867840815599614,2,0,,2,run.fixture.fixed.201,201,fixed,fixture,845,True,5
edge.market,fresh,emulated_probe,9.01327842417222,0.09867215758277792,2,0,,2,run.fixture.fixed.201,201,fixed,fixture,850,True,10
edge.market,fresh,emulated_probe,9.145866438461255,0.08541335615387458,2,0,,2,run.fixture.fixed.201,201,fixed,fixture,855,True,15
edge.market,fresh,emulated_probe,9.410926393573058,0.058907360642694195,2,0,,2,run.fixture.fixed.201,201,fixed,fixture,860,True,20
edge.market,fresh,emulated_probe,8.684021093405867,0.1315978906594133,2,0,,2,run.fixture.fixed.201,201,fixed,fixture,865,True,25
edge.market,fresh,emulated_probe,9.134238870375116,0.08657611296248846,2,0,,2,run.fixture.fixed.201,201,fixed,fixture,870,False,0
edge.market,fresh,emulated_probe,9.021299673827375,0.09787003261726246,2,0,,2,run.fixture.fixed.201,201,fixed,fixture,875,False,5
edge.market,fresh,emulated_probe,8.873798779983282,0.11262012200167182,2,0,,2,run.fixture.fixed.201,201,fixed,fixture,880,False,10
edge.market,fresh,emulated_probe,9.129342829560658,0.08706571704393418,2,0,,2,run.fixture.fixed.201,201,fixed,fixture,885,False,15
edge.market,fresh,emulated_probe,9.479791888159436,0.052020811184056326,2,0,,2,run.fixture.fixed.201,201,fixed,fixture,890,False,20
edge.market,fresh,emulated_probe,9.24394808475527,0.07560519152447287,2,0,,2,run.fixture.fixed.201,201,fixed,fixture,895,False,25
edge.market,fresh,emulated_probe,8.98238926092683,0.10176107390731703,2,0,,2,run.fixture.fixed.201,201,fixed,fixture,900,True,0
edge.market,fresh,emulated_probe,9.22683500569085,0.07731649943091501,2,0,,2,run.fixture.fixed.202,202,fixed,fixture,0,True,0
edge.market,fresh,emulated_probe,9.194312934283095,0.08056870657169046,2,0,,2,run.fixture.fixed.202,202,fixed,fixture,5,True,5
edge.market,fresh,emulated_probe,8.701484378362792,0.12985156216372074,2,0,,2,run.fixture.fixed.202,202,fixed,fixture,10,True,10
edge.market,fresh,emulated_probe,8.744061961530436,0.1255938038469564,2,0,,2,run.fixture.fixed.202,202,fixed,fixture,15,True,15
edge.market,fresh,emulated_probe,9.239433334033134,0.07605666659668664,2,0,,2,run.fixture.fixed.202,202,fixed,fixture,20,True,20
edge.market,fresh,emulated_probe,8.91795545468717,0.10820445453128291,2,0,,2,run.fixture.fixed.202,202,fixed,fixture,25,True,25
edge.market,fresh,emulated_probe,9.03995930381284,0.0960040696187161,2,0,,2,run.fixture.fixed.202,202,fixed,fixture,30,False,0
edge.market,fresh,emulated_probe,8.882654792990907,0.11173452070090928,2,0,,2,run.fixture.fixed.202,202,fixed,fixture,35,False,5
edge.market,fresh,emulated_probe,8.932634473728482,0.10673655262715176,2,0,,2,run.fixture.fixed.202,202,fixed,fixture,40,False,10
edge.market,fresh,emulated_probe,8.811409588033627,0.11885904119663737,2,0,,2,run.fixture.fixed.202,202,fixed,fixture,45,False,15
edge.market,fresh,emulated_probe,8.751482376497004,0.1248517623502996,2,0,,2,run.fixture.fixed.202,202,fixed,fixture,50,False,20
edge.market,fresh,emulated_probe,9.160297111906516,0.08397028880934843,2,0,,2,run.fixture.fixed.202,202,fixed,fixture,55,False,25
edge.market,fresh,emulated_probe,8.952839243777767,0.10471607562222329,2,0,,2,run.fixture.fixed.202,202,fixed,fixture,60,True,0
edge.market,fresh,emulated_probe,9.075669039094397,0.09243309609056038,2,0,,2,run.fixture.fixed.202,202,fixed,fixture,65,True,5
edge.market,fresh,emulated_probe,9.018178401159089,0.09818215988409107,2,0,,2,run.fixture.fixed.202,202,fixed,fixture,70,True,10
edge.market,fresh,emulated_probe,8.752408724941322,0.12475912750586782,2,0,,2,run.fixture.fixed.202,202,fixed,fixture,75,True,15
edge.market,fresh,emulated_probe,9.508905379308635,0.04910946206913658,2,0,,2,run.fixture.fixed.202,202,fixed,fixture,80,True,20
edge.market,fresh,emulated_probe,9.005421861717554,0.09945781382824459,2,0,,2,run.fixture.fixed.202,202,fixed,fixture,85,True,25
edge.market,fresh,emulated_probe,8.459280208380964,0.15407197916190363,2,0,,2,run.fixture.fixed.202,202,fixed,fixture,90,False,0
edge.market,fresh,emulated_probe,9.065670394280431,0.09343296057195682,2,0,,2,run.fixture.fixed.202,202,fixed,fixture,95,False,5
edge.market,fresh,emulated_probe,8.965674039453805,0.10343259605461941,2,0,,2,run.fixture.fixed.202,202,fixed,fixture,100,False,10
edge.market,fresh,emulated_probe,9.118646464281177,0.08813535357188229,2,0,,2,run.fixture.fixed.202,202,fixed,fixture,105,False,15
edge.market,fresh,emulated_probe,9.200606814154588,0.07993931858454117,2,0,,2,run.fixture.fixed.202,202,fixed,fixture,110,False,20
edge.market,fresh,emulated_probe,8.938270998672031,0.1061729001327969,2,0,,2,run.fixture.fixed.202,202,fixed,fixture,115,False,25
edge.market,fresh,emulated_probe,8.816051126482769,0.1183948873517231,2,0,,2,run.fixture.fixed.202,202,fixed,fixture,120,True,0
edge.market,fresh,emulated_probe,9.057622851129794,0.0942377148870206,2,0,,2,run.fixture.fixed.202,202,fixed,fixture,125,True,5
edge.market,fresh,emulated_probe,8.881066303064408,0.11189336969355923,2,0,,2,run.fixture.fixed.202,202,fixed,fixture,130,True,10
edge.market,fresh,emulated_probe,8.857532534852833,0.11424674651471667,2,0,,2,run.fixture.fixed.202,202,fixed,fixture,135,True,15
edge.market,fresh,emulated_probe,8.642390804333948,0.1357609195666052,2,0,,2,run.fixture.fixed.202,202,fixed,fixture,140,True,20
edge.market,fresh,emulated_probe,9.389963573632798,0.0610036426367202,2,0,,2,run.fixture.fixed.202,202,fixed,fixture,145,True,25
edge.market,fresh,emulated_probe,9.128651733918723,0.08713482660812777,2,0,,2,run.fixture.fixed.202,202,fixed,fixture,150,False,0
edge.market,fresh,emulated_probe,8.876773783475254,0.11232262165247453,2,0,,2,run.fixture.fixed.202,202,fixed,fixture,155,False,5
edge.market,fresh,emulated_probe,8.656358648134264,0.13436413518657364,2,0,,2,run.fixture.fixed.202,202,fixed,fixture,160,False,10
edge.market,fresh,emulated_probe,8.849446588452498,0.11505534115475025,2,0,,2,run.fixture.fixed.202,202,fixed,fixture,165,False,15
edge.market,fresh,emulated_probe,8.246536465472065,0.17534635345279348,2,0,,2,run.fixture.fixed.202,202,fixed,fixture,170,False,20
edge.market,fresh,emulated_probe,8.186398968319896,0.18136010316801043,2,0,,2,run.fixture.fixed.202,202,fixed,fixture,175,False,25
edge.market,fresh,emulated_probe,7.915129806764993,0.20848701932350067,2,0,,2,run.fixture.fixed.202,202,fixed,fixture,180,True,0
edge.market,fresh,emulated_probe,7.873589216687101,0.21264107833128987,2,0,,2,run.fixture.fixed.202,202,fixed,fixture,185,True,5
edge.market,fresh,emulated_probe,7.439932717234651,0.2560067282765349,2,0,,2,run.fixture.fixed.202,202,fixed,fixture,190,True,10
edge.market,fresh,emulated_probe,7.607304587196552,0.23926954128034483,2,0,,2,run.fixture.fixed.202,202,fixed,fixture,195,True,15
edge.market,fresh,emulated_probe,7.272206640654595,0.2727793359345405,2,0,,2,run.fixture.fixed.202,202,fixed,fixture,200,True,20
edge.market,fresh,emulated_probe,6.891586627622097,0.3108413372377903,2,0,,2,run.fixture.fixed.202,202,fixed,fixture,205,True,25
edge.market,fresh,emulated_probe,6.813509008710359,0.3186490991289641,2,0,,2,run.fixture.fixed.202,202,fixed,fixture,210,False,0
edge.market,fresh,emulated_probe,6.622650357141073,0.33773496428589267,2,0,,2,run.fixture.fixed.202,202,fixed,fixture,215,False,5
edge.market,fresh,emulated_probe,6.696811389502933,0.33031886104970665,2,0,,2,run.fixture.fixed.202,202,fixed,fixture,220,False,10
edge.market,fresh,emulated_probe,6.622498876528566,0.33775011234714336,2,0,,2,run.fixture.fixed.202,202,fixed,fixture,225,False,15
edge.market,fresh,emulated_probe,6.474350827462805,0.3525649172537195,2,0,,2,run.fixture.fixed.202,202,fixed,fixture,230,False,20
edge.market,fresh,emulated_probe,5.965785838835458,0.4034214161164542,2,0,,2,run.fixture.fixed.202,202,fixed,fixture,235,False,25
edge.market,fresh,emulated_probe,5.821315133929741,0.4178684866070259,2,0,,2,run.fixture.fixed.202,202,fixed,fixture,240,True,0
edge.market,fresh,emulated_probe,6.105357580140749,0.3894642419859251,2,0,,2,run.fixture.fixed.202,202,fixed,fixture,245,True,5
edge.market,fresh,emulated_probe,5.450841377857741,0.45491586221422586,2,0,,2,run.fixture.fixed.202,202,fixed,fixture,250,True,10
edge.market,fresh,emulated_probe,5.371752218411359,0.46282477815886414,2,0,,2,run.fixture.fixed.202,202,fixed,fixture,255,True,15
edge.market,fresh,emulated_probe,5.246201298492935,0.4753798701507065,2,0,,2,run.fixture.fixed.202,202,fixed,fixture,260,True,20
edge.market,fresh,emulated_probe,5.118015973104437,0.4881984026895563,2,0,,2,run.fixture.fixed.202,202,fixed,fixture,265,True,25
edge.market,fresh,emulated_probe,4.763384763389437,0.5236615236610562,2,0,,2,run.fixture.fixed.202,202,fixed,fixture,270,False,0
edge.market,fresh,emulated_probe,4.922709936015355,0.5077290063984645,2,0,,2,run.fixture.fixed.202,202,fixed,fixture,275,False,5
edge.market,fresh,emulated_probe,4.209451406794448,0.5790548593205551,2,0,,2,run.fixture.fixed.202,202,fixed,fixture,280,False,10
edge.market,fresh,emulated_probe,4.214052552723283,0.5785947447276717,2,0,,2,run.fixture.fixed.202,202,fixed,fixture,285,False,15
edge.market,fresh,emulated_probe,4.22905999601319,0.5770940003986811,2,0,,2,run.fixture.fixed.202,202,fixed,fixture,290,False,20
edge.market,fresh,emulated_probe,3.7355630297399323,0.6264436970260068,2,0,,2,run.fixture.fixed.202,202,fixed,fixture,295,False,25
edge.market,fresh,emulated_probe,3.7355630297399323,0.6264436970260068,2,5,,2,run.fixture.fixed.202,202,fixed,fixture,300,True,0
edge.market,fresh,emulated_probe,3.7355630297399323,0.6264436970260068,2,10,,2,run.fixture.fixed.202,202,fixed,fixture,305,True,5
edge.market,fresh,emulated_probe,3.7355630297399323,0.6264436970260068,2,15,,2,run.fixture.fixed.202,202,fixed,fixture,310,True,10
edge.market,stale,,,,2,20,,0,run.fixture.fixed.202,202,fixed,fixture,315,True,15
edge.market,stale,,,,2,25,,0,run.fixture.fixed.202,202,fixed,fixture,320,True,20
edge.market,stale,,,,2,30,,0,run.fixture.fixed.202,202,fixed,fixture,325,True,25
edge.market,stale,,,,2,35,,0,run.fixture.fixed.202,202,fixed,fixture,330,False,0
edge.market,stale,,,,2,40,,0,run.fixture.fixed.202,202,fixed,fixture,335,False,5
edge.market,stale,,,,2,45,,0,run.fixture.fixed.202,202,fixed,fixture,340,False,10
edge.market,stale,,,,2,50,,0,run.fixture.fixed.202,202,fixed,fixture,345,False,15
edge.market,stale,,,,2,55,,0,run.fixture.fixed.202,202,fixed,fixture,350,False,20
edge.market,fresh,emulated_probe,1.8369747818070659,0.8163025218192934,2,0,,2,run.fixture.fixed.202,202,fixed,fixture,355,False,25
edge.market,fresh,emulated_probe,1.7649864626308882,0.8235013537369111,2,0,,2,run.fixture.fixed.202,202,fixed,fixture,360,True,0
edge.market,fresh,emulated_probe,1.533417558590116,0.8466582441409884,2,0,,2,run.fixture.fixed.202,202,fixed,fixture,365,True,5
edge.market,fresh,emulated_probe,1.2200527551779894,0.8779947244822011,2,0,,2,run.fixture.fixed.202,202,fixed,fixture,370,True,10
edge.market,fresh,emulated_probe,1.3127395923767144,0.8687260407623285,2,0,,2,run.fixture.fixed.202,202,fixed,fixture,375,True,15
edge.market,fresh,emulated_probe,1.04880386741107,0.895119613258893,2,0,,2,run.fixture.fixed.202,202,fixed,fixture,380,True,20
edge.market,fresh,emulated_probe,1.026079435232251,0.8973920564767749,2,0,,2,run.fixture.fixed.202,202,fixed,fixture,385,True,25
edge.market,fresh,emulated_probe,0.9509478331173088,0.9049052166882692,2,0,,2,run.fixture.fixed.202,202,fixed,fixture,390,False,0
edge.market,fresh,emulated_probe,1.1607190599478212,0.8839280940052179,2,0,,2,run.fixture.fixed.202,202,fixed,fixture,395,False,5
edge.market,fresh,emulated_probe,1.0543384233175974,0.8945661576682402,2,0,,2,run.fixture.fixed.202,202,fixed,fixture,400,False,10
edge.market,fresh,emulated_probe,1.5807600917127402,0.8419239908287259,2,0,,2,run.fixture.fixed.202,202,fixed,fixture,405,False,15
edge.market,fresh,emulated_probe,1.8096646120377329,0.8190335387962266,2,0,,2,run.fixture.fixed.202,202,fixed,fixture,410,False,20
edge.market,fresh,emulated_probe,1.9358915674973125,0.8064108432502688,2,0,,2,run.fixture.fixed.202,202,fixed,fixture,415,False,25
edge.market,fresh,emulated_probe,2.5414472224594533,0.7458552777540547,2,0,,2,run.fixture.fixed.202,202,fixed,fixture,420,True,0
edge.market,fresh,emulated_probe,2.9439345855444006,0.7056065414455599,2,0,,2,run.fixture.fixed.202,202,fixed,fixture,425,True,5
edge.market,fresh,emulated_probe,3.705076913799334,0.6294923086200666,2,0,,2,run.fixture.fixed.202,202,fixed,fixture,430,True,10
edge.market,fresh,emulated_probe,4.158986874087529,0.5841013125912471,2,0,,2,run.fixture.fixed.202,202,fixed,fixture,435,True,15
edge.market,fresh,emulated_probe,4.211426977911536,0.5788573022088463,2,0,,2,run.fixture.fixed.202,202,fixed,fixture,440,True,20
edge.market,fresh,emulated_probe,4.739123777113657,0.5260876222886343,2,0,,2,run.fixture.fixed.202,202,fixed,fixture,445,True,25
edge.market,fresh,emulated_probe,5.435417084189137,0.4564582915810863,2,0,,2,run.fixture.fixed.202,202,fixed,fixture,450,False,0
edge.market,fresh,emulated_probe,5.619383399229977,0.4380616600770023,2,0,,2,run.fixture.fixed.202,202,fixed,fixture,455,False,5
edge.market,fresh,emulated_probe,5.961593220159422,0.40384067798405776,2,0,,2,run.fixture.fixed.202,202,fixed,fixture,460,False,10
edge.market,fresh,emulated_probe,6.50301096565078,0.34969890343492194,2,0,,2,run.fixture.fixed.202,202,fixed,fixture,465,False,15
edge.market,fresh,emulated_probe,6.7710497777528875,0.3228950222247112,2,0,,2,run.fixture.fixed.202,202,fixed,fixture,470,False,20
edge.market,fresh,emulated_probe,7.285263943004037,0.27147360569959633,2,0,,2,run.fixture.fixed.202,202,fixed,fixture,475,False,25
edge.market,fresh,emulated_probe,7.500278648229086,0.24997213517709138,2,0,,2,run.fixture.fixed.202,202,fixed,fixture,480,True,0
edge.market,fresh,emulated_probe,7.802581442419666,0.2197418557580334,2,0,,2,run.fixture.fixed.202,202,fixed,fixture,485,True,5
edge.market,fresh,emulated_probe,8.68782771469037,0.13121722853096307,2,0,,2,run.fixture.fixed.202,202,fixed,fixture,490,True,10
edge.market,fresh,emulated_probe,8.702856399497877,0.1297143600502123,2,0,,2,run.fixture.fixed.202,202,fixed,fixture,495,True,15
edge.market,fresh,emulated_probe,8.858458627061047,0.11415413729389523,2,0,,2,run.fixture.fixed.202,202,fixed,fixture,500,True,20
edge.market,fresh,emulated_probe,8.625384481050366,0.13746155189496334,2,0,,2,run.fixture.fixed.202,202,fixed,fixture,505,True,25
edge.market,fresh,emulated_probe,9.107608743424638,0.08923912565753622,2,0,,2,run.fixture.fixed.202,202,fixed,fixture,510,False,0
edge.market,fresh,emulated_probe,9.137610372870817,0.08623896271291831,2,0,,2,run.fixture.fixed.202,202,fixed,fixture,515,False,5
edge.market,fresh,emulated_probe,9.254012241275625,0.07459877587243757,2,0,,2,run.fixture.fixed.202,202,fixed,fixture,520,False,10
edge.market,fresh,emulated_probe,8.970451561200587,0.10295484387994125,2,0,,2,run.fixture.fixed.202,202,fixed,fixture,525,False,15
edge.market,fresh,emulated_probe,9.169832651782592,0.08301673482174077,2,0,,2,run.fixture.fixed.202,202,fixed,fixture,530,False,20
edge.market,fresh,emulated_probe,9.087420215812376,0.09125797841876238,2,0,,2,run.fixture.fixed.202,202,fixed,fixture,535,False,25
edge.market,fresh,emulated_probe,9.135150987710979,0.08648490122890207,2,0,,2,run.fixture.fixed.202,202,fixed,fixture,540,True,0
edge.market,fresh,emulated_probe,9.031287824939518,0.09687121750604821,2,0,,2,run.fixture.fixed.202,202,fixed,fixture,545,True,5
edge.market,fresh,emulated_probe,8.88397143681366,0.11160285631863398,2,0,,2,run.fixture.fixed.202,202,fixed,fixture,550,True,10
edge.market,fresh,emulated_probe,8.760666823467222,0.12393331765327775,2,0,,2,run.fixture.fixed.202,202,fixed,fixture,555,True,15
edge.market,fresh,emulated_probe,8.841479397677585,0.11585206023224148,2,0,,2,run.fixture.fixed.202,202,fixed,fixture,560,True,20
edge.market,fresh,emulated_probe,8.793327409208926,0.12066725907910736,2,0,,2,run.fixture.fixed.202,202,fixed,fixture,565,True,25
edge.market,fresh,emulated_probe,9.06101662881235,0.09389833711876494,2,0,,2,run.fixture.fixed.202,202,fixed,fixture,570,False,0
edge.market,fresh,emulated_probe,8.885426460776525,0.11145735392234746,2,0,,2,run.fixture.fixed.202,202,fixed,fixture,575,False,5
edge.market,fresh,emulated_probe,8.72921792514678,0.12707820748532195,2,0,,2,run.fixture.fixed.202,202,fixed,fixture,580,False,10
edge.market,fresh,emulated_probe,8.983414151216328,0.10165858487836721,2,0,,2,run.fixture.fixed.202,202,fixed,fixture,585,False,15
edge.market,fresh,emulated_probe,8.991254413581213,0.10087455864187866,2,0,,2,run.fixture.fixed.202,202,fixed,fixture,590,False,20
edge.market,fresh,emulated_probe,9.180257047063009,0.08197429529369915,2,0,,2,run.fixture.fixed.202,202,fixed,fixture,595,False,25
edge.market,fresh,emulated_probe,8.950341944330454,0.10496580556695467,2,0,,2,run.fixture.fixed.202,202,fixed,fixture,600,True,0
edge.market,fresh,emulated_probe,9.068299524823964,0.0931700475176036,2,0,,2,run.fixture.fixed.202,202,fixed,fixture,605,True,5
edge.market,fresh,emulated_probe,9.150371772199836,0.08496282278001632,2,0,,2,run.fixture.fixed.202,202,fixed,fixture,610,True,10
edge.market,fresh,emulated_probe,8.961084186828753,0.10389158131712473,2,0,,2,run.fixture.fixed.202,202,fixed,fixture,615,True,15
edge.market,fresh,emulated_probe,8.980268341874758,0.10197316581252414,2,0,,2,run.fixture.fixed.202,202,fixed,fixture,620,True,20
edge.market,fresh,emulated_probe,8.710721570791621,0.1289278429208378,2,0,,2,run.fixture.fixed.202,202,fixed,fixture,625,True,25
edge.market,fresh,emulated_probe,9.281037137035398,0.07189628629646028,2,0,,2,run.fixture.fixed.202,202,fixed,fixture,630,False,0
edge.market,fresh,emulated_probe,8.777256792058186,0.12227432079418143,2,0,,2,run.fixture.fixed.202,202,fixed,fixture,635,False,5
edge.market,fresh,emulated_probe,8.961218086909124,0.1038781913090876,2,0,,2,run.fixture.fixed.202,202,fixed,fixture,640,False,10
edge.market,fresh,emulated_probe,8.605777083990066,0.1394222916009934,2,0,,2,run.fixture.fixed.202,202,fixed,fixture,645,False,15
edge.market,fresh,emulated_probe,8.962286221448547,0.10377137785514523,2,0,,2,run.fixture.fixed.202,202,fixed,fixture,650,False,20
edge.market,fresh,emulated_probe,9.028068805697302,0.09719311943026976,2,0,,2,run.fixture.fixed.202,202,fixed,fixture,655,False,25
edge.market,fresh,emulated_probe,8.698022932264355,0.13019770677356457,2,0,,2,run.fixture.fixed.202,202,fixed,fixture,660,True,0
edge.market,fresh,emulated_probe,8.982604501744005,0.10173954982559952,2,0,,2,run.fixture.fixed.202,202,fixed,fixture,665,True,5
edge.market,fresh,emulated_probe,8.702065061284763,0.12979349387152372,2,0,,2,run.fixture.fixed.202,202,fixed,fixture,670,True,10
edge.market,fresh,emulated_probe,9.323559341515818,0.0676440658484182,2,0,,2,run.fixture.fixed.202,202,fixed,fixture,675,True,15
edge.market,fresh,emulated_probe,9.189178814330734,0.0810821185669266,2,0,,2,run.fixture.fixed.202,202,fixed,fixture,680,True,20
edge.market,fresh,emulated_probe,9.335217550798625,0.06647824492013754,2,0,,2,run.fixture.fixed.202,202,fixed,fixture,685,True,25
edge.market,fresh,emulated_probe,9.172291764173867,0.08277082358261334,2,0,,2,run.fixture.fixed.202,202,fixed,fixture,690,False,0
edge.market,fresh,emulated_probe,8.89187093244144,0.11081290675585598,2,0,,2,run.fixture.fixed.202,202,fixed,fixture,695,False,5
edge.market,fresh,emulated_probe,8.954414246199674,0.10455857538003266,2,0,,2,run.fixture.fixed.202,202,fixed,fixture,700,False,10
edge.market,fresh,emulated_probe,9.433098663275054,0.05669013367249465,2,0,,2,run.fixture.fixed.202,202,fixed,fixture,705,False,15
edge.market,fresh,emulated_probe,9.190115742518202,0.08098842574817977,2,0,,2,run.fixture.fixed.202,202,fixed,fixture,710,False,20
edge.market,fresh,emulated_probe,9.014931254097018,0.09850687459029817,2,0,,2,run.fixture.fixed.202,202,fixed,fixture,715,False,25
edge.market,fresh,emulated_probe,8.947171949809043,0.1052828050190957,2,0,,2,run.fixture.fixed.202,202,fixed,fixture,720,True,0
edge.market,fresh,emulated_probe,8.950992070076687,0.10490079299233135,2,0,,2,run.fixture.fixed.202,202,fixed,fixture,725,True,5
edge.market,fresh,emulated_probe,8.952257316627158,0.1047742683372842,2,0,,2,run.fixture.fixed.202,202,fixed,fixture,730,True,10
edge.market,fresh,emulated_probe,9.22963606815419,0.07703639318458111,2,0,,2,run.fixture.fixed.202,202,fixed,fixture,735,True,15
edge.market,fresh,emulated_probe,9.014243136618976,0.09857568633810243,2,0,,2,run.fixture.fixed.202,202,fixed,fixture,740,True,20
edge.market,fresh,emulated_probe,9.48136657076282,0.05186334292371808,2,0,,2,run.fixture.fixed.202,202,fixed,fixture,745,True,25
edge.market,fresh,emulated_probe,9.194655213848211,0.08053447861517893,2,0,,2,run.fixture.fixed.202,202,fixed,fixture,750,False,0
edge.market,fresh,emulated_probe,8.87867390983931,0.11213260901606892,2,0,,2,run.fixture.fixed.202,202,fixed,fixture,755,False,5
edge.market,fresh,emulated_probe,9.20256326056871,0.07974367394312909,2,0,,2,run.fixture.fixed.202,202,fixed,fixture,760,False,10
edge.market,fresh,emulated_probe,9.084235778723588,0.09157642212764117,2,0,,2,run.fixture.fixed.202,202,fixed,fixture,765,False,15
edge.market,fresh,emulated_probe,8.879650867754693,0.11203491322453074,2,0,,2,run.fixture.fixed.202,202,fixed,fixture,770,False,20
edge.market,fresh,emulated_probe,8.842408241147023,0.11575917588529772,2,0,,2,run.fixture.fixed.202,202,fixed,fixture,775,False,25
edge.market,fresh,emulated_probe,8.98375532673462,0.10162446732653796,2,0,,2,run.fixture.fixed.202,202,fixed,fixture,780,True,0
edge.market,fresh,emulated_probe,9.200865822169092,0.0799134177830908,2,0,,2,run.fixture.fixed.202,202,fixed,fixture,785,True,5
edge.market,fresh,emulated_probe,9.17086684457943,0.08291331554205694,2,0,,2,run.fixture.fixed.202,202,fixed,fixture,790,True,10
edge.market,fresh,emulated_probe,8.724397201684358,0.12756027983156426,2,0,,2,run.fixture.fixed.202,202,fixed,fixture,795,True,15
edge.market,fresh,emulated_probe,9.341395250582938,0.06586047494170622,2,0,,2,run.fixture.fixed.202,202,fixed,fixture,800,True,20
edge.market,fresh,emulated_probe,9.388357981889657,0.061164201811034324,2,0,,2,run.fixture.fixed.202,202,fixed,fixture,805,True,25
edge.market,fresh,emulated_probe,9.061316181974092,0.09386838180259072,2,0,,2,run.fixture.fixed.202,202,fixed,fixture,810,False,0
edge.market,fresh,emulated_probe,8.92719135391485,0.10728086460851505,2,0,,2,run.fixture.fixed.202,202,fixed,fixture,815,False,5
edge.market,fresh,emulated_probe,9.228378955931117,0.07716210440688831,2,0,,2,run.fixture.fixed.202,202,fixed,fixture,820,False,10
edge.market,fresh,emulated_probe,8.745496935204663,0.1254503064795337,2,0,,2,run.fixture.fixed.202,202,fixed,fixture,825,False,15
edge.market,fresh,emulated_probe,8.857705390638845,0.11422946093611552,2,0,,2,run.fixture.fixed.202,202,fixed,fixture,830,False,20
edge.market,fresh,emulated_probe,8.874750660139913,0.11252493398600871,2,0,,2,run.fixture.fixed.202,202,fixed,fixture,835,False,25
edge.market,fresh,emulated_probe,9.08114657724645,0.09188534227535494,2,0,,2,run.fixture.fixed.202,202,fixed,fixture,840,True,0
edge.market,fresh,emulated_probe,9.0261084270985,0.09738915729015007,2,0,,2,run.fixture.fixed.202,202,fixed,fixture,845,True,5
edge.market,fresh,emulated_probe,9.132681394021185,0.08673186059788152,2,0,,2,run.fixture.fixed.202,202,fixed,fixture,850,True,10
edge.market,fresh,emulated_probe,9.131008257293242,0.08689917427067573,2,0,,2,run.fixture.fixed.202,202,fixed,fixture,855,True,15
edge.market,fresh,emulated_probe,9.084753806771658,0.09152461932283418,2,0,,2,run.fixture.fixed.202,202,fixed,fixture,860,True,20
edge.market,fresh,emulated_probe,9.01015893675097,0.09898410632490295,2,0,,2,run.fixture.fixed.202,202,fixed,fixture,865,True,25
edge.market,fresh,emulated_probe,8.88664368341854,0.11133563165814597,2,0,,2,run.fixture.fixed.202,202,fixed,fixture,870,False,0
edge.market,fresh,emulated_probe,8.946006611802591,0.10539933881974084,2,0,,2,run.fixture.fixed.202,202,fixed,fixture,875,False,5
edge.market,fresh,emulated_probe,9.099407402426333,0.09005925975736662,2,0,,2,run.fixture.fixed.202,202,fixed,fixture,880,False,10
edge.market,fresh,emulated_probe,8.887154240347078,0.11128457596529218,2,0,,2,run.fixture.fixed.202,202,fixed,fixture,885,False,15
edge.market,fresh,emulated_probe,8.727597911362937,0.12724020886370635,2,0,,2,run.fixture.fixed.202,202,fixed,fixture,890,False,20
edge.market,fresh,emulated_probe,8.949365672642543,0.1050634327357457,2,0,,2,run.fixture.fixed.202,202,fixed,fixture,895,False,25
edge.market,fresh,emulated_probe,8.73301698850814,0.126698301149186,2,0,,2,run.fixture.fixed.202,202,fixed,fixture,900,True,0
edge.market,fresh,emulated_probe,9.12396090406818,0.08760390959318198,2,0,,2,run.fixture.fixed.300,300,fixed,fixture,0,True,0
edge.market,fresh,emulated_probe,9.012585456566654,0.09874145434333459,2,0,,2,run.fixture.fixed.300,300,fixed,fixture,5,True,5
edge.market,fresh,emulated_probe,9.212132862555109,0.07878671374448909,2,0,,2,run.fixture.fixed.300,300,fixed,fixture,10,True,10
edge.market,fresh,emulated_probe,9.067613184749906,0.09323868152500947,2,0,,2,run.fixture.fixed.300,300,fixed,fixture,15,True,15
edge.market,fresh,emulated_probe,9.124635211438655,0.08753647885613458,2,0,,2,run.fixture.fixed.300,300,fixed,fixture,20,True,20
edge.market,fresh,emulated_probe,9.015220789702871,0.09847792102971287,2,0,,2,run.fixture.fixed.300,300,fixed,fixture,25,True,25
edge.market,fresh,emulated_probe,8.903407061381241,0.1096592938618759,2,0,,2,run.fixture.fixed.300,300,fixed,fixture,30,False,0
edge.market,fresh,emulated_probe,9.184922370231238,0.08150776297687623,2,0,,2,run.fixture.fixed.300,300,fixed,fixture,35,False,5
edge.market,fresh,emulated_probe,8.935841725278644,0.10641582747213563,2,0,,2,run.fixture.fixed.300,300,fixed,fixture,40,False,10
edge.market,fresh,emulated_probe,8.911226995880137,0.10887730041198629,2,0,,2,run.fixture.fixed.300,300,fixed,fixture,45,False,15
edge.market,fresh,emulated_probe,9.128605793527242,0.08713942064727576,2,0,,2,run.fixture.fixed.300,300,fixed,fixture,50,False,20
edge.market,fresh,emulated_probe,9.141124901740938,0.0858875098259062,2,0,,2,run.fixture.fixed.300,300,fixed,fixture,55,False,25
edge.market,fresh,emulated_probe,8.825239204415702,0.11747607955842976,2,0,,2,run.fixture.fixed.300,300,fixed,fixture,60,True,0
edge.market,fresh,emulated_probe,8.925302821271748,0.10746971787282522,2,0,,2,run.fixture.fixed.300,300,fixed,fixture,65,True,5
edge.market,fresh,emulated_probe,8.694747034834812,0.13052529651651879,2,0,,2,run.fixture.fixed.300,300,fixed,fixture,70,True,10
edge.market,fresh,emulated_probe,9.064839797848597,0.09351602021514027,2,0,,2,run.fixture.fixed.300,300,fixed,fixture,75,True,15
edge.market,fresh,emulated_probe,9.07862190570448,0.09213780942955196,2,0,,2,run.fixture.fixed.300,300,fixed,fixture,80,True,20
edge.market,fresh,emulated_probe,8.784396313682915,0.12156036863170849,2,0,,2,run.fixture.fixed.300,300,fixed,fixture,85,True,25
edge.market,fresh,emulated_probe,9.167539050622143,0.08324609493778579,2,0,,2,run.fixture.fixed.300,300,fixed,fixture,90,False,0
edge.market,fresh,emulated_probe,8.967793112423575,0.10322068875764256,2,0,,2,run.fixture.fixed.300,300,fixed,fixture,95,False,5
edge.market,fresh,emulated_probe,8.86695841205119,0.11330415879488098,2,0,,2,run.fixture.fixed.300,300,fixed,fixture,100,False,10
edge.market,fresh,emulated_probe,9.144874436564326,0.08551255634356747,2,0,,2,run.fixture.fixed.300,300,fixed,fixture,105,False,15
edge.market,fresh,emulated_probe,9.09177549970175,0.09082245002982492,2,0,,2,run.fixture.fixed.300,300,fixed,fixture,110,False,20
edge.market,fresh,emulated_probe,9.126461657573936,0.08735383424260645,2,0,,2,run.fixture.fixed.300,300,fixed,fixture,115,False,25
edge.market,fresh,emulated_probe,9.246778064127572,0.07532219358724279,2,0,,2,run.fixture.fixed.300,300,fixed,fixture,120,True,0
edge.market,fresh,emulated_probe,9.193169066006764,0.08068309339932367,2,0,,2,run.fixture.fixed.300,300,fixed,fixture,125,True,5
edge.market,fresh,emulated_probe,9.246997167069505,0.0753002832930495,2,0,,2,run.fixture.fixed.300,300,fixed,fixture,130,True,10
edge.market,fresh,emulated_probe,8.824184037239743,0.11758159627602571,2,0,,2,run.fixture.fixed.300,300,fixed,fixture,135,True,15
edge.market,fresh,emulated_probe,8.844714333223706,0.11552856667762934,2,0,,2,run.fixture.fixed.300,300,fixed,fixture,140,True,20
edge.market,fresh,emulated_probe,8.687398664731091,0.1312601335268908,2,0,,2,run.fixture.fixed.300,300,fixed,fixture,145,True,25
edge.market,fresh,emulated_probe,8.67413493634884,0.13258650636511593,2,0,,2,run.fixture.fixed.300,300,fixed,fixture,150,False,0
edge.market,fresh,emulated_probe,8.432215542697811,0.15677844573021882,2,0,,2,run.fixture.fixed.300,300,fixed,fixture,155,False,5
edge.market,fresh,emulated_probe,8.301425451268432,0.16985745487315673,2,0,,2,run.fixture.fixed.300,300,fixed,fixture,160,False,10
edge.market,fresh,emulated_probe,8.014674798388285,0.1985325201611715,2,0,,2,run.fixture.fixed.300,300,fixed,fixture,165,False,15
edge.market,fresh,emulated_probe,8.187233615081489,0.18127663849185116,2,0,,2,run.fixture.fixed.300,300,fixed,fixture,170,False,20
edge.market,fresh,emulated_probe,7.886145838939758,0.21138541610602424,2,0,,2,run.fixture.fixed.300,300,fixed,fixture,175,False,25
edge.market,fresh,emulated_probe,7.800726801621456,0.2199273198378544,2,0,,2,run.fixture.fixed.300,300,fixed,fixture,180,True,0
edge.market,fresh,emulated_probe,7.592936603962204,0.24070633960377963,2,0,,2,run.fixture.fixed.300,300,fixed,fixture,185,True,5
edge.market,fresh,emulated_probe,7.261337774582914,0.27386622254170856,2,0,,2,run.fixture.fixed.300,300,fixed,fixture,190,True,10
edge.market,fresh,emulated_probe,7.356388563441424,0.2643611436558576,2,0,,2,run.fixture.fixed.300,300,fixed,fixture,195,True,15
edge.market,fresh,emulated_probe,6.8878337075470935,0.3112166292452907,2,0,,2,run.fixture.fixed.300,300,fixed,fixture,200,True,20
edge.market,fresh,emulated_probe,6.681132055185969,0.331886794481403,2,0,,2,run.fixture.fixed.300,300,fixed,fixture,205,True,25
edge.market,fresh,emulated_probe,6.663220500804739,0.33367794991952615,2,0,,2,run.fixture.fixed.300,300,fixed,fixture,210,False,0
edge.market,fresh,emulated_probe,6.481061320651678,0.35189386793483224,2,0,,2,run.fixture.fixed.300,300,fixed,fixture,215,False,5
edge.market,fresh,emulated_probe,6.178930104593087,0.3821069895406912,2,0,,2,run.fixture.fixed.300,300,fixed,fixture,220,False,10
edge.market,fresh,emulated_probe,6.0800941883542965,0.3919905811645703,2,0,,2,run.fixture.fixed.300,300,fixed,fixture,225,False,15
edge.market,fresh,emulated_probe,5.776961909619805,0.42230380903801945,2,0,,2,run.fixture.fixed.300,300,fixed,fixture,230,False,20
edge.market,fresh,emulated_probe,5.8423062223048525,0.4157693777695147,2,0,,2,run.fixture.fixed.300,300,fixed,fixture,235,False,25
edge.market,fresh,emulated_probe,5.566499459288376,0.44335005407116246,2,0,,2,run.fixture.fixed.300,300,fixed,fixture,240,True,0
edge.market,fresh,emulated_probe,5.503788396128609,0.44962116038713906,2,0,,2,run.fixture.fixed.300,300,fixed,fixture,245,True,5
edge.market,fresh,emulated_probe,4.911884873584958,0.5088115126415043,2,0,,2,run.fixture.fixed.300,300,fixed,fixture,250,True,10
edge.market,fresh,emulated_probe,4.907405616215897,0.5092594383784104,2,0,,2,run.fixture.fixed.300,300,fixed,fixture,255,True,15
edge.market,fresh,emulated_probe,4.702699337135608,0.5297300662864391,2,0,,2,run.fixture.fixed.300,300,fixed,fixture,260,True,20
edge.market,fresh,emulated_probe,4.439996719654392,0.5560003280345608,2,0,,2,run.fixture.fixed.300,300,fixed,fixture,265,True,25
edge.market,fresh,emulated_probe,4.4250340814516935,0.5574965918548307,2,0,,2,run.fixture.fixed.300,300,fixed,fixture,270,False,0
edge.market,fresh,emulated_probe,4.154052071836357,0.5845947928163643,2,0,,2,run.fixture.fixed.300,300,fixed,fixture,275,False,5
edge.market,fresh,emulated_probe,4.310366117233637,0.5689633882766363,2,0,,2,run.fixture.fixed.300,300,fixed,fixture,280,False,10
edge.market,fresh,emulated_probe,3.952348745637504,0.6047651254362496,2,0,,2,run.fixture.fixed.300,300,fixed,fixture,285,False,15
edge.market,fresh,emulated_probe,4.0917489536174925,0.5908251046382508,2,0,,2,run.fixture.fixed.300,300,fixed,fixture,290,False,20
edge.market,fresh,emulated_probe,3.8263624782230536,0.6173637521776947,2,0,,2,run.fixture.fixed.300,300,fixed,fixture,295,False,25
edge.market,fresh,emulated_probe,3.8263624782230536,0.6173637521776947,2,5,,2,run.fixture.fixed.300,300,fixed,fixture,300,True,0
edge.market,fresh,emulated_probe,3.8263624782230536,0.6173637521776947,2,10,,2,run.fixture.fixed.300,300,fixed,fixture,305,True,5
edge.market,fresh,emulated_probe,3.8263624782230536,0.6173637521776947,2,15,,2,run.fixture.fixed.300,300,fixed,fixture,310,True,10
edge.market,stale,,,,2,20,,0,run.fixture.fixed.300,300,fixed,fixture,315,True,15
edge.market,stale,,,,2,25,,0,run.fixture.fixed.300,300,fixed,fixture,320,True,20
edge.market,stale,,,,2,30,,0,run.fixture.fixed.300,300,fixed,fixture,325,True,25
edge.market,stale,,,,2,35,,0,run.fixture.fixed.300,300,fixed,fixture,330,False,0
edge.market,stale,,,,2,40,,0,run.fixture.fixed.300,300,fixed,fixture,335,False,5
edge.market,stale,,,,2,45,,0,run.fixture.fixed.300,300,fixed,fixture,340,False,10
edge.market,stale,,,,2,50,,0,run.fixture.fixed.300,300,fixed,fixture,345,False,15
edge.market,stale,,,,2,55,,0,run.fixture.fixed.300,300,fixed,fixture,350,False,20
edge.market,fresh,emulated_probe,1.6128174206994443,0.8387182579300556,2,0,,2,run.fixture.fixed.300,300,fixed,fixture,355,False,25
edge.market,fresh,emulated_probe,1.7836674553726672,0.8216332544627333,2,0,,2,run.fixture.fixed.300,300,fixed,fixture,360,True,0
edge.market,fresh,emulated_probe,1.0594305851547388,0.8940569414845261,2,0,,2,run.fixture.fixed.300,300,fixed,fixture,365,True,5
edge.market,fresh,emulated_probe,0.8897137988038639,0.9110286201196136,2,0,,2,run.fixture.fixed.300,300,fixed,fixture,370,True,10
edge.market,fresh,emulated_probe,1.0702669108848943,0.8929733089115106,2,0,,2,run.fixture.fixed.300,300,fixed,fixture,375,True,15
edge.market,fresh,emulated_probe,1.0934157556086692,0.8906584244391331,2,0,,2,run.fixture.fixed.300,300,fixed,fixture,380,True,20
edge.market,fresh,emulated_probe,0.899793233142468,0.9100206766857533,2,0,,2,run.fixture.fixed.300,300,fixed,fixture,385,True,25
edge.market,fresh,emulated_probe,0.966740400698004,0.9033259599301996,2,0,,2,run.fixture.fixed.300,300,fixed,fixture,390,False,0
edge.market,fresh,emulated_probe,0.9566818154296475,0.9043318184570353,2,0,,2,run.fixture.fixed.300,300,fixed,fixture,395,False,5
edge.market,fresh,emulated_probe,1.1506349777801157,0.8849365022219884,2,0,,2,run.fixture.fixed.300,300,fixed,fixture,400,False,10
edge.market,fresh,emulated_probe,0.8360136803229251,0.9163986319677075,2,0,,2,run.fixture.fixed.300,300,fixed,fixture,405,False,15
edge.market,fresh,emulated_probe,0.6470212019745825,0.9352978798025418,2,0,,2,run.fixture.fixed.300,300,fixed,fixture,410,False,20
edge.market,fresh,emulated_probe,1.0017634953229837,0.8998236504677016,2,0,,2,run.fixture.fixed.300,300,fixed,fixture,415,False,25
edge.market,fresh,emulated_probe,1.4912840754220564,0.8508715924577943,2,0,,2,run.fixture.fixed.300,300,fixed,fixture,420,True,0
edge.market,fresh,emulated_probe,1.7406144772115484,0.8259385522788452,2,0,,2,run.fixture.fixed.300,300,fixed,fixture,425,True,5
edge.market,fresh,emulated_probe,2.3036779117049546,0.7696322088295046,2,0,,2,run.fixture.fixed.300,300,fixed,fixture,430,True,10
edge.market,fresh,emulated_probe,2.7212031897427043,0.7278796810257295,2,0,,2,run.fixture.fixed.300,300,fixed,fixture,435,True,15
edge.market,fresh,emulated_probe,2.9248566375315854,0.7075143362468415,2,0,,2,run.fixture.fixed.300,300,fixed,fixture,440,True,20
edge.market,fresh,emulated_probe,3.4418405622536365,0.6558159437746364,2,0,,2,run.fixture.fixed.300,300,fixed,fixture,445,True,25
edge.market,fresh,emulated_probe,3.9326791082527617,0.6067320891747239,2,0,,2,run.fixture.fixed.300,300,fixed,fixture,450,False,0
edge.market,fresh,emulated_probe,4.357758401544585,0.5642241598455415,2,0,,2,run.fixture.fixed.300,300,fixed,fixture,455,False,5
edge.market,fresh,emulated_probe,4.896887257988829,0.5103112742011171,2,0,,2,run.fixture.fixed.300,300,fixed,fixture,460,False,10
edge.market,fresh,emulated_probe,5.015940751956096,0.4984059248043904,2,0,,2,run.fixture.fixed.300,300,fixed,fixture,465,False,15
edge.market,fresh,emulated_probe,5.28201281869843,0.47179871813015706,2,0,,2,run.fixture.fixed.300,300,fixed,fixture,470,False,20
edge.market,fresh,emulated_probe,5.8603926018401555,0.41396073981598447,2,0,,2,run.fixture.fixed.300,300,fixed,fixture,475,False,25
edge.market,fresh,emulated_probe,6.061754356066228,0.3938245643933772,2,0,,2,run.fixture.fixed.300,300,fixed,fixture,480,True,0
edge.market,fresh,emulated_probe,6.518518332344261,0.3481481667655739,2,0,,2,run.fixture.fixed.300,300,fixed,fixture,485,True,5
edge.market,fresh,emulated_probe,6.894214352774332,0.31057856472256673,2,0,,2,run.fixture.fixed.300,300,fixed,fixture,490,True,10
edge.market,fresh,emulated_probe,7.488560652900784,0.2511439347099216,2,0,,2,run.fixture.fixed.300,300,fixed,fixture,495,True,15
edge.market,fresh,emulated_probe,7.50664083442687,0.24933591655731302,2,0,,2,run.fixture.fixed.300,300,fixed,fixture,500,True,20
edge.market,fresh,emulated_probe,8.130622355489976,0.1869377644510024,2,0,,2,run.fixture.fixed.300,300,fixed,fixture,505,True,25
edge.market,fresh,emulated_probe,8.354564222807182,0.16454357771928174,2,0,,2,run.fixture.fixed.300,300,fixed,fixture,510,False,0
edge.market,fresh,emulated_probe,8.923757509998186,0.10762424900018142,2,0,,2,run.fixture.fixed.300,300,fixed,fixture,515,False,5
edge.market,fresh,emulated_probe,9.047731047988613,0.0952268952011387,2,0,,2,run.fixture.fixed.300,300,fixed,fixture,520,False,10
edge.market,fresh,emulated_probe,9.12455277055101,0.08754472294489912,2,0,,2,run.fixture.fixed.300,300,fixed,fixture,525,False,15
edge.market,fresh,emulated_probe,8.435635900523959,0.1564364099476041,2,0,,2,run.fixture.fixed.300,300,fixed,fixture,530,False,20
edge.market,fresh,emulated_probe,9.009814645696814,0.09901853543031858,2,0,,2,run.fixture.fixed.300,300,fixed,fixture,535,False,25
edge.market,fresh,emulated_probe,9.178989503988534,0.08210104960114661,2,0,,2,run.fixture.fixed.300,300,fixed,fixture,540,True,0
edge.market,fresh,emulated_probe,9.260284584585726,0.07397154154142738,2,0,,2,run.fixture.fixed.300,300,fixed,fixture,545,True,5
edge.market,fresh,emulated_probe,9.227839877375661,0.07721601226243391,2,0,,2,run.fixture.fixed.300,300,fixed,fixture,550,True,10
edge.market,fresh,emulated_probe,8.945698259995872,0.10543017400041277,2,0,,2,run.fixture.fixed.300,300,fixed,fixture,555,True,15
edge.market,fresh,emulated_probe,9.062135503608328,0.09378644963916716,2,0,,2,run.fixture.fixed.300,300,fixed,fixture,560,True,20
edge.market,fresh,emulated_probe,9.159165103743002,0.08408348962569989,2,0,,2,run.fixture.fixed.300,300,fixed,fixture,565,True,25
edge.market,fresh,emulated_probe,9.009176354501987,0.09908236454980135,2,0,,2,run.fixture.fixed.300,300,fixed,fixture,570,False,0
edge.market,fresh,emulated_probe,8.914030702321053,0.1085969297678947,2,0,,2,run.fixture.fixed.300,300,fixed,fixture,575,False,5
edge.market,fresh,emulated_probe,9.012652197602346,0.09873478023976534,2,0,,2,run.fixture.fixed.300,300,fixed,fixture,580,False,10
edge.market,fresh,emulated_probe,8.991641246963223,0.10083587530367777,2,0,,2,run.fixture.fixed.300,300,fixed,fixture,585,False,15
edge.market,fresh,emulated_probe,8.903259688051515,0.10967403119484853,2,0,,2,run.fixture.fixed.300,300,fixed,fixture,590,False,20
edge.market,fresh,emulated_probe,8.992199261269562,0.10078007387304377,2,0,,2,run.fixture.fixed.300,300,fixed,fixture,595,False,25
edge.market,fresh,emulated_probe,9.02341267911384,0.09765873208861608,2,0,,2,run.fixture.fixed.300,300,fixed,fixture,600,True,0
edge.market,fresh,emulated_probe,8.897470307774356,0.11025296922256445,2,0,,2,run.fixture.fixed.300,300,fixed,fixture,605,True,5
edge.market,fresh,emulated_probe,8.884689915055416,0.1115310084944584,2,0,,2,run.fixture.fixed.300,300,fixed,fixture,610,True,10
edge.market,fresh,emulated_probe,8.820416800206644,0.11795831997933559,2,0,,2,run.fixture.fixed.300,300,fixed,fixture,615,True,15
edge.market,fresh,emulated_probe,9.000380969563171,0.09996190304368291,2,0,,2,run.fixture.fixed.300,300,fixed,fixture,620,True,20
edge.market,fresh,emulated_probe,8.889322265241276,0.11106777347587238,2,0,,2,run.fixture.fixed.300,300,fixed,fixture,625,True,25
edge.market,fresh,emulated_probe,9.11754464472534,0.08824553552746595,2,0,,2,run.fixture.fixed.300,300,fixed,fixture,630,False,0
edge.market,fresh,emulated_probe,9.064908222316713,0.09350917776832868,2,0,,2,run.fixture.fixed.300,300,fixed,fixture,635,False,5
edge.market,fresh,emulated_probe,8.91454513301403,0.10854548669859698,2,0,,2,run.fixture.fixed.300,300,fixed,fixture,640,False,10
edge.market,fresh,emulated_probe,8.857728895665149,0.1142271104334851,2,0,,2,run.fixture.fixed.300,300,fixed,fixture,645,False,15
edge.market,fresh,emulated_probe,8.880464766714361,0.1119535233285639,2,0,,2,run.fixture.fixed.300,300,fixed,fixture,650,False,20
edge.market,fresh,emulated_probe,9.228788531316663,0.07712114686833371,2,0,,2,run.fixture.fixed.300,300,fixed,fixture,655,False,25
edge.market,fresh,emulated_probe,9.116563114204489,0.0883436885795511,2,0,,2,run.fixture.fixed.300,300,fixed,fixture,660,True,0
edge.market,fresh,emulated_probe,8.933805427897259,0.1066194572102741,2,0,,2,run.fixture.fixed.300,300,fixed,fixture,665,True,5
edge.market,fresh,emulated_probe,9.073169194758385,0.09268308052416141,2,0,,2,run.fixture.fixed.300,300,fixed,fixture,670,True,10
edge.market,fresh,emulated_probe,8.927647084866749,0.10723529151332511,2,0,,2,run.fixture.fixed.300,300,fixed,fixture,675,True,15
edge.market,fresh,emulated_probe,8.877647818489887,0.11223521815101134,2,0,,2,run.fixture.fixed.300,300,fixed,fixture,680,True,20
edge.market,fresh,emulated_probe,9.119975597792605,0.08800244022073955,2,0,,2,run.fixture.fixed.300,300,fixed,fixture,685,True,25
edge.market,fresh,emulated_probe,8.865264027387402,0.11347359726125972,2,0,,2,run.fixture.fixed.300,300,fixed,fixture,690,False,0
edge.market,fresh,emulated_probe,9.057262256381659,0.09427377436183415,2,0,,2,run.fixture.fixed.300,300,fixed,fixture,695,False,5
edge.market,fresh,emulated_probe,8.978039672037355,0.10219603279626455,2,0,,2,run.fixture.fixed.300,300,fixed,fixture,700,False,10
edge.market,fresh,emulated_probe,9.254034861660909,0.07459651383390908,2,0,,2,run.fixture.fixed.300,300,fixed,fixture,705,False,15
edge.market,fresh,emulated_probe,8.905403097201816,0.10945969027981839,2,0,,2,run.fixture.fixed.300,300,fixed,fixture,710,False,20
edge.market,fresh,emulated_probe,8.833066147268488,0.1166933852731512,2,0,,2,run.fixture.fixed.300,300,fixed,fixture,715,False,25
edge.market,fresh,emulated_probe,8.904565991908846,0.1095434008091154,2,0,,2,run.fixture.fixed.300,300,fixed,fixture,720,True,0
edge.market,fresh,emulated_probe,8.783770397887196,0.12162296021128038,2,0,,2,run.fixture.fixed.300,300,fixed,fixture,725,True,5
edge.market,fresh,emulated_probe,9.303202974377822,0.06967970256221778,2,0,,2,run.fixture.fixed.300,300,fixed,fixture,730,True,10
edge.market,fresh,emulated_probe,8.92109529928831,0.10789047007116892,2,0,,2,run.fixture.fixed.300,300,fixed,fixture,735,True,15
edge.market,fresh,emulated_probe,9.15819336685609,0.08418066331439111,2,0,,2,run.fixture.fixed.300,300,fixed,fixture,740,True,20
edge.market,fresh,emulated_probe,8.982469290163982,0.10175307098360187,2,0,,2,run.fixture.fixed.300,300,fixed,fixture,745,True,25
edge.market,fresh,emulated_probe,8.788829222206532,0.12111707777934677,2,0,,2,run.fixture.fixed.300,300,fixed,fixture,750,False,0
edge.market,fresh,emulated_probe,9.009910555010215,0.09900894449897846,2,0,,2,run.fixture.fixed.300,300,fixed,fixture,755,False,5
edge.market,fresh,emulated_probe,9.082285182309166,0.09177148176908345,2,0,,2,run.fixture.fixed.300,300,fixed,fixture,760,False,10
edge.market,fresh,emulated_probe,9.264167255947484,0.07358327440525159,2,0,,2,run.fixture.fixed.300,300,fixed,fixture,765,False,15
edge.market,fresh,emulated_probe,9.207530777075895,0.07924692229241048,2,0,,2,run.fixture.fixed.300,300,fixed,fixture,770,False,20
edge.market,fresh,emulated_probe,9.252955400890212,0.07470445991097885,2,0,,2,run.fixture.fixed.300,300,fixed,fixture,775,False,25
edge.market,fresh,emulated_probe,8.956139145427969,0.10438608545720318,2,0,,2,run.fixture.fixed.300,300,fixed,fixture,780,True,0
edge.market,fresh,emulated_probe,8.995548878169071,0.10044511218309293,2,0,,2,run.fixture.fixed.300,300,fixed,fixture,785,True,5
edge.market,fresh,emulated_probe,8.878644929528807,0.11213550704711928,2,0,,2,run.fixture.fixed.300,300,fixed,fixture,790,True,10
edge.market,fresh,emulated_probe,9.095821345403582,0.09041786545964181,2,0,,2,run.fixture.fixed.300,300,fixed,fixture,795,True,15
edge.market,fresh,emulated_probe,9.018941995641953,0.09810580043580475,2,0,,2,run.fixture.fixed.300,300,fixed,fixture,800,True,20
edge.market,fresh,emulated_probe,8.915511488809864,0.10844885111901359,2,0,,2,run.fixture.fixed.300,300,fixed,fixture,805,True,25
edge.market,fresh,emulated_probe,9.297299063953101,0.07027009360468983,2,0,,2,run.fixture.fixed.300,300,fixed,fixture,810,False,0
edge.market,fresh,emulated_probe,8.825476433843875,0.11745235661561249,2,0,,2,run.fixture.fixed.300,300,fixed,fixture,815,False,5
edge.market,fresh,emulated_probe,9.100694241097921,0.08993057589020792,2,0,,2,run.fixture.fixed.300,300,fixed,fixture,820,False,10
edge.market,fresh,emulated_probe,8.894221637888267,0.11057783621117334,2,0,,2,run.fixture.fixed.300,300,fixed,fixture,825,False,15
edge.market,fresh,emulated_probe,9.073794028973213,0.09262059710267878,2,0,,2,run.fixture.fixed.300,300,fixed,fixture,830,False,20
edge.market,fresh,emulated_probe,8.988022505350736,0.10119774946492632,2,0,,2,run.fixture.fixed.300,300,fixed,fixture,835,False,25
edge.market,fresh,emulated_probe,9.115289702253106,0.08847102977468935,2,0,,2,run.fixture.fixed.300,300,fixed,fixture,840,True,0
edge.market,fresh,emulated_probe,9.114339067834209,0.08856609321657916,2,0,,2,run.fixture.fixed.300,300,fixed,fixture,845,True,5
edge.market,fresh,emulated_probe,8.999194392767276,0.10008056072327243,2,0,,2,run.fixture.fixed.300,300,fixed,fixture,850,True,10
edge.market,fresh,emulated_probe,8.939158176123438,0.10608418238765616,2,0,,2,run.fixture.fixed.300,300,fixed,fixture,855,True,15
edge.market,fresh,emulated_probe,9.058865718917833,0.09411342810821677,2,0,,2,run.fixture.fixed.300,300,fixed,fixture,860,True,20
edge.market,fresh,emulated_probe,8.923362449791526,0.10766375502084746,2,0,,2,run.fixture.fixed.300,300,fixed,fixture,865,True,25
edge.market,fresh,emulated_probe,8.95550634082273,0.10444936591772702,2,0,,2,run.fixture.fixed.300,300,fixed,fixture,870,False,0
edge.market,fresh,emulated_probe,8.904643455084159,0.10953565449158409,2,0,,2,run.fixture.fixed.300,300,fixed,fixture,875,False,5
edge.market,fresh,emulated_probe,8.828944409967693,0.11710555900323061,2,0,,2,run.fixture.fixed.300,300,fixed,fixture,880,False,10
edge.market,fresh,emulated_probe,9.302803491196906,0.0697196508803094,2,0,,2,run.fixture.fixed.300,300,fixed,fixture,885,False,15
edge.market,fresh,emulated_probe,9.186926229510547,0.0813073770489453,2,0,,2,run.fixture.fixed.300,300,fixed,fixture,890,False,20
edge.market,fresh,emulated_probe,9.16156589109217,0.08384341089078295,2,0,,2,run.fixture.fixed.300,300,fixed,fixture,895,False,25
edge.market,fresh,emulated_probe,8.992300038850502,0.10076999611494986,2,0,,2,run.fixture.fixed.300,300,fixed,fixture,900,True,0
edge.market,fresh,emulated_probe,9.43142129222915,0.05685787077708504,2,0,,2,run.fixture.fixed.301,301,fixed,fixture,0,True,0
edge.market,fresh,emulated_probe,9.137785751239395,0.08622142487606044,2,0,,2,run.fixture.fixed.301,301,fixed,fixture,5,True,5
edge.market,fresh,emulated_probe,9.156031031912498,0.08439689680875018,2,0,,2,run.fixture.fixed.301,301,fixed,fixture,10,True,10
edge.market,fresh,emulated_probe,9.06822690987254,0.09317730901274612,2,0,,2,run.fixture.fixed.301,301,fixed,fixture,15,True,15
edge.market,fresh,emulated_probe,9.140401426662368,0.08595985733376321,2,0,,2,run.fixture.fixed.301,301,fixed,fixture,20,True,20
edge.market,fresh,emulated_probe,9.478626245038246,0.052137375496175364,2,0,,2,run.fixture.fixed.301,301,fixed,fixture,25,True,25
edge.market,fresh,emulated_probe,8.891966114999105,0.11080338850008942,2,0,,2,run.fixture.fixed.301,301,fixed,fixture,30,False,0
edge.market,fresh,emulated_probe,8.870298171157856,0.11297018288421445,2,0,,2,run.fixture.fixed.301,301,fixed,fixture,35,False,5
edge.market,fresh,emulated_probe,8.839872732161112,0.11601272678388885,2,0,,2,run.fixture.fixed.301,301,fixed,fixture,40,False,10
edge.market,fresh,emulated_probe,9.005265098887586,0.0994734901112414,2,0,,2,run.fixture.fixed.301,301,fixed,fixture,45,False,15
edge.market,fresh,emulated_probe,9.058906060693701,0.09410939393062989,2,0,,2,run.fixture.fixed.301,301,fixed,fixture,50,False,20
edge.market,fresh,emulated_probe,8.952681515275255,0.10473184847247441,2,0,,2,run.fixture.fixed.301,301,fixed,fixture,55,False,25
edge.market,fresh,emulated_probe,9.268118211488904,0.07318817885110962,2,0,,2,run.fixture.fixed.301,301,fixed,fixture,60,True,0
edge.market,fresh,emulated_probe,8.845679748950989,0.11543202510490114,2,0,,2,run.fixture.fixed.301,301,fixed,fixture,65,True,5
edge.market,fresh,emulated_probe,9.038872222723594,0.0961127777276406,2,0,,2,run.fixture.fixed.301,301,fixed,fixture,70,True,10
edge.market,fresh,emulated_probe,9.234982791066074,0.07650172089339269,2,0,,2,run.fixture.fixed.301,301,fixed,fixture,75,True,15
edge.market,fresh,emulated_probe,8.97912074633274,0.10208792536672606,2,0,,2,run.fixture.fixed.301,301,fixed,fixture,80,True,20
edge.market,fresh,emulated_probe,9.21382231066433,0.07861776893356698,2,0,,2,run.fixture.fixed.301,301,fixed,fixture,85,True,25
edge.market,fresh,emulated_probe,8.892548625855085,0.11074513741449155,2,0,,2,run.fixture.fixed.301,301,fixed,fixture,90,False,0
edge.market,fresh,emulated_probe,8.968395942813872,0.10316040571861274,2,0,,2,run.fixture.fixed.301,301,fixed,fixture,95,False,5
edge.market,fresh,emulated_probe,8.904528589301364,0.10954714106986363,2,0,,2,run.fixture.fixed.301,301,fixed,fixture,100,False,10
edge.market,fresh,emulated_probe,9.027243694144246,0.09727563058557531,2,0,,2,run.fixture.fixed.301,301,fixed,fixture,105,False,15
edge.market,fresh,emulated_probe,8.994672445918013,0.10053275540819873,2,0,,2,run.fixture.fixed.301,301,fixed,fixture,110,False,20
edge.market,fresh,emulated_probe,8.935415510652112,0.10645844893478884,2,0,,2,run.fixture.fixed.301,301,fixed,fixture,115,False,25
edge.market,fresh,emulated_probe,8.965255035676122,0.10347449643238771,2,0,,2,run.fixture.fixed.301,301,fixed,fixture,120,True,0
edge.market,fresh,emulated_probe,9.080656176848922,0.09193438231510775,2,0,,2,run.fixture.fixed.301,301,fixed,fixture,125,True,5
edge.market,fresh,emulated_probe,9.061325419871824,0.0938674580128176,2,0,,2,run.fixture.fixed.301,301,fixed,fixture,130,True,10
edge.market,fresh,emulated_probe,8.85851146823679,0.11414885317632106,2,0,,2,run.fixture.fixed.301,301,fixed,fixture,135,True,15
edge.market,fresh,emulated_probe,8.843115724116558,0.11568842758834419,2,0,,2,run.fixture.fixed.301,301,fixed,fixture,140,True,20
edge.market,fresh,emulated_probe,9.114163126943899,0.08858368730561017,2,0,,2,run.fixture.fixed.301,301,fixed,fixture,145,True,25
edge.market,fresh,emulated_probe,8.867818173050411,0.11321818269495887,2,0,,2,run.fixture.fixed.301,301,fixed,fixture,150,False,0
edge.market,fresh,emulated_probe,9.12355626409584,0.0876443735904161,2,0,,2,run.fixture.fixed.301,301,fixed,fixture,155,False,5
edge.market,fresh,emulated_probe,8.531748222945126,0.14682517770548742,2,0,,2,run.fixture.fixed.301,301,fixed,fixture,160,False,10
edge.market,fresh,emulated_probe,8.646612502770637,0.13533874972293636,2,0,,2,run.fixture.fixed.301,301,fixed,fixture,165,False,15
edge.market,fresh,emulated_probe,8.607449992990759,0.13925500070092411,2,0,,2,run.fixture.fixed.301,301,fixed,fixture,170,False,20
edge.market,fresh,emulated_probe,8.589959977945323,0.14100400220546772,2,0,,2,run.fixture.fixed.301,301,fixed,fixture,175,False,25
edge.market,fresh,emulated_probe,8.18959141510178,0.181040858489822,2,0,,2,run.fixture.fixed.301,301,fixed,fixture,180,True,0
edge.market,fresh,emulated_probe,8.013710071624796,0.19862899283752034,2,0,,2,run.fixture.fixed.301,301,fixed,fixture,185,True,5
edge.market,fresh,emulated_probe,7.575430012514703,0.24245699874852966,2,0,,2,run.fixture.fixed.301,301,fixed,fixture,190,True,10
edge.market,fresh,emulated_probe,7.566556886839562,0.24334431131604384,2,0,,2,run.fixture.fixed.301,301,fixed,fixture,195,True,15
edge.market,fresh,emulated_probe,7.506578944968817,0.2493421055031183,2,0,,2,run.fixture.fixed.301,301,fixed,fixture,200,True,20
edge.market,fresh,emulated_probe,7.257957796420655,0.27420422035793446,2,0,,2,run.fixture.fixed.301,301,fixed,fixture,205,True,25
edge.market,fresh,emulated_probe,7.249046276215809,0.2750953723784191,2,0,,2,run.fixture.fixed.301,301,fixed,fixture,210,False,0
edge.market,fresh,emulated_probe,7.104509576478868,0.2895490423521132,2,0,,2,run.fixture.fixed.301,301,fixed,fixture,215,False,5
edge.market,fresh,emulated_probe,6.7516078165232996,0.32483921834767004,2,0,,2,run.fixture.fixed.301,301,fixed,fixture,220,False,10
edge.market,fresh,emulated_probe,6.425505877843076,0.3574494122156924,2,0,,2,run.fixture.fixed.301,301,fixed,fixture,225,False,15
edge.market,fresh,emulated_probe,6.096582849323909,0.3903417150676092,2,0,,2,run.fixture.fixed.301,301,fixed,fixture,230,False,20
edge.market,fresh,emulated_probe,5.9913238437634675,0.40086761562365325,2,0,,2,run.fixture.fixed.301,301,fixed,fixture,235,False,25
edge.market,fresh,emulated_probe,5.815282447995218,0.4184717552004782,2,0,,2,run.fixture.fixed.301,301,fixed,fixture,240,True,0
edge.market,fresh,emulated_probe,5.971942234709497,0.40280577652905036,2,0,,2,run.fixture.fixed.301,301,fixed,fixture,245,True,5
edge.market,fresh,emulated_probe,5.681246451600069,0.43187535483999306,2,0,,2,run.fixture.fixed.301,301,fixed,fixture,250,True,10
edge.market,fresh,emulated_probe,5.482285589984595,0.45177144100154054,2,0,,2,run.fixture.fixed.301,301,fixed,fixture,255,True,15
edge.market,fresh,emulated_probe,5.663871494734412,0.43361285052655885,2,0,,2,run.fixture.fixed.301,301,fixed,fixture,260,True,20
edge.market,fresh,emulated_probe,5.092105234747136,0.4907894765252865,2,0,,2,run.fixture.fixed.301,301,fixed,fixture,265,True,25
edge.market,fresh,emulated_probe,4.719178319308195,0.5280821680691805,2,0,,2,run.fixture.fixed.301,301,fixed,fixture,270,False,0
edge.market,fresh,emulated_probe,4.882057465234422,0.5117942534765578,2,0,,2,run.fixture.fixed.301,301,fixed,fixture,275,False,5
edge.market,fresh,emulated_probe,4.358371287562241,0.564162871243776,2,0,,2,run.fixture.fixed.301,301,fixed,fixture,280,False,10
edge.market,fresh,emulated_probe,4.424092895996541,0.5575907104003459,2,0,,2,run.fixture.fixed.301,301,fixed,fixture,285,False,15
edge.market,fresh,emulated_probe,4.217276145749441,0.5782723854250559,2,0,,2,run.fixture.fixed.301,301,fixed,fixture,290,False,20
edge.market,fresh,emulated_probe,3.6066476857025513,0.6393352314297449,2,0,,2,run.fixture.fixed.301,301,fixed,fixture,295,False,25
edge.market,fresh,emulated_probe,3.968920840301458,0.6031079159698542,2,0,,2,run.fixture.fixed.301,301,fixed,fixture,300,True,0
edge.market,fresh,emulated_probe,3.919568456016683,0.6080431543983317,2,0,,2,run.fixture.fixed.301,301,fixed,fixture,305,True,5
edge.market,fresh,emulated_probe,3.7067848971161768,0.6293215102883823,2,0,,2,run.fixture.fixed.301,301,fixed,fixture,310,True,10
edge.market,fresh,emulated_probe,3.4871582028620693,0.651284179713793,2,0,,2,run.fixture.fixed.301,301,fixed,fixture,315,True,15
edge.market,fresh,emulated_probe,3.3575958997641626,0.6642404100235837,2,0,,2,run.fixture.fixed.301,301,fixed,fixture,320,True,20
edge.market,fresh,emulated_probe,2.6195545253908485,0.7380445474609152,2,0,,2,run.fixture.fixed.301,301,fixed,fixture,325,True,25
edge.market,fresh,emulated_probe,3.033380071848895,0.6966619928151105,2,0,,2,run.fixture.fixed.301,301,fixed,fixture,330,False,0
edge.market,fresh,emulated_probe,2.806120372283665,0.7193879627716335,2,0,,2,run.fixture.fixed.301,301,fixed,fixture,335,False,5
edge.market,fresh,emulated_probe,2.49322089036637,0.750677910963363,2,0,,2,run.fixture.fixed.301,301,fixed,fixture,340,False,10
edge.market,fresh,emulated_probe,2.2939069387880293,0.770609306121197,2,0,,2,run.fixture.fixed.301,301,fixed,fixture,345,False,15
edge.market,fresh,emulated_probe,1.870002949356817,0.8129997050643183,2,0,,2,run.fixture.fixed.301,301,fixed,fixture,350,False,20
edge.market,fresh,emulated_probe,2.02026143859227,0.797973856140773,2,0,,2,run.fixture.fixed.301,301,fixed,fixture,355,False,25
edge.market,fresh,emulated_probe,1.7350397285704533,0.8264960271429547,2,0,,2,run.fixture.fixed.301,301,fixed,fixture,360,True,0
edge.market,fresh,emulated_probe,1.4754092474710672,0.8524590752528933,2,0,,2,run.fixture.fixed.301,301,fixed,fixture,365,True,5
edge.market,fresh,emulated_probe,1.5980932994466852,0.8401906700553314,2,0,,2,run.fixture.fixed.301,301,fixed,fixture,370,True,10
edge.market,fresh,emulated_probe,1.2104342837602022,0.8789565716239798,2,0,,2,run.fixture.fixed.301,301,fixed,fixture,375,True,15
edge.market,fresh,emulated_probe,1.2401959628751587,0.8759804037124841,2,0,,2,run.fixture.fixed.301,301,fixed,fixture,380,True,20
edge.market,fresh,emulated_probe,1.2736374276336342,0.8726362572366366,2,0,,2,run.fixture.fixed.301,301,fixed,fixture,385,True,25
edge.market,fresh,emulated_probe,1.0059355515181583,0.8994064448481842,2,0,,2,run.fixture.fixed.301,301,fixed,fixture,390,False,0
edge.market,fresh,emulated_probe,1.0341667198315347,0.8965833280168465,2,0,,2,run.fixture.fixed.301,301,fixed,fixture,395,False,5
edge.market,fresh,emulated_probe,0.8104586098964639,0.9189541390103536,2,0,,2,run.fixture.fixed.301,301,fixed,fixture,400,False,10
edge.market,fresh,emulated_probe,0.8704304693117587,0.9129569530688242,2,0,,2,run.fixture.fixed.301,301,fixed,fixture,405,False,15
edge.market,fresh,emulated_probe,1.5210906653375718,0.8478909334662428,2,0,,2,run.fixture.fixed.301,301,fixed,fixture,410,False,20
edge.market,fresh,emulated_probe,1.7734257360252077,0.8226574263974793,2,0,,2,run.fixture.fixed.301,301,fixed,fixture,415,False,25
edge.market,fresh,emulated_probe,2.1537577047707352,0.7846242295229264,2,0,,2,run.fixture.fixed.301,301,fixed,fixture,420,True,0
edge.market,fresh,emulated_probe,2.538796885715708,0.7461203114284292,2,0,,2,run.fixture.fixed.301,301,fixed,fixture,425,True,5
edge.market,fresh,emulated_probe,2.8975080046121344,0.7102491995387865,2,0,,2,run.fixture.fixed.301,301,fixed,fixture,430,True,10
edge.market,fresh,emulated_probe,3.3851042624276584,0.6614895737572342,2,0,,2,run.fixture.fixed.301,301,fixed,fixture,435,True,15
edge.market,fresh,emulated_probe,3.751346021173818,0.6248653978826182,2,0,,2,run.fixture.fixed.301,301,fixed,fixture,440,True,20
edge.market,fresh,emulated_probe,4.1620204688950695,0.5837979531104931,2,0,,2,run.fixture.fixed.301,301,fixed,fixture,445,True,25
edge.market,fresh,emulated_probe,4.853479857933856,0.5146520142066144,2,0,,2,run.fixture.fixed.301,301,fixed,fixture,450,False,0
edge.market,fresh,emulated_probe,5.042038682427272,0.4957961317572728,2,0,,2,run.fixture.fixed.301,301,fixed,fixture,455,False,5
edge.market,fresh,emulated_probe,5.366436616452656,0.46335633835473433,2,0,,2,run.fixture.fixed.301,301,fixed,fixture,460,False,10
edge.market,fresh,emulated_probe,5.678466875191718,0.4321533124808281,2,0,,2,run.fixture.fixed.301,301,fixed,fixture,465,False,15
edge.market,fresh,emulated_probe,5.8846423794382545,0.4115357620561746,2,0,,2,run.fixture.fixed.301,301,fixed,fixture,470,False,20
edge.market,fresh,emulated_probe,6.553342977948555,0.3446657022051445,2,0,,2,run.fixture.fixed.301,301,fixed,fixture,475,False,25
edge.market,fresh,emulated_probe,7.0653495852683434,0.29346504147316566,2,0,,2,run.fixture.fixed.301,301,fixed,fixture,480,True,0
edge.market,fresh,emulated_probe,7.230542826529396,0.2769457173470604,2,0,,2,run.fixture.fixed.301,301,fixed,fixture,485,True,5
edge.market,fresh,emulated_probe,7.805165088166351,0.21948349118336485,2,0,,2,run.fixture.fixed.301,301,fixed,fixture,490,True,10
edge.market,fresh,emulated_probe,8.512077090495811,0.1487922909504189,2,0,,2,run.fixture.fixed.301,301,fixed,fixture,495,True,15
edge.market,fresh,emulated_probe,8.80815576132503,0.11918442386749695,2,0,,2,run.fixture.fixed.301,301,fixed,fixture,500,True,20
edge.market,fresh,emulated_probe,8.981833613208458,0.10181663867915414,2,0,,2,run.fixture.fixed.301,301,fixed,fixture,505,True,25
edge.market,fresh,emulated_probe,9.021159742201872,0.09788402577981281,2,0,,2,run.fixture.fixed.301,301,fixed,fixture,510,False,0
edge.market,fresh,emulated_probe,8.852743502479516,0.11472564975204835,2,0,,2,run.fixture.fixed.301,301,fixed,fixture,515,False,5
edge.market,fresh,emulated_probe,9.192812559592733,0.08071874404072665,2,0,,2,run.fixture.fixed.301,301,fixed,fixture,520,False,10
edge.market,fresh,emulated_probe,8.730059154896603,0.12699408451033967,2,0,,2,run.fixture.fixed.301,301,fixed,fixture,525,False,15
edge.market,fresh,emulated_probe,8.86653049566786,0.11334695043321408,2,0,,2,run.fixture.fixed.301,301,fixed,fixture,530,False,20
edge.market,fresh,emulated_probe,8.723496447287452,0.1276503552712548,2,0,,2,run.fixture.fixed.301,301,fixed,fixture,535,False,25
edge.market,fresh,emulated_probe,9.368600013152548,0.06313999868474518,2,0,,2,run.fixture.fixed.301,301,fixed,fixture,540,True,0
edge.market,fresh,emulated_probe,9.060928499060786,0.09390715009392137,2,0,,2,run.fixture.fixed.301,301,fixed,fixture,545,True,5
edge.market,fresh,emulated_probe,9.01847872882147,0.09815212711785293,2,0,,2,run.fixture.fixed.301,301,fixed,fixture,550,True,10
edge.market,fresh,emulated_probe,9.192382686708976,0.08076173132910236,2,0,,2,run.fixture.fixed.301,301,fixed,fixture,555,True,15
edge.market,fresh,emulated_probe,8.90365529218601,0.1096344707813991,2,0,,2,run.fixture.fixed.301,301,fixed,fixture,560,True,20
edge.market,fresh,emulated_probe,9.20780586536349,0.07921941346365102,2,0,,2,run.fixture.fixed.301,301,fixed,fixture,565,True,25
edge.market,fresh,emulated_probe,8.827207601058845,0.11727923989411548,2,0,,2,run.fixture.fixed.301,301,fixed,fixture,570,False,0
edge.market,fresh,emulated_probe,8.990218271548382,0.10097817284516175,2,0,,2,run.fixture.fixed.301,301,fixed,fixture,575,False,5
edge.market,fresh,emulated_probe,8.632138772010919,0.13678612279890812,2,0,,2,run.fixture.fixed.301,301,fixed,fixture,580,False,10
edge.market,fresh,emulated_probe,9.003212797961595,0.0996787202038405,2,0,,2,run.fixture.fixed.301,301,fixed,fixture,585,False,15
edge.market,fresh,emulated_probe,8.949572260092467,0.10504277399075335,2,0,,2,run.fixture.fixed.301,301,fixed,fixture,590,False,20
edge.market,fresh,emulated_probe,9.295264090669363,0.07047359093306371,2,0,,2,run.fixture.fixed.301,301,fixed,fixture,595,False,25
edge.market,fresh,emulated_probe,8.811268011316676,0.11887319886833247,2,0,,2,run.fixture.fixed.301,301,fixed,fixture,600,True,0
edge.market,fresh,emulated_probe,9.10067278154252,0.08993272184574796,2,0,,2,run.fixture.fixed.301,301,fixed,fixture,605,True,5
edge.market,fresh,emulated_probe,8.845458049670775,0.11545419503292254,2,0,,2,run.fixture.fixed.301,301,fixed,fixture,610,True,10
edge.market,fresh,emulated_probe,9.018164229543967,0.09818357704560332,2,0,,2,run.fixture.fixed.301,301,fixed,fixture,615,True,15
edge.market,fresh,emulated_probe,9.472246386212362,0.05277536137876382,2,0,,2,run.fixture.fixed.301,301,fixed,fixture,620,True,20
edge.market,fresh,emulated_probe,8.859401794881954,0.11405982051180463,2,0,,2,run.fixture.fixed.301,301,fixed,fixture,625,True,25
edge.market,fresh,emulated_probe,9.067382051898221,0.09326179481017793,2,0,,2,run.fixture.fixed.301,301,fixed,fixture,630,False,0
edge.market,fresh,emulated_probe,9.139191081351065,0.08608089186489354,2,0,,2,run.fixture.fixed.301,301,fixed,fixture,635,False,5
edge.market,fresh,emulated_probe,9.260888493943835,0.07391115060561648,2,0,,2,run.fixture.fixed.301,301,fixed,fixture,640,False,10
edge.market,fresh,emulated_probe,9.355189109845039,0.0644810890154961,2,0,,2,run.fixture.fixed.301,301,fixed,fixture,645,False,15
edge.market,fresh,emulated_probe,9.163169344684778,0.08368306553152216,2,0,,2,run.fixture.fixed.301,301,fixed,fixture,650,False,20
edge.market,fresh,emulated_probe,9.289892838649767,0.0710107161350233,2,0,,2,run.fixture.fixed.301,301,fixed,fixture,655,False,25
edge.market,fresh,emulated_probe,9.148941571116087,0.08510584288839129,2,0,,2,run.fixture.fixed.301,301,fixed,fixture,660,True,0
edge.market,fresh,emulated_probe,9.178103123231818,0.08218968767681822,2,0,,2,run.fixture.fixed.301,301,fixed,fixture,665,True,5
edge.market,fresh,emulated_probe,8.97704980542963,0.102295019457037,2,0,,2,run.fixture.fixed.301,301,fixed,fixture,670,True,10
edge.market,fresh,emulated_probe,9.155960347042392,0.08440396529576089,2,0,,2,run.fixture.fixed.301,301,fixed,fixture,675,True,15
edge.market,fresh,emulated_probe,8.979978162113024,0.10200218378869752,2,0,,2,run.fixture.fixed.301,301,fixed,fixture,680,True,20
edge.market,fresh,emulated_probe,8.946373241600607,0.1053626758399393,2,0,,2,run.fixture.fixed.301,301,fixed,fixture,685,True,25
edge.market,fresh,emulated_probe,8.868666965084454,0.1131333034915546,2,0,,2,run.fixture.fixed.301,301,fixed,fixture,690,False,0
edge.market,fresh,emulated_probe,9.193591137102874,0.08064088628971255,2,0,,2,run.fixture.fixed.301,301,fixed,fixture,695,False,5
edge.market,fresh,emulated_probe,8.902029168702072,0.10979708312979286,2,0,,2,run.fixture.fixed.301,301,fixed,fixture,700,False,10
edge.market,fresh,emulated_probe,8.86338465326985,0.11366153467301499,2,0,,2,run.fixture.fixed.301,301,fixed,fixture,705,False,15
edge.market,fresh,emulated_probe,8.672048638793711,0.13279513612062888,2,0,,2,run.fixture.fixed.301,301,fixed,fixture,710,False,20
edge.market,fresh,emulated_probe,9.089000560661901,0.09109994393380982,2,0,,2,run.fixture.fixed.301,301,fixed,fixture,715,False,25
edge.market,fresh,emulated_probe,9.084781202630003,0.09152187973699966,2,0,,2,run.fixture.fixed.301,301,fixed,fixture,720,True,0
edge.market,fresh,emulated_probe,9.068068177024006,0.09319318229759932,2,0,,2,run.fixture.fixed.301,301,fixed,fixture,725,True,5
edge.market,fresh,emulated_probe,9.008179161505435,0.09918208384945648,2,0,,2,run.fixture.fixed.301,301,fixed,fixture,730,True,10
edge.market,fresh,emulated_probe,8.958843192954765,0.10411568070452348,2,0,,2,run.fixture.fixed.301,301,fixed,fixture,735,True,15
edge.market,fresh,emulated_probe,9.01748897705891,0.09825110229410894,2,0,,2,run.fixture.fixed.301,301,fixed,fixture,740,True,20
edge.market,fresh,emulated_probe,9.35838308566738,0.06416169143326189,2,0,,2,run.fixture.fixed.301,301,fixed,fixture,745,True,25
edge.market,fresh,emulated_probe,9.22195661506482,0.07780433849351809,2,0,,2,run.fixture.fixed.301,301,fixed,fixture,750,False,0
edge.market,fresh,emulated_probe,9.08427993650151,0.09157200634984908,2,0,,2,run.fixture.fixed.301,301,fixed,fixture,755,False,5
edge.market,fresh,emulated_probe,9.09394161639428,0.0906058383605719,2,0,,2,run.fixture.fixed.301,301,fixed,fixture,760,False,10
edge.market,fresh,emulated_probe,9.080478725811938,0.0919521274188062,2,0,,2,run.fixture.fixed.301,301,fixed,fixture,765,False,15
edge.market,fresh,emulated_probe,8.953182365814278,0.10468176341857216,2,0,,2,run.fixture.fixed.301,301,fixed,fixture,770,False,20
edge.market,fresh,emulated_probe,9.039845028350967,0.09601549716490321,2,0,,2,run.fixture.fixed.301,301,fixed,fixture,775,False,25
edge.market,fresh,emulated_probe,9.303422864542949,0.06965771354570516,2,0,,2,run.fixture.fixed.301,301,fixed,fixture,780,True,0
edge.market,fresh,emulated_probe,8.700496942026945,0.1299503057973055,2,0,,2,run.fixture.fixed.301,301,fixed,fixture,785,True,5
edge.market,fresh,emulated_probe,8.96936675232484,0.103063324767516,2,0,,2,run.fixture.fixed.301,301,fixed,fixture,790,True,10
edge.market,fresh,emulated_probe,9.003017265526548,0.09969827344734516,2,0,,2,run.fixture.fixed.301,301,fixed,fixture,795,True,15
edge.market,fresh,emulated_probe,8.925705111919498,0.10742948880805014,2,0,,2,run.fixture.fixed.301,301,fixed,fixture,800,True,20
edge.market,fresh,emulated_probe,9.087946444608834,0.09120535553911657,2,0,,2,run.fixture.fixed.301,301,fixed,fixture,805,True,25
edge.market,fresh,emulated_probe,8.97223147126937,0.10277685287306304,2,0,,2,run.fixture.fixed.301,301,fixed,fixture,810,False,0
edge.market,fresh,emulated_probe,9.063207523208384,0.09367924767916169,2,0,,2,run.fixture.fixed.301,301,fixed,fixture,815,False,5
edge.market,fresh,emulated_probe,8.739081233444884,0.1260918766555117,2,0,,2,run.fixture.fixed.301,301,fixed,fixture,820,False,10
edge.market,fresh,emulated_probe,8.853682642306126,0.11463173576938746,2,0,,2,run.fixture.fixed.301,301,fixed,fixture,825,False,15
edge.market,fresh,emulated_probe,8.860990260956639,0.11390097390433618,2,0,,2,run.fixture.fixed.301,301,fixed,fixture,830,False,20
edge.market,fresh,emulated_probe,8.938795015360434,0.10612049846395666,2,0,,2,run.fixture.fixed.301,301,fixed,fixture,835,False,25
edge.market,fresh,emulated_probe,8.836281947202673,0.11637180527973268,2,0,,2,run.fixture.fixed.301,301,fixed,fixture,840,True,0
edge.market,fresh,emulated_probe,8.96277548104651,0.10372245189534901,2,0,,2,run.fixture.fixed.301,301,fixed,fixture,845,True,5
edge.market,fresh,emulated_probe,9.000443598649808,0.09995564013501923,2,0,,2,run.fixture.fixed.301,301,fixed,fixture,850,True,10
edge.market,fresh,emulated_probe,9.173412397637017,0.08265876023629826,2,0,,2,run.fixture.fixed.301,301,fixed,fixture,855,True,15
edge.market,fresh,emulated_probe,8.925115808813189,0.10748841911868112,2,0,,2,run.fixture.fixed.301,301,fixed,fixture,860,True,20
edge.market,fresh,emulated_probe,8.659011867676426,0.1340988132323574,2,0,,2,run.fixture.fixed.301,301,fixed,fixture,865,True,25
edge.market,fresh,emulated_probe,8.785170443594417,0.12148295564055833,2,0,,2,run.fixture.fixed.301,301,fixed,fixture,870,False,0
edge.market,fresh,emulated_probe,9.066513083760679,0.09334869162393211,2,0,,2,run.fixture.fixed.301,301,fixed,fixture,875,False,5
edge.market,fresh,emulated_probe,9.043927705582275,0.09560722944177247,2,0,,2,run.fixture.fixed.301,301,fixed,fixture,880,False,10
edge.market,fresh,emulated_probe,9.046335117668102,0.09536648823318983,2,0,,2,run.fixture.fixed.301,301,fixed,fixture,885,False,15
edge.market,fresh,emulated_probe,9.077729742530352,0.09222702574696484,2,0,,2,run.fixture.fixed.301,301,fixed,fixture,890,False,20
edge.market,fresh,emulated_probe,9.04795627227708,0.09520437277229199,2,0,,2,run.fixture.fixed.301,301,fixed,fixture,895,False,25
edge.market,fresh,emulated_probe,8.97926152834832,0.10207384716516787,2,0,,2,run.fixture.fixed.301,301,fixed,fixture,900,True,0
edge.market,fresh,emulated_probe,9.381003969892223,0.06189960301077768,2,0,,2,run.fixture.fixed.302,302,fixed,fixture,0,True,0
edge.market,fresh,emulated_probe,9.079401645329735,0.09205983546702645,2,0,,2,run.fixture.fixed.302,302,fixed,fixture,5,True,5
edge.market,fresh,emulated_probe,8.60700435729845,0.139299564270155,2,0,,2,run.fixture.fixed.302,302,fixed,fixture,10,True,10
edge.market,fresh,emulated_probe,8.627531372825192,0.13724686271748077,2,0,,2,run.fixture.fixed.302,302,fixed,fixture,15,True,15
edge.market,fresh,emulated_probe,8.748383602252296,0.12516163977477035,2,0,,2,run.fixture.fixed.302,302,fixed,fixture,20,True,20
edge.market,fresh,emulated_probe,9.379412584489963,0.06205874155100377,2,0,,2,run.fixture.fixed.302,302,fixed,fixture,25,True,25
edge.market,fresh,emulated_probe,9.14145782211104,0.08585421778889601,2,0,,2,run.fixture.fixed.302,302,fixed,fixture,30,False,0
edge.market,fresh,emulated_probe,8.9113593255883,0.10886406744116994,2,0,,2,run.fixture.fixed.302,302,fixed,fixture,35,False,5
edge.market,fresh,emulated_probe,9.069386314981688,0.09306136850183111,2,0,,2,run.fixture.fixed.302,302,fixed,fixture,40,False,10
edge.market,fresh,emulated_probe,8.89888335557369,0.1101116644426311,2,0,,2,run.fixture.fixed.302,302,fixed,fixture,45,False,15
edge.market,fresh,emulated_probe,8.736570962458185,0.12634290375418156,2,0,,2,run.fixture.fixed.302,302,fixed,fixture,50,False,20
edge.market,fresh,emulated_probe,9.020626920520971,0.0979373079479029,2,0,,2,run.fixture.fixed.302,302,fixed,fixture,55,False,25
edge.market,fresh,emulated_probe,9.065158662703892,0.09348413372961084,2,0,,2,run.fixture.fixed.302,302,fixed,fixture,60,True,0
edge.market,fresh,emulated_probe,8.904633587895358,0.10953664121046425,2,0,,2,run.fixture.fixed.302,302,fixed,fixture,65,True,5
edge.market,fresh,emulated_probe,9.125505682273868,0.08744943177261322,2,0,,2,run.fixture.fixed.302,302,fixed,fixture,70,True,10
edge.market,fresh,emulated_probe,8.926480781442926,0.10735192185570741,2,0,,2,run.fixture.fixed.302,302,fixed,fixture,75,True,15
edge.market,fresh,emulated_probe,9.09466197047309,0.09053380295269098,2,0,,2,run.fixture.fixed.302,302,fixed,fixture,80,True,20
edge.market,fresh,emulated_probe,8.951871586540964,0.10481284134590363,2,0,,2,run.fixture.fixed.302,302,fixed,fixture,85,True,25
edge.market,fresh,emulated_probe,8.96247854574193,0.10375214542580691,2,0,,2,run.fixture.fixed.302,302,fixed,fixture,90,False,0
edge.market,fresh,emulated_probe,9.028992967107385,0.09710070328926146,2,0,,2,run.fixture.fixed.302,302,fixed,fixture,95,False,5
edge.market,fresh,emulated_probe,8.931338617404233,0.10686613825957669,2,0,,2,run.fixture.fixed.302,302,fixed,fixture,100,False,10
edge.market,fresh,emulated_probe,9.149275288112605,0.0850724711887395,2,0,,2,run.fixture.fixed.302,302,fixed,fixture,105,False,15
edge.market,fresh,emulated_probe,8.994836434874788,0.10051635651252122,2,0,,2,run.fixture.fixed.302,302,fixed,fixture,110,False,20
edge.market,fresh,emulated_probe,9.529343791281757,0.04706562087182431,2,0,,2,run.fixture.fixed.302,302,fixed,fixture,115,False,25
edge.market,fresh,emulated_probe,9.042079649552477,0.09579203504475231,2,0,,2,run.fixture.fixed.302,302,fixed,fixture,120,True,0
edge.market,fresh,emulated_probe,9.112487206641504,0.08875127933584959,2,0,,2,run.fixture.fixed.302,302,fixed,fixture,125,True,5
edge.market,fresh,emulated_probe,9.363614891892766,0.06363851081072336,2,0,,2,run.fixture.fixed.302,302,fixed,fixture,130,True,10
edge.market,fresh,emulated_probe,9.275771374293342,0.07242286257066577,2,0,,2,run.fixture.fixed.302,302,fixed,fixture,135,True,15
edge.market,fresh,emulated_probe,9.132963603777073,0.08670363962229266,2,0,,2,run.fixture.fixed.302,302,fixed,fixture,140,True,20
edge.market,fresh,emulated_probe,8.92037982568606,0.107962017431394,2,0,,2,run.fixture.fixed.302,302,fixed,fixture,145,True,25
edge.market,fresh,emulated_probe,9.28371453038892,0.07162854696110799,2,0,,2,run.fixture.fixed.302,302,fixed,fixture,150,False,0
edge.market,fresh,emulated_probe,9.09798081937938,0.09020191806206201,2,0,,2,run.fixture.fixed.302,302,fixed,fixture,155,False,5
edge.market,fresh,emulated_probe,8.911146235566845,0.10888537644331553,2,0,,2,run.fixture.fixed.302,302,fixed,fixture,160,False,10
edge.market,fresh,emulated_probe,9.214138493024373,0.0785861506975627,2,0,,2,run.fixture.fixed.302,302,fixed,fixture,165,False,15
edge.market,fresh,emulated_probe,9.248530582512993,0.07514694174870074,2,0,,2,run.fixture.fixed.302,302,fixed,fixture,170,False,20
edge.market,fresh,emulated_probe,9.084691852993775,0.09153081470062252,2,0,,2,run.fixture.fixed.302,302,fixed,fixture,175,False,25
edge.market,fresh,emulated_probe,9.17135554043988,0.08286444595601206,2,0,,2,run.fixture.fixed.302,302,fixed,fixture,180,True,0
edge.market,fresh,emulated_probe,9.036881746283825,0.09631182537161753,2,0,,2,run.fixture.fixed.302,302,fixed,fixture,185,True,5
edge.market,fresh,emulated_probe,8.771824047748394,0.12281759522516056,2,0,,2,run.fixture.fixed.302,302,fixed,fixture,190,True,10
edge.market,fresh,emulated_probe,8.747951225626501,0.12520487743734987,2,0,,2,run.fixture.fixed.302,302,fixed,fixture,195,True,15
edge.market,fresh,emulated_probe,8.914822691734386,0.10851773082656135,2,0,,2,run.fixture.fixed.302,302,fixed,fixture,200,True,20
edge.market,fresh,emulated_probe,8.277600681471979,0.17223993185280206,2,0,,2,run.fixture.fixed.302,302,fixed,fixture,205,True,25
edge.market,fresh,emulated_probe,8.314636172266614,0.1685363827733386,2,0,,2,run.fixture.fixed.302,302,fixed,fixture,210,False,0
edge.market,fresh,emulated_probe,7.917524191679307,0.2082475808320693,2,0,,2,run.fixture.fixed.302,302,fixed,fixture,215,False,5
edge.market,fresh,emulated_probe,7.9091015503988915,0.20908984496011085,2,0,,2,run.fixture.fixed.302,302,fixed,fixture,220,False,10
edge.market,fresh,emulated_probe,7.741311767328584,0.22586882326714153,2,0,,2,run.fixture.fixed.302,302,fixed,fixture,225,False,15
edge.market,fresh,emulated_probe,7.4682975285982085,0.2531702471401791,2,0,,2,run.fixture.fixed.302,302,fixed,fixture,230,False,20
edge.market,fresh,emulated_probe,7.305590491509465,0.2694409508490535,2,0,,2,run.fixture.fixed.302,302,fixed,fixture,235,False,25
edge.market,fresh,emulated_probe,7.107292333524599,0.28927076664754003,2,0,,2,run.fixture.fixed.302,302,fixed,fixture,240,True,0
edge.market,fresh,emulated_probe,6.982669489961275,0.3017330510038725,2,0,,2,run.fixture.fixed.302,302,fixed,fixture,245,True,5
edge.market,fresh,emulated_probe,6.7172793093941285,0.32827206906058715,2,0,,2,run.fixture.fixed.302,302,fixed,fixture,250,True,10
edge.market,fresh,emulated_probe,6.460115588195441,0.3539884411804559,2,0,,2,run.fixture.fixed.302,302,fixed,fixture,255,True,15
edge.market,fresh,emulated_probe,6.6107563062357055,0.33892436937642945,2,0,,2,run.fixture.fixed.302,302,fixed,fixture,260,True,20
edge.market,fresh,emulated_probe,6.235773675837363,0.3764226324162637,2,0,,2,run.fixture.fixed.302,302,fixed,fixture,265,True,25
edge.market,fresh,emulated_probe,6.1464058762098235,0.3853594123790176,2,0,,2,run.fixture.fixed.302,302,fixed,fixture,270,False,0
edge.market,fresh,emulated_probe,5.916073110083994,0.4083926889916005,2,0,,2,run.fixture.fixed.302,302,fixed,fixture,275,False,5
edge.market,fresh,emulated_probe,5.753858443622768,0.4246141556377232,2,0,,2,run.fixture.fixed.302,302,fixed,fixture,280,False,10
edge.market,fresh,emulated_probe,5.526007050905902,0.4473992949094099,2,0,,2,run.fixture.fixed.302,302,fixed,fixture,285,False,15
edge.market,fresh,emulated_probe,5.199680212610481,0.48003197873895187,2,0,,2,run.fixture.fixed.302,302,fixed,fixture,290,False,20
edge.market,fresh,emulated_probe,5.259580946662597,0.47404190533374035,2,0,,2,run.fixture.fixed.302,302,fixed,fixture,295,False,25
edge.market,fresh,emulated_probe,5.259580946662597,0.47404190533374035,2,5,,2,run.fixture.fixed.302,302,fixed,fixture,300,True,0
edge.market,fresh,emulated_probe,5.259580946662597,0.47404190533374035,2,10,,2,run.fixture.fixed.302,302,fixed,fixture,305,True,5
edge.market,fresh,emulated_probe,5.259580946662597,0.47404190533374035,2,15,,2,run.fixture.fixed.302,302,fixed,fixture,310,True,10
edge.market,stale,,,,2,20,,0,run.fixture.fixed.302,302,fixed,fixture,315,True,15
edge.market,stale,,,,2,25,,0,run.fixture.fixed.302,302,fixed,fixture,320,True,20
edge.market,stale,,,,2,30,,0,run.fixture.fixed.302,302,fixed,fixture,325,True,25
edge.market,stale,,,,2,35,,0,run.fixture.fixed.302,302,fixed,fixture,330,False,0
edge.market,stale,,,,2,40,,0,run.fixture.fixed.302,302,fixed,fixture,335,False,5
edge.market,stale,,,,2,45,,0,run.fixture.fixed.302,302,fixed,fixture,340,False,10
edge.market,stale,,,,2,50,,0,run.fixture.fixed.302,302,fixed,fixture,345,False,15
edge.market,stale,,,,2,55,,0,run.fixture.fixed.302,302,fixed,fixture,350,False,20
edge.market,fresh,emulated_probe,3.059045422076357,0.6940954577923643,2,0,,2,run.fixture.fixed.302,302,fixed,fixture,355,False,25
edge.market,fresh,emulated_probe,2.731106200239749,0.7268893799760251,2,0,,2,run.fixture.fixed.302,302,fixed,fixture,360,True,0
edge.market,fresh,emulated_probe,2.8476093837528245,0.7152390616247175,2,0,,2,run.fixture.fixed.302,302,fixed,fixture,365,True,5
edge.market,fresh,emulated_probe,2.5709633402549708,0.742903665974503,2,0,,2,run.fixture.fixed.302,302,fixed,fixture,370,True,10
edge.market,fresh,emulated_probe,2.517983908227216,0.7482016091772784,2,0,,2,run.fixture.fixed.302,302,fixed,fixture,375,True,15
edge.market,fresh,emulated_probe,2.1947771180282616,0.7805222881971738,2,0,,2,run.fixture.fixed.302,302,fixed,fixture,380,True,20
edge.market,fresh,emulated_probe,1.7507675667211324,0.8249232433278868,2,0,,2,run.fixture.fixed.302,302,fixed,fixture,385,True,25
edge.market,fresh,emulated_probe,2.1424426664459273,0.7857557333554073,2,0,,2,run.fixture.fixed.302,302,fixed,fixture,390,False,0
edge.market,fresh,emulated_probe,2.0058609817351893,0.7994139018264811,2,0,,2,run.fixture.fixed.302,302,fixed,fixture,395,False,5
edge.market,fresh,emulated_probe,1.475761411080137,0.8524238588919864,2,0,,2,run.fixture.fixed.302,302,fixed,fixture,400,False,10
edge.market,fresh,emulated_probe,1.1911770414210872,0.8808822958578912,2,0,,2,run.fixture.fixed.302,302,fixed,fixture,405,False,15
edge.market,fresh,emulated_probe,1.345643159294173,0.8654356840705827,2,0,,2,run.fixture.fixed.302,302,fixed,fixture,410,False,20
edge.market,fresh,emulated_probe,1.0023518044880741,0.8997648195511926,2,0,,2,run.fixture.fixed.302,302,fixed,fixture,415,False,25
edge.market,fresh,emulated_probe,1.3572075753216717,0.8642792424678328,2,0,,2,run.fixture.fixed.302,302,fixed,fixture,420,True,0
edge.market,fresh,emulated_probe,0.9618171280511117,0.9038182871948888,2,0,,2,run.fixture.fixed.302,302,fixed,fixture,425,True,5
edge.market,fresh,emulated_probe,1.1791079756203915,0.8820892024379609,2,0,,2,run.fixture.fixed.302,302,fixed,fixture,430,True,10
edge.market,fresh,emulated_probe,0.9458285504081326,0.9054171449591868,2,0,,2,run.fixture.fixed.302,302,fixed,fixture,435,True,15
edge.market,fresh,emulated_probe,0.834108907650209,0.9165891092349792,2,0,,2,run.fixture.fixed.302,302,fixed,fixture,440,True,20
edge.market,fresh,emulated_probe,0.9886552818202576,0.9011344718179742,2,0,,2,run.fixture.fixed.302,302,fixed,fixture,445,True,25
edge.market,fresh,emulated_probe,0.8769985216432008,0.9123001478356799,2,0,,2,run.fixture.fixed.302,302,fixed,fixture,450,False,0
edge.market,fresh,emulated_probe,0.917397144554275,0.9082602855445725,2,0,,2,run.fixture.fixed.302,302,fixed,fixture,455,False,5
edge.market,fresh,emulated_probe,0.8922178552105803,0.910778214478942,2,0,,2,run.fixture.fixed.302,302,fixed,fixture,460,False,10
edge.market,fresh,emulated_probe,1.2154673240239688,0.8784532675976031,2,0,,2,run.fixture.fixed.302,302,fixed,fixture,465,False,15
edge.market,fresh,emulated_probe,1.030563714318643,0.8969436285681357,2,0,,2,run.fixture.fixed.302,302,fixed,fixture,470,False,20
edge.market,fresh,emulated_probe,1.6165607983425718,0.8383439201657428,2,0,,2,run.fixture.fixed.302,302,fixed,fixture,475,False,25
edge.market,fresh,emulated_probe,2.049129464456961,0.7950870535543039,2,0,,2,run.fixture.fixed.302,302,fixed,fixture,480,True,0
edge.market,fresh,emulated_probe,2.6180862805612226,0.7381913719438777,2,0,,2,run.fixture.fixed.302,302,fixed,fixture,485,True,5
edge.market,fresh,emulated_probe,2.7793574383410897,0.722064256165891,2,0,,2,run.fixture.fixed.302,302,fixed,fixture,490,True,10
edge.market,fresh,emulated_probe,3.223557319004363,0.6776442680995637,2,0,,2,run.fixture.fixed.302,302,fixed,fixture,495,True,15
edge.market,fresh,emulated_probe,3.5317500127950288,0.6468249987204971,2,0,,2,run.fixture.fixed.302,302,fixed,fixture,500,True,20
edge.market,fresh,emulated_probe,3.848365814089555,0.6151634185910445,2,0,,2,run.fixture.fixed.302,302,fixed,fixture,505,True,25
edge.market,fresh,emulated_probe,4.4177112097248425,0.5582288790275157,2,0,,2,run.fixture.fixed.302,302,fixed,fixture,510,False,0
edge.market,fresh,emulated_probe,4.6579335024611535,0.5342066497538847,2,0,,2,run.fixture.fixed.302,302,fixed,fixture,515,False,5
edge.market,fresh,emulated_probe,5.342947014410743,0.4657052985589256,2,0,,2,run.fixture.fixed.302,302,fixed,fixture,520,False,10
edge.market,fresh,emulated_probe,5.558731649972579,0.4441268350027421,2,0,,2,run.fixture.fixed.302,302,fixed,fixture,525,False,15
edge.market,fresh,emulated_probe,5.8300605445393465,0.4169939455460654,2,0,,2,run.fixture.fixed.302,302,fixed,fixture,530,False,20
edge.market,fresh,emulated_probe,6.518331161326632,0.34816688386733685,2,0,,2,run.fixture.fixed.302,302,fixed,fixture,535,False,25
edge.market,fresh,emulated_probe,6.741832075644318,0.32581679243556816,2,0,,2,run.fixture.fixed.302,302,fixed,fixture,540,True,0
edge.market,fresh,emulated_probe,7.071163726480753,0.29288362735192464,2,0,,2,run.fixture.fixed.302,302,fixed,fixture,545,True,5
edge.market,fresh,emulated_probe,7.677662204630632,0.2322337795369368,2,0,,2,run.fixture.fixed.302,302,fixed,fixture,550,True,10
edge.market,fresh,emulated_probe,8.048437221513854,0.19515627784861456,2,0,,2,run.fixture.fixed.302,302,fixed,fixture,555,True,15
edge.market,fresh,emulated_probe,8.450002481669646,0.15499975183303538,2,0,,2,run.fixture.fixed.302,302,fixed,fixture,560,True,20
edge.market,fresh,emulated_probe,8.85177751964981,0.11482224803501906,2,0,,2,run.fixture.fixed.302,302,fixed,fixture,565,True,25
edge.market,fresh,emulated_probe,9.12322893599421,0.08767710640057902,2,0,,2,run.fixture.fixed.302,302,fixed,fixture,570,False,0
edge.market,fresh,emulated_probe,8.974906435752127,0.10250935642478731,2,0,,2,run.fixture.fixed.302,302,fixed,fixture,575,False,5
edge.market,fresh,emulated_probe,8.991576453299917,0.10084235467000835,2,0,,2,run.fixture.fixed.302,302,fixed,fixture,580,False,10
edge.market,fresh,emulated_probe,9.191281922666366,0.08087180773336333,2,0,,2,run.fixture.fixed.302,302,fixed,fixture,585,False,15
edge.market,fresh,emulated_probe,8.609616076647299,0.13903839233527004,2,0,,2,run.fixture.fixed.302,302,fixed,fixture,590,False,20
edge.market,fresh,emulated_probe,8.842785430831679,0.11572145691683211,2,0,,2,run.fixture.fixed.302,302,fixed,fixture,595,False,25
edge.market,fresh,emulated_probe,9.220602003621153,0.07793979963788478,2,0,,2,run.fixture.fixed.302,302,fixed,fixture,600,True,0
edge.market,fresh,emulated_probe,8.751710768231458,0.12482892317685423,2,0,,2,run.fixture.fixed.302,302,fixed,fixture,605,True,5
edge.market,fresh,emulated_probe,8.79216757125473,0.12078324287452702,2,0,,2,run.fixture.fixed.302,302,fixed,fixture,610,True,10
edge.market,fresh,emulated_probe,9.07021692961305,0.09297830703869503,2,0,,2,run.fixture.fixed.302,302,fixed,fixture,615,True,15
edge.market,fresh,emulated_probe,9.028915475787421,0.09710845242125787,2,0,,2,run.fixture.fixed.302,302,fixed,fixture,620,True,20
edge.market,fresh,emulated_probe,8.840944413692801,0.11590555863071983,2,0,,2,run.fixture.fixed.302,302,fixed,fixture,625,True,25
edge.market,fresh,emulated_probe,9.305682206828926,0.06943177931710731,2,0,,2,run.fixture.fixed.302,302,fixed,fixture,630,False,0
edge.market,fresh,emulated_probe,8.950763876011813,0.10492361239881876,2,0,,2,run.fixture.fixed.302,302,fixed,fixture,635,False,5
edge.market,fresh,emulated_probe,9.175868185404742,0.08241318145952581,2,0,,2,run.fixture.fixed.302,302,fixed,fixture,640,False,10
edge.market,fresh,emulated_probe,9.227844825144217,0.07721551748557831,2,0,,2,run.fixture.fixed.302,302,fixed,fixture,645,False,15
edge.market,fresh,emulated_probe,9.057472969077939,0.09425270309220612,2,0,,2,run.fixture.fixed.302,302,fixed,fixture,650,False,20
edge.market,fresh,emulated_probe,9.018652219129418,0.09813477808705817,2,0,,2,run.fixture.fixed.302,302,fixed,fixture,655,False,25
edge.market,fresh,emulated_probe,8.804373784461479,0.11956262155385211,2,0,,2,run.fixture.fixed.302,302,fixed,fixture,660,True,0
edge.market,fresh,emulated_probe,9.161429908237881,0.08385700917621186,2,0,,2,run.fixture.fixed.302,302,fixed,fixture,665,True,5
edge.market,fresh,emulated_probe,9.09955982993782,0.09004401700621789,2,0,,2,run.fixture.fixed.302,302,fixed,fixture,670,True,10
edge.market,fresh,emulated_probe,8.77411644038827,0.12258835596117312,2,0,,2,run.fixture.fixed.302,302,fixed,fixture,675,True,15
edge.market,fresh,emulated_probe,8.96975836829827,0.10302416317017293,2,0,,2,run.fixture.fixed.302,302,fixed,fixture,680,True,20
edge.market,fresh,emulated_probe,8.925433025401308,0.10745669745986919,2,0,,2,run.fixture.fixed.302,302,fixed,fixture,685,True,25
edge.market,fresh,emulated_probe,8.810958173921719,0.11890418260782809,2,0,,2,run.fixture.fixed.302,302,fixed,fixture,690,False,0
edge.market,fresh,emulated_probe,9.257275341019986,0.0742724658980014,2,0,,2,run.fixture.fixed.302,302,fixed,fixture,695,False,5
edge.market,fresh,emulated_probe,9.436028277160904,0.05639717228390961,2,0,,2,run.fixture.fixed.302,302,fixed,fixture,700,False,10
edge.market,fresh,emulated_probe,9.002821589732033,0.0997178410267967,2,0,,2,run.fixture.fixed.302,302,fixed,fixture,705,False,15
edge.market,fresh,emulated_probe,8.849931340578546,0.11500686594214538,2,0,,2,run.fixture.fixed.302,302,fixed,fixture,710,False,20
edge.market,fresh,emulated_probe,8.960432290703856,0.1039567709296143,2,0,,2,run.fixture.fixed.302,302,fixed,fixture,715,False,25
edge.market,fresh,emulated_probe,8.944691292544352,0.10553087074556478,2,0,,2,run.fixture.fixed.302,302,fixed,fixture,720,True,0
edge.market,fresh,emulated_probe,9.059411416634358,0.09405885833656424,2,0,,2,run.fixture.fixed.302,302,fixed,fixture,725,True,5
edge.market,fresh,emulated_probe,9.036274025890126,0.09637259741098736,2,0,,2,run.fixture.fixed.302,302,fixed,fixture,730,True,10
edge.market,fresh,emulated_probe,8.791154438876479,0.12088455611235216,2,0,,2,run.fixture.fixed.302,302,fixed,fixture,735,True,15
edge.market,fresh,emulated_probe,8.994708938185424,0.1005291061814576,2,0,,2,run.fixture.fixed.302,302,fixed,fixture,740,True,20
edge.market,fresh,emulated_probe,8.919743846254903,0.10802561537450972,2,0,,2,run.fixture.fixed.302,302,fixed,fixture,745,True,25
edge.market,fresh,emulated_probe,8.57264215247346,0.14273578475265403,2,0,,2,run.fixture.fixed.302,302,fixed,fixture,750,False,0
edge.market,fresh,emulated_probe,8.897626167588339,0.11023738324116616,2,0,,2,run.fixture.fixed.302,302,fixed,fixture,755,False,5
edge.market,fresh,emulated_probe,8.899264915020202,0.11007350849797981,2,0,,2,run.fixture.fixed.302,302,fixed,fixture,760,False,10
edge.market,fresh,emulated_probe,9.12354155971395,0.08764584402860509,2,0,,2,run.fixture.fixed.302,302,fixed,fixture,765,False,15
edge.market,fresh,emulated_probe,8.868560230384341,0.11314397696156586,2,0,,2,run.fixture.fixed.302,302,fixed,fixture,770,False,20
edge.market,fresh,emulated_probe,9.089958807250557,0.09100411927494423,2,0,,2,run.fixture.fixed.302,302,fixed,fixture,775,False,25
edge.market,fresh,emulated_probe,9.306000457181774,0.06939995428182255,2,0,,2,run.fixture.fixed.302,302,fixed,fixture,780,True,0
edge.market,fresh,emulated_probe,8.884770016189815,0.11152299838101842,2,0,,2,run.fixture.fixed.302,302,fixed,fixture,785,True,5
edge.market,fresh,emulated_probe,8.773076698513247,0.12269233014867531,2,0,,2,run.fixture.fixed.302,302,fixed,fixture,790,True,10
edge.market,fresh,emulated_probe,8.866892382279826,0.11331076177201749,2,0,,2,run.fixture.fixed.302,302,fixed,fixture,795,True,15
edge.market,fresh,emulated_probe,9.05829411949085,0.09417058805091505,2,0,,2,run.fixture.fixed.302,302,fixed,fixture,800,True,20
edge.market,fresh,emulated_probe,8.942360502934068,0.1057639497065932,2,0,,2,run.fixture.fixed.302,302,fixed,fixture,805,True,25
edge.market,fresh,emulated_probe,9.055878549440877,0.09441214505591233,2,0,,2,run.fixture.fixed.302,302,fixed,fixture,810,False,0
edge.market,fresh,emulated_probe,9.038212169884957,0.09617878301150429,2,0,,2,run.fixture.fixed.302,302,fixed,fixture,815,False,5
edge.market,fresh,emulated_probe,9.00104082498249,0.09989591750175109,2,0,,2,run.fixture.fixed.302,302,fixed,fixture,820,False,10
edge.market,fresh,emulated_probe,9.258161842043606,0.07418381579563937,2,0,,2,run.fixture.fixed.302,302,fixed,fixture,825,False,15
edge.market,fresh,emulated_probe,9.233361037505023,0.07666389624949765,2,0,,2,run.fixture.fixed.302,302,fixed,fixture,830,False,20
edge.market,fresh,emulated_probe,9.03827082617785,0.096172917382215,2,0,,2,run.fixture.fixed.302,302,fixed,fixture,835,False,25
edge.market,fresh,emulated_probe,8.872114404388814,0.11278855956111866,2,0,,2,run.fixture.fixed.302,302,fixed,fixture,840,True,0
edge.market,fresh,emulated_probe,9.116841977357087,0.08831580226429137,2,0,,2,run.fixture.fixed.302,302,fixed,fixture,845,True,5
edge.market,fresh,emulated_probe,8.901717261752133,0.10982827382478677,2,0,,2,run.fixture.fixed.302,302,fixed,fixture,850,True,10
edge.market,fresh,emulated_probe,8.97652864075214,0.10234713592478606,2,0,,2,run.fixture.fixed.302,302,fixed,fixture,855,True,15
edge.market,fresh,emulated_probe,9.165072244793237,0.08349277552067635,2,0,,2,run.fixture.fixed.302,302,fixed,fixture,860,True,20
edge.market,fresh,emulated_probe,9.039922663812847,0.09600773361871529,2,0,,2,run.fixture.fixed.302,302,fixed,fixture,865,True,25
edge.market,fresh,emulated_probe,9.047267873668753,0.09527321263312472,2,0,,2,run.fixture.fixed.302,302,fixed,fixture,870,False,0
edge.market,fresh,emulated_probe,8.88938611374002,0.11106138862599801,2,0,,2,run.fixture.fixed.302,302,fixed,fixture,875,False,5
edge.market,fresh,emulated_probe,9.038948618937725,0.09610513810622745,2,0,,2,run.fixture.fixed.302,302,fixed,fixture,880,False,10
edge.market,fresh,emulated_probe,8.8402169548957,0.11597830451043001,2,0,,2,run.fixture.fixed.302,302,fixed,fixture,885,False,15
edge.market,fresh,emulated_probe,8.74931775433053,0.125068224566947,2,0,,2,run.fixture.fixed.302,302,fixed,fixture,890,False,20
edge.market,fresh,emulated_probe,9.10182677629501,0.089817322370499,2,0,,2,run.fixture.fixed.302,302,fixed,fixture,895,False,25
edge.market,fresh,emulated_probe,9.008960688758714,0.09910393112412863,2,0,,2,run.fixture.fixed.302,302,fixed,fixture,900,True,0
edge.market,fresh,emulated_probe,9.165101422610345,0.08348985773896556,2,0,,2,run.fixture.fixed.303,303,fixed,fixture,0,True,0
edge.market,fresh,emulated_probe,9.055171762727124,0.09448282372728767,2,0,,2,run.fixture.fixed.303,303,fixed,fixture,5,True,5
edge.market,fresh,emulated_probe,8.928030001141636,0.10719699988583642,2,0,,2,run.fixture.fixed.303,303,fixed,fixture,10,True,10
edge.market,fresh,emulated_probe,9.290907231193305,0.0709092768806695,2,0,,2,run.fixture.fixed.303,303,fixed,fixture,15,True,15
edge.market,fresh,emulated_probe,9.095344278446584,0.09046557215534157,2,0,,2,run.fixture.fixed.303,303,fixed,fixture,20,True,20
edge.market,fresh,emulated_probe,8.96497812406497,0.10350218759350294,2,0,,2,run.fixture.fixed.303,303,fixed,fixture,25,True,25
edge.market,fresh,emulated_probe,8.666851915909692,0.13331480840903076,2,0,,2,run.fixture.fixed.303,303,fixed,fixture,30,False,0
edge.market,fresh,emulated_probe,9.486055955160062,0.051394404483993794,2,0,,2,run.fixture.fixed.303,303,fixed,fixture,35,False,5
edge.market,fresh,emulated_probe,8.840185283213454,0.11598147167865458,2,0,,2,run.fixture.fixed.303,303,fixed,fixture,40,False,10
edge.market,fresh,emulated_probe,9.006093310739267,0.09939066892607329,2,0,,2,run.fixture.fixed.303,303,fixed,fixture,45,False,15
edge.market,fresh,emulated_probe,9.056944766453837,0.09430552335461628,2,0,,2,run.fixture.fixed.303,303,fixed,fixture,50,False,20
edge.market,fresh,emulated_probe,8.774713420950839,0.12252865790491607,2,0,,2,run.fixture.fixed.303,303,fixed,fixture,55,False,25
edge.market,fresh,emulated_probe,9.079702669621778,0.09202973303782225,2,0,,2,run.fixture.fixed.303,303,fixed,fixture,60,True,0
edge.market,fresh,emulated_probe,8.879847008169026,0.11201529918309738,2,0,,2,run.fixture.fixed.303,303,fixed,fixture,65,True,5
edge.market,fresh,emulated_probe,9.248446484778032,0.07515535152219677,2,0,,2,run.fixture.fixed.303,303,fixed,fixture,70,True,10
edge.market,fresh,emulated_probe,8.731626185923817,0.12683738140761824,2,0,,2,run.fixture.fixed.303,303,fixed,fixture,75,True,15
edge.market,fresh,emulated_probe,9.087102032619462,0.09128979673805371,2,0,,2,run.fixture.fixed.303,303,fixed,fixture,80,True,20
edge.market,fresh,emulated_probe,8.967040053762098,0.10329599462379024,2,0,,2,run.fixture.fixed.303,303,fixed,fixture,85,True,25
edge.market,fresh,emulated_probe,8.99654848073224,0.10034515192677596,2,0,,2,run.fixture.fixed.303,303,fixed,fixture,90,False,0
edge.market,fresh,emulated_probe,9.137559022173608,0.0862440977826392,2,0,,2,run.fixture.fixed.303,303,fixed,fixture,95,False,5
edge.market,fresh,emulated_probe,9.473845384871424,0.052615461512857564,2,0,,2,run.fixture.fixed.303,303,fixed,fixture,100,False,10
edge.market,fresh,emulated_probe,8.947234609018883,0.10527653909811163,2,0,,2,run.fixture.fixed.303,303,fixed,fixture,105,False,15
edge.market,fresh,emulated_probe,9.035901999565887,0.09640980004341126,2,0,,2,run.fixture.fixed.303,303,fixed,fixture,110,False,20
edge.market,fresh,emulated_probe,8.930876851169865,0.10691231488301356,2,0,,2,run.fixture.fixed.303,303,fixed,fixture,115,False,25
edge.market,fresh,emulated_probe,9.124344765626091,0.08756552343739088,2,0,,2,run.fixture.fixed.303,303,fixed,fixture,120,True,0
edge.market,fresh,emulated_probe,9.081352697187583,0.09186473028124165,2,0,,2,run.fixture.fixed.303,303,fixed,fixture,125,True,5
edge.market,fresh,emulated_probe,9.099580826613131,0.09004191733868683,2,0,,2,run.fixture.fixed.303,303,fixed,fixture,130,True,10
edge.market,fresh,emulated_probe,9.002856163984148,0.09971438360158513,2,0,,2,run.fixture.fixed.303,303,fixed,fixture,135,True,15
edge.market,fresh,emulated_probe,8.904002722014583,0.10959972779854166,2,0,,2,run.fixture.fixed.303,303,fixed,fixture,140,True,20
edge.market,fresh,emulated_probe,9.14244221383488,0.08575577861651207,2,0,,2,run.fixture.fixed.303,303,fixed,fixture,145,True,25
edge.market,fresh,emulated_probe,8.844371299255876,0.11556287007441246,2,0,,2,run.fixture.fixed.303,303,fixed,fixture,150,False,0
edge.market,fresh,emulated_probe,8.993115361724985,0.1006884638275014,2,0,,2,run.fixture.fixed.303,303,fixed,fixture,155,False,5
edge.market,fresh,emulated_probe,8.959917570982366,0.10400824290176336,2,0,,2,run.fixture.fixed.303,303,fixed,fixture,160,False,10
edge.market,fresh,emulated_probe,8.880837910767726,0.1119162089232274,2,0,,2,run.fixture.fixed.303,303,fixed,fixture,165,False,15
edge.market,fresh,emulated_probe,8.881003188462294,0.11189968115377058,2,0,,2,run.fixture.fixed.303,303,fixed,fixture,170,False,20
edge.market,fresh,emulated_probe,8.952581245694672,0.10474187543053282,2,0,,2,run.fixture.fixed.303,303,fixed,fixture,175,False,25
edge.market,fresh,emulated_probe,8.317428136562093,0.16825718634379072,2,0,,2,run.fixture.fixed.303,303,fixed,fixture,180,True,0
edge.market,fresh,emulated_probe,8.504880845132298,0.14951191548677012,2,0,,2,run.fixture.fixed.303,303,fixed,fixture,185,True,5
edge.market,fresh,emulated_probe,8.39491801584606,0.1605081984153941,2,0,,2,run.fixture.fixed.303,303,fixed,fixture,190,True,10
edge.market,fresh,emulated_probe,7.944833652203808,0.20551663477961912,2,0,,2,run.fixture.fixed.303,303,fixed,fixture,195,True,15
edge.market,fresh,emulated_probe,7.756730996930506,0.22432690030694935,2,0,,2,run.fixture.fixed.303,303,fixed,fixture,200,True,20
edge.market,fresh,emulated_probe,7.874728653929017,0.21252713460709827,2,0,,2,run.fixture.fixed.303,303,fixed,fixture,205,True,25
edge.market,fresh,emulated_probe,7.229847249054391,0.2770152750945609,2,0,,2,run.fixture.fixed.303,303,fixed,fixture,210,False,0
edge.market,fresh,emulated_probe,6.905464915870937,0.3094535084129063,2,0,,2,run.fixture.fixed.303,303,fixed,fixture,215,False,5
edge.market,fresh,emulated_probe,7.116548348916215,0.2883451651083785,2,0,,2,run.fixture.fixed.303,303,fixed,fixture,220,False,10
edge.market,fresh,emulated_probe,6.667596538819298,0.3332403461180702,2,0,,2,run.fixture.fixed.303,303,fixed,fixture,225,False,15
edge.market,fresh,emulated_probe,6.712621129212742,0.32873788707872575,2,0,,2,run.fixture.fixed.303,303,fixed,fixture,230,False,20
edge.market,fresh,emulated_probe,6.33804917855163,0.366195082144837,2,0,,2,run.fixture.fixed.303,303,fixed,fixture,235,False,25
edge.market,fresh,emulated_probe,6.272863554720534,0.37271364452794664,2,0,,2,run.fixture.fixed.303,303,fixed,fixture,240,True,0
edge.market,fresh,emulated_probe,6.2072436472710155,0.3792756352728984,2,0,,2,run.fixture.fixed.303,303,fixed,fixture,245,True,5
edge.market,fresh,emulated_probe,6.1365361097648945,0.3863463890235106,2,0,,2,run.fixture.fixed.303,303,fixed,fixture,250,True,10
edge.market,fresh,emulated_probe,5.665894702690133,0.4334105297309867,2,0,,2,run.fixture.fixed.303,303,fixed,fixture,255,True,15
edge.market,fresh,emulated_probe,5.775558203630697,0.42244417963693026,2,0,,2,run.fixture.fixed.303,303,fixed,fixture,260,True,20
edge.market,fresh,emulated_probe,5.324683188122537,0.46753168118774624,2,0,,2,run.fixture.fixed.303,303,fixed,fixture,265,True,25
edge.market,fresh,emulated_probe,5.166935361375101,0.4833064638624899,2,0,,2,run.fixture.fixed.303,303,fixed,fixture,270,False,0
edge.market,fresh,emulated_probe,4.893573080673188,0.5106426919326812,2,0,,2,run.fixture.fixed.303,303,fixed,fixture,275,False,5
edge.market,fresh,emulated_probe,5.07795686098412,0.49220431390158803,2,0,,2,run.fixture.fixed.303,303,fixed,fixture,280,False,10
edge.market,fresh,emulated_probe,4.952089775140855,0.5047910224859146,2,0,,2,run.fixture.fixed.303,303,fixed,fixture,285,False,15
edge.market,fresh,emulated_probe,4.456340442399762,0.5543659557600238,2,0,,2,run.fixture.fixed.303,303,fixed,fixture,290,False,20
edge.market,fresh,emulated_probe,4.281305656360157,0.5718694343639843,2,0,,2,run.fixture.fixed.303,303,fixed,fixture,295,False,25
edge.market,fresh,emulated_probe,4.379597097851478,0.5620402902148521,2,0,,2,run.fixture.fixed.303,303,fixed,fixture,300,True,0
edge.market,fresh,emulated_probe,4.02340672922462,0.597659327077538,2,0,,2,run.fixture.fixed.303,303,fixed,fixture,305,True,5
edge.market,fresh,emulated_probe,3.617069245775343,0.6382930754224657,2,0,,2,run.fixture.fixed.303,303,fixed,fixture,310,True,10
edge.market,fresh,emulated_probe,3.8327351115548804,0.616726488844512,2,0,,2,run.fixture.fixed.303,303,fixed,fixture,315,True,15
edge.market,fresh,emulated_probe,3.741431102738394,0.6258568897261606,2,0,,2,run.fixture.fixed.303,303,fixed,fixture,320,True,20
edge.market,fresh,emulated_probe,3.106310348864263,0.6893689651135737,2,0,,2,run.fixture.fixed.303,303,fixed,fixture,325,True,25
edge.market,fresh,emulated_probe,3.1292399881560127,0.6870760011843987,2,0,,2,run.fixture.fixed.303,303,fixed,fixture,330,False,0
edge.market,fresh,emulated_probe,2.913181664667536,0.7086818335332464,2,0,,2,run.fixture.fixed.303,303,fixed,fixture,335,False,5
edge.market,fresh,emulated_probe,2.8337255150887874,0.7166274484911213,2,0,,2,run.fixture.fixed.303,303,fixed,fixture,340,False,10
edge.market,fresh,emulated_probe,2.4945829271226367,0.7505417072877363,2,0,,2,run.fixture.fixed.303,303,fixed,fixture,345,False,15
edge.market,fresh,emulated_probe,2.527642833748762,0.7472357166251238,2,0,,2,run.fixture.fixed.303,303,fixed,fixture,350,False,20
edge.market,fresh,emulated_probe,2.4534073613252927,0.7546592638674707,2,0,,2,run.fixture.fixed.303,303,fixed,fixture,355,False,25
edge.market,fresh,emulated_probe,1.9932712348863992,0.8006728765113601,2,0,,2,run.fixture.fixed.303,303,fixed,fixture,360,True,0
edge.market,fresh,emulated_probe,2.019753412018161,0.7980246587981839,2,0,,2,run.fixture.fixed.303,303,fixed,fixture,365,True,5
edge.market,fresh,emulated_probe,1.7964593063679535,0.8203540693632047,2,0,,2,run.fixture.fixed.303,303,fixed,fixture,370,True,10
edge.market,fresh,emulated_probe,1.41334478734306,0.858665521265694,2,0,,2,run.fixture.fixed.303,303,fixed,fixture,375,True,15
edge.market,fresh,emulated_probe,1.5124021326891608,0.8487597867310839,2,0,,2,run.fixture.fixed.303,303,fixed,fixture,380,True,20
edge.market,fresh,emulated_probe,0.7657916496167178,0.9234208350383282,2,0,,2,run.fixture.fixed.303,303,fixed,fixture,385,True,25
edge.market,fresh,emulated_probe,1.1082821499625606,0.8891717850037439,2,0,,2,run.fixture.fixed.303,303,fixed,fixture,390,False,0
edge.market,fresh,emulated_probe,0.8767516972276057,0.9123248302772394,2,0,,2,run.fixture.fixed.303,303,fixed,fixture,395,False,5
edge.market,fresh,emulated_probe,1.0348790887253574,0.8965120911274642,2,0,,2,run.fixture.fixed.303,303,fixed,fixture,400,False,10
edge.market,fresh,emulated_probe,1.4370897251121377,0.8562910274887863,2,0,,2,run.fixture.fixed.303,303,fixed,fixture,405,False,15
edge.market,fresh,emulated_probe,1.844638637559159,0.815536136244084,2,0,,2,run.fixture.fixed.303,303,fixed,fixture,410,False,20
edge.market,fresh,emulated_probe,1.9531125523079758,0.8046887447692024,2,0,,2,run.fixture.fixed.303,303,fixed,fixture,415,False,25
edge.market,fresh,emulated_probe,2.2040743721204143,0.7795925627879585,2,0,,2,run.fixture.fixed.303,303,fixed,fixture,420,True,0
edge.market,fresh,emulated_probe,3.066399000145119,0.6933600999854881,2,0,,2,run.fixture.fixed.303,303,fixed,fixture,425,True,5
edge.market,fresh,emulated_probe,3.362979938525995,0.6637020061474005,2,0,,2,run.fixture.fixed.303,303,fixed,fixture,430,True,10
edge.market,fresh,emulated_probe,3.7146285526419467,0.6285371447358054,2,0,,2,run.fixture.fixed.303,303,fixed,fixture,435,True,15
edge.market,fresh,emulated_probe,3.965986806451843,0.6034013193548157,2,0,,2,run.fixture.fixed.303,303,fixed,fixture,440,True,20
edge.market,fresh,emulated_probe,4.519727214026952,0.5480272785973048,2,0,,2,run.fixture.fixed.303,303,fixed,fixture,445,True,25
edge.market,fresh,emulated_probe,4.850601026099326,0.5149398973900674,2,0,,2,run.fixture.fixed.303,303,fixed,fixture,450,False,0
edge.market,fresh,emulated_probe,5.266189144660867,0.47338108553391334,2,0,,2,run.fixture.fixed.303,303,fixed,fixture,455,False,5
edge.market,fresh,emulated_probe,5.660265198170702,0.4339734801829298,2,0,,2,run.fixture.fixed.303,303,fixed,fixture,460,False,10
edge.market,fresh,emulated_probe,5.676902177904028,0.43230978220959726,2,0,,2,run.fixture.fixed.303,303,fixed,fixture,465,False,15
edge.market,fresh,emulated_probe,6.47456094993077,0.352543905006923,2,0,,2,run.fixture.fixed.303,303,fixed,fixture,470,False,20
edge.market,fresh,emulated_probe,6.988292535910096,0.30117074640899033,2,0,,2,run.fixture.fixed.303,303,fixed,fixture,475,False,25
edge.market,fresh,emulated_probe,7.329932113949347,0.2670067886050653,2,0,,2,run.fixture.fixed.303,303,fixed,fixture,480,True,0
edge.market,fresh,emulated_probe,7.449378817280654,0.2550621182719346,2,0,,2,run.fixture.fixed.303,303,fixed,fixture,485,True,5
edge.market,fresh,emulated_probe,8.132885061817571,0.1867114938182428,2,0,,2,run.fixture.fixed.303,303,fixed,fixture,490,True,10
edge.market,fresh,emulated_probe,8.543274743873663,0.14567252561263366,2,0,,2,run.fixture.fixed.303,303,fixed,fixture,495,True,15
edge.market,fresh,emulated_probe,9.164297215130183,0.08357027848698162,2,0,,2,run.fixture.fixed.303,303,fixed,fixture,500,True,20
edge.market,fresh,emulated_probe,9.251258103470372,0.07487418965296277,2,0,,2,run.fixture.fixed.303,303,fixed,fixture,505,True,25
edge.market,fresh,emulated_probe,9.20129346739088,0.07987065326091203,2,0,,2,run.fixture.fixed.303,303,fixed,fixture,510,False,0
edge.market,fresh,emulated_probe,9.172499695833702,0.08275003041662976,2,0,,2,run.fixture.fixed.303,303,fixed,fixture,515,False,5
edge.market,fresh,emulated_probe,8.8960466303653,0.11039533696347004,2,0,,2,run.fixture.fixed.303,303,fixed,fixture,520,False,10
edge.market,fresh,emulated_probe,8.967629481817905,0.10323705181820952,2,0,,2,run.fixture.fixed.303,303,fixed,fixture,525,False,15
edge.market,fresh,emulated_probe,9.287737602585777,0.07122623974142228,2,0,,2,run.fixture.fixed.303,303,fixed,fixture,530,False,20
edge.market,fresh,emulated_probe,8.584230560472458,0.14157694395275422,2,0,,2,run.fixture.fixed.303,303,fixed,fixture,535,False,25
edge.market,fresh,emulated_probe,9.247667650878174,0.07523323491218259,2,0,,2,run.fixture.fixed.303,303,fixed,fixture,540,True,0
edge.market,fresh,emulated_probe,8.995852667753795,0.10041473322462058,2,0,,2,run.fixture.fixed.303,303,fixed,fixture,545,True,5
edge.market,fresh,emulated_probe,8.918987393462256,0.10810126065377434,2,0,,2,run.fixture.fixed.303,303,fixed,fixture,550,True,10
edge.market,fresh,emulated_probe,9.166651981042161,0.0833348018957839,2,0,,2,run.fixture.fixed.303,303,fixed,fixture,555,True,15
edge.market,fresh,emulated_probe,8.973464501279377,0.10265354987206232,2,0,,2,run.fixture.fixed.303,303,fixed,fixture,560,True,20
edge.market,fresh,emulated_probe,8.696146447104589,0.1303853552895411,2,0,,2,run.fixture.fixed.303,303,fixed,fixture,565,True,25
edge.market,fresh,emulated_probe,9.126392571006912,0.08736074289930884,2,0,,2,run.fixture.fixed.303,303,fixed,fixture,570,False,0
edge.market,fresh,emulated_probe,9.114254760226057,0.08857452397739429,2,0,,2,run.fixture.fixed.303,303,fixed,fixture,575,False,5
edge.market,fresh,emulated_probe,9.204588197595836,0.07954118024041645,2,0,,2,run.fixture.fixed.303,303,fixed,fixture,580,False,10
edge.market,fresh,emulated_probe,9.138062114923173,0.08619378850768267,2,0,,2,run.fixture.fixed.303,303,fixed,fixture,585,False,15
edge.market,fresh,emulated_probe,8.953833708721985,0.10461662912780145,2,0,,2,run.fixture.fixed.303,303,fixed,fixture,590,False,20
edge.market,fresh,emulated_probe,8.999281598102876,0.10007184018971249,2,0,,2,run.fixture.fixed.303,303,fixed,fixture,595,False,25
edge.market,fresh,emulated_probe,9.282164347698778,0.07178356523012219,2,0,,2,run.fixture.fixed.303,303,fixed,fixture,600,True,0
edge.market,fresh,emulated_probe,8.752880033517519,0.12471199664824817,2,0,,2,run.fixture.fixed.303,303,fixed,fixture,605,True,5
edge.market,fresh,emulated_probe,9.038693670085909,0.09613063299140912,2,0,,2,run.fixture.fixed.303,303,fixed,fixture,610,True,10
edge.market,fresh,emulated_probe,8.837554280001964,0.11624457199980365,2,0,,2,run.fixture.fixed.303,303,fixed,fixture,615,True,15
edge.market,fresh,emulated_probe,8.937668534331383,0.10623314656686167,2,0,,2,run.fixture.fixed.303,303,fixed,fixture,620,True,20
edge.market,fresh,emulated_probe,9.448482414163285,0.055151758583671495,2,0,,2,run.fixture.fixed.303,303,fixed,fixture,625,True,25
edge.market,fresh,emulated_probe,9.166518841735463,0.08334811582645363,2,0,,2,run.fixture.fixed.303,303,fixed,fixture,630,False,0
edge.market,fresh,emulated_probe,8.984092154359052,0.10159078456409476,2,0,,2,run.fixture.fixed.303,303,fixed,fixture,635,False,5
edge.market,fresh,emulated_probe,9.030442375661103,0.0969557624338897,2,0,,2,run.fixture.fixed.303,303,fixed,fixture,640,False,10
edge.market,fresh,emulated_probe,9.004611276578155,0.0995388723421845,2,0,,2,run.fixture.fixed.303,303,fixed,fixture,645,False,15
edge.market,fresh,emulated_probe,9.253669108611284,0.07463308913887157,2,0,,2,run.fixture.fixed.303,303,fixed,fixture,650,False,20
edge.market,fresh,emulated_probe,8.966723871948219,0.1033276128051781,2,0,,2,run.fixture.fixed.303,303,fixed,fixture,655,False,25
edge.market,fresh,emulated_probe,8.918521530035346,0.1081478469964654,2,0,,2,run.fixture.fixed.303,303,fixed,fixture,660,True,0
edge.market,fresh,emulated_probe,9.127348603861744,0.08726513961382554,2,0,,2,run.fixture.fixed.303,303,fixed,fixture,665,True,5
edge.market,fresh,emulated_probe,9.16190357092388,0.08380964290761206,2,0,,2,run.fixture.fixed.303,303,fixed,fixture,670,True,10
edge.market,fresh,emulated_probe,8.829663886546015,0.11703361134539847,2,0,,2,run.fixture.fixed.303,303,fixed,fixture,675,True,15
edge.market,fresh,emulated_probe,9.040964093466958,0.09590359065330423,2,0,,2,run.fixture.fixed.303,303,fixed,fixture,680,True,20
edge.market,fresh,emulated_probe,9.324179452505973,0.06758205474940271,2,0,,2,run.fixture.fixed.303,303,fixed,fixture,685,True,25
edge.market,fresh,emulated_probe,8.831408527312366,0.11685914726876345,2,0,,2,run.fixture.fixed.303,303,fixed,fixture,690,False,0
edge.market,fresh,emulated_probe,9.009110735452733,0.09908892645472667,2,0,,2,run.fixture.fixed.303,303,fixed,fixture,695,False,5
edge.market,fresh,emulated_probe,9.192732362670839,0.0807267637329161,2,0,,2,run.fixture.fixed.303,303,fixed,fixture,700,False,10
edge.market,fresh,emulated_probe,8.938908295535064,0.1061091704464936,2,0,,2,run.fixture.fixed.303,303,fixed,fixture,705,False,15
edge.market,fresh,emulated_probe,9.028316957578886,0.09716830424211143,2,0,,2,run.fixture.fixed.303,303,fixed,fixture,710,False,20
edge.market,fresh,emulated_probe,8.806051643015552,0.11939483569844478,2,0,,2,run.fixture.fixed.303,303,fixed,fixture,715,False,25
edge.market,fresh,emulated_probe,9.30883505797061,0.06911649420293897,2,0,,2,run.fixture.fixed.303,303,fixed,fixture,720,True,0
edge.market,fresh,emulated_probe,9.292604539935493,0.07073954600645072,2,0,,2,run.fixture.fixed.303,303,fixed,fixture,725,True,5
edge.market,fresh,emulated_probe,8.968285419887192,0.1031714580112808,2,0,,2,run.fixture.fixed.303,303,fixed,fixture,730,True,10
edge.market,fresh,emulated_probe,9.048780549306576,0.09512194506934235,2,0,,2,run.fixture.fixed.303,303,fixed,fixture,735,True,15
edge.market,fresh,emulated_probe,8.80343004813278,0.11965699518672201,2,0,,2,run.fixture.fixed.303,303,fixed,fixture,740,True,20
edge.market,fresh,emulated_probe,8.682131959831993,0.13178680401680065,2,0,,2,run.fixture.fixed.303,303,fixed,fixture,745,True,25
edge.market,fresh,emulated_probe,8.978154504994505,0.10218454950054956,2,0,,2,run.fixture.fixed.303,303,fixed,fixture,750,False,0
edge.market,fresh,emulated_probe,8.969469075636429,0.10305309243635707,2,0,,2,run.fixture.fixed.303,303,fixed,fixture,755,False,5
edge.market,fresh,emulated_probe,8.704582360433122,0.12954176395668782,2,0,,2,run.fixture.fixed.303,303,fixed,fixture,760,False,10
edge.market,fresh,emulated_probe,8.998512947466516,0.1001487052533484,2,0,,2,run.fixture.fixed.303,303,fixed,fixture,765,False,15
edge.market,fresh,emulated_probe,9.228160482185542,0.07718395178144577,2,0,,2,run.fixture.fixed.303,303,fixed,fixture,770,False,20
edge.market,fresh,emulated_probe,9.012093599371777,0.09879064006282223,2,0,,2,run.fixture.fixed.303,303,fixed,fixture,775,False,25
edge.market,fresh,emulated_probe,8.773300804143725,0.12266991958562756,2,0,,2,run.fixture.fixed.303,303,fixed,fixture,780,True,0
edge.market,fresh,emulated_probe,8.919385844318509,0.10806141556814919,2,0,,2,run.fixture.fixed.303,303,fixed,fixture,785,True,5
edge.market,fresh,emulated_probe,9.073467688854478,0.09265323111455215,2,0,,2,run.fixture.fixed.303,303,fixed,fixture,790,True,10
edge.market,fresh,emulated_probe,9.187654379655813,0.0812345620344187,2,0,,2,run.fixture.fixed.303,303,fixed,fixture,795,True,15
edge.market,fresh,emulated_probe,9.069153392832057,0.09308466071679433,2,0,,2,run.fixture.fixed.303,303,fixed,fixture,800,True,20
edge.market,fresh,emulated_probe,9.00679144436927,0.09932085556307302,2,0,,2,run.fixture.fixed.303,303,fixed,fixture,805,True,25
edge.market,fresh,emulated_probe,8.884200721273414,0.11157992787265858,2,0,,2,run.fixture.fixed.303,303,fixed,fixture,810,False,0
edge.market,fresh,emulated_probe,8.872385611738334,0.11276143882616663,2,0,,2,run.fixture.fixed.303,303,fixed,fixture,815,False,5
edge.market,fresh,emulated_probe,9.26711683311089,0.073288316688911,2,0,,2,run.fixture.fixed.303,303,fixed,fixture,820,False,10
edge.market,fresh,emulated_probe,8.840624308372037,0.1159375691627963,2,0,,2,run.fixture.fixed.303,303,fixed,fixture,825,False,15
edge.market,fresh,emulated_probe,8.623661092137617,0.13763389078623833,2,0,,2,run.fixture.fixed.303,303,fixed,fixture,830,False,20
edge.market,fresh,emulated_probe,8.88630008449602,0.11136999155039806,2,0,,2,run.fixture.fixed.303,303,fixed,fixture,835,False,25
edge.market,fresh,emulated_probe,9.017058630708501,0.0982941369291499,2,0,,2,run.fixture.fixed.303,303,fixed,fixture,840,True,0
edge.market,fresh,emulated_probe,8.771074028018422,0.12289259719815782,2,0,,2,run.fixture.fixed.303,303,fixed,fixture,845,True,5
edge.market,fresh,emulated_probe,9.038057793440451,0.09619422065595484,2,0,,2,run.fixture.fixed.303,303,fixed,fixture,850,True,10
edge.market,fresh,emulated_probe,8.854219490444496,0.1145780509555504,2,0,,2,run.fixture.fixed.303,303,fixed,fixture,855,True,15
edge.market,fresh,emulated_probe,9.03082627814868,0.09691737218513197,2,0,,2,run.fixture.fixed.303,303,fixed,fixture,860,True,20
edge.market,fresh,emulated_probe,8.714577706556007,0.1285422293443993,2,0,,2,run.fixture.fixed.303,303,fixed,fixture,865,True,25
edge.market,fresh,emulated_probe,9.198825757155351,0.08011742428446489,2,0,,2,run.fixture.fixed.303,303,fixed,fixture,870,False,0
edge.market,fresh,emulated_probe,8.978838888127443,0.10211611118725572,2,0,,2,run.fixture.fixed.303,303,fixed,fixture,875,False,5
edge.market,fresh,emulated_probe,9.22518484724363,0.07748151527563696,2,0,,2,run.fixture.fixed.303,303,fixed,fixture,880,False,10
edge.market,fresh,emulated_probe,8.999874839910678,0.10001251600893224,2,0,,2,run.fixture.fixed.303,303,fixed,fixture,885,False,15
edge.market,fresh,emulated_probe,9.046264530711793,0.09537354692882061,2,0,,2,run.fixture.fixed.303,303,fixed,fixture,890,False,20
edge.market,fresh,emulated_probe,8.848560531226594,0.11514394687734053,2,0,,2,run.fixture.fixed.303,303,fixed,fixture,895,False,25
edge.market,fresh,emulated_probe,9.028520091910512,0.09714799080894887,2,0,,2,run.fixture.fixed.303,303,fixed,fixture,900,True,0
edge.market,fresh,emulated_probe,9.049167160904931,0.09508328390950693,2,0,,2,run.fixture.fixed.304,304,fixed,fixture,0,True,0
edge.market,fresh,emulated_probe,9.052932037215069,0.0947067962784931,2,0,,2,run.fixture.fixed.304,304,fixed,fixture,5,True,5
edge.market,fresh,emulated_probe,9.02484181346811,0.09751581865318903,2,0,,2,run.fixture.fixed.304,304,fixed,fixture,10,True,10
edge.market,fresh,emulated_probe,8.873914454708633,0.11260855452913676,2,0,,2,run.fixture.fixed.304,304,fixed,fixture,15,True,15
edge.market,fresh,emulated_probe,8.978802275002892,0.10211977249971083,2,0,,2,run.fixture.fixed.304,304,fixed,fixture,20,True,20
edge.market,fresh,emulated_probe,8.855645998702872,0.11443540012971276,2,0,,2,run.fixture.fixed.304,304,fixed,fixture,25,True,25
edge.market,fresh,emulated_probe,9.053727447799837,0.09462725522001636,2,0,,2,run.fixture.fixed.304,304,fixed,fixture,30,False,0
edge.market,fresh,emulated_probe,8.822032063588836,0.11779679364111639,2,0,,2,run.fixture.fixed.304,304,fixed,fixture,35,False,5
edge.market,fresh,emulated_probe,9.322414777867415,0.06775852221325851,2,0,,2,run.fixture.fixed.304,304,fixed,fixture,40,False,10
edge.market,fresh,emulated_probe,8.99516316563118,0.10048368343688208,2,0,,2,run.fixture.fixed.304,304,fixed,fixture,45,False,15
edge.market,fresh,emulated_probe,8.67711638756198,0.13228836124380194,2,0,,2,run.fixture.fixed.304,304,fixed,fixture,50,False,20
edge.market,fresh,emulated_probe,9.216777196099544,0.07832228039004563,2,0,,2,run.fixture.fixed.304,304,fixed,fixture,55,False,25
edge.market,fresh,emulated_probe,8.845178187043796,0.11548218129562038,2,0,,2,run.fixture.fixed.304,304,fixed,fixture,60,True,0
edge.market,fresh,emulated_probe,9.291490821542823,0.07085091784571773,2,0,,2,run.fixture.fixed.304,304,fixed,fixture,65,True,5
edge.market,fresh,emulated_probe,8.669589059680797,0.13304109403192022,2,0,,2,run.fixture.fixed.304,304,fixed,fixture,70,True,10
edge.market,fresh,emulated_probe,9.060247344715407,0.09397526552845936,2,0,,2,run.fixture.fixed.304,304,fixed,fixture,75,True,15
edge.market,fresh,emulated_probe,9.036663883751526,0.09633361162484744,2,0,,2,run.fixture.fixed.304,304,fixed,fixture,80,True,20
edge.market,fresh,emulated_probe,9.352899274372781,0.06471007256272188,2,0,,2,run.fixture.fixed.304,304,fixed,fixture,85,True,25
edge.market,fresh,emulated_probe,9.199548716685001,0.0800451283314999,2,0,,2,run.fixture.fixed.304,304,fixed,fixture,90,False,0
edge.market,fresh,emulated_probe,8.730017312709151,0.12699826872908493,2,0,,2,run.fixture.fixed.304,304,fixed,fixture,95,False,5
edge.market,fresh,emulated_probe,9.091016228985987,0.09089837710140125,2,0,,2,run.fixture.fixed.304,304,fixed,fixture,100,False,10
edge.market,fresh,emulated_probe,8.81429315516191,0.11857068448380903,2,0,,2,run.fixture.fixed.304,304,fixed,fixture,105,False,15
edge.market,fresh,emulated_probe,8.910731252339142,0.10892687476608587,2,0,,2,run.fixture.fixed.304,304,fixed,fixture,110,False,20
edge.market,fresh,emulated_probe,9.09797311742145,0.09020268825785505,2,0,,2,run.fixture.fixed.304,304,fixed,fixture,115,False,25
edge.market,fresh,emulated_probe,9.004305324604097,0.09956946753959028,2,0,,2,run.fixture.fixed.304,304,fixed,fixture,120,True,0
edge.market,fresh,emulated_probe,8.750662460265104,0.1249337539734896,2,0,,2,run.fixture.fixed.304,304,fixed,fixture,125,True,5
edge.market,fresh,emulated_probe,8.860666486797667,0.1139333513202333,2,0,,2,run.fixture.fixed.304,304,fixed,fixture,130,True,10
edge.market,fresh,emulated_probe,9.188115359819555,0.08118846401804447,2,0,,2,run.fixture.fixed.304,304,fixed,fixture,135,True,15
edge.market,fresh,emulated_probe,9.138755008035977,0.0861244991964023,2,0,,2,run.fixture.fixed.304,304,fixed,fixture,140,True,20
edge.market,fresh,emulated_probe,9.116470482634657,0.08835295173653424,2,0,,2,run.fixture.fixed.304,304,fixed,fixture,145,True,25
edge.market,fresh,emulated_probe,9.145295404458414,0.08547045955415855,2,0,,2,run.fixture.fixed.304,304,fixed,fixture,150,False,0
edge.market,fresh,emulated_probe,8.743695945928419,0.12563040540715809,2,0,,2,run.fixture.fixed.304,304,fixed,fixture,155,False,5
edge.market,fresh,emulated_probe,9.2626737808794,0.07373262191205998,2,0,,2,run.fixture.fixed.304,304,fixed,fixture,160,False,10
edge.market,fresh,emulated_probe,8.622157040826995,0.13778429591730057,2,0,,2,run.fixture.fixed.304,304,fixed,fixture,165,False,15
edge.market,fresh,emulated_probe,9.118371034958916,0.08816289650410847,2,0,,2,run.fixture.fixed.304,304,fixed,fixture,170,False,20
edge.market,fresh,emulated_probe,8.932175249204382,0.10678247507956173,2,0,,2,run.fixture.fixed.304,304,fixed,fixture,175,False,25
edge.market,fresh,emulated_probe,8.542270353750414,0.1457729646249586,2,0,,2,run.fixture.fixed.304,304,fixed,fixture,180,True,0
edge.market,fresh,emulated_probe,8.706164814121156,0.12938351858788444,2,0,,2,run.fixture.fixed.304,304,fixed,fixture,185,True,5
edge.market,fresh,emulated_probe,9.048234782156635,0.09517652178433644,2,0,,2,run.fixture.fixed.304,304,fixed,fixture,190,True,10
edge.market,fresh,emulated_probe,8.707365338669344,0.1292634661330656,2,0,,2,run.fixture.fixed.304,304,fixed,fixture,195,True,15
edge.market,fresh,emulated_probe,8.180843588186395,0.1819156411813605,2,0,,2,run.fixture.fixed.304,304,fixed,fixture,200,True,20
edge.market,fresh,emulated_probe,8.279762612846191,0.1720237387153809,2,0,,2,run.fixture.fixed.304,304,fixed,fixture,205,True,25
edge.market,fresh,emulated_probe,8.050851836509695,0.19491481634903052,2,0,,2,run.fixture.fixed.304,304,fixed,fixture,210,False,0
edge.market,fresh,emulated_probe,8.200406766250623,0.1799593233749377,2,0,,2,run.fixture.fixed.304,304,fixed,fixture,215,False,5
edge.market,fresh,emulated_probe,7.50214462926078,0.24978553707392204,2,0,,2,run.fixture.fixed.304,304,fixed,fixture,220,False,10
edge.market,fresh,emulated_probe,7.741757012760802,0.22582429872391985,2,0,,2,run.fixture.fixed.304,304,fixed,fixture,225,False,15
edge.market,fresh,emulated_probe,7.779123166974658,0.22208768330253414,2,0,,2,run.fixture.fixed.304,304,fixed,fixture,230,False,20
edge.market,fresh,emulated_probe,7.430160077152193,0.25698399228478075,2,0,,2,run.fixture.fixed.304,304,fixed,fixture,235,False,25
edge.market,fresh,emulated_probe,7.349314646597069,0.26506853534029307,2,0,,2,run.fixture.fixed.304,304,fixed,fixture,240,True,0
edge.market,fresh,emulated_probe,7.016952067521814,0.29830479324781867,2,0,,2,run.fixture.fixed.304,304,fixed,fixture,245,True,5
edge.market,fresh,emulated_probe,6.8898580355422085,0.3110141964457791,2,0,,2,run.fixture.fixed.304,304,fixed,fixture,250,True,10
edge.market,fresh,emulated_probe,6.453913582395602,0.3546086417604398,2,0,,2,run.fixture.fixed.304,304,fixed,fixture,255,True,15
edge.market,fresh,emulated_probe,6.2748203340095525,0.3725179665990448,2,0,,2,run.fixture.fixed.304,304,fixed,fixture,260,True,20
edge.market,fresh,emulated_probe,6.295943271083619,0.37040567289163806,2,0,,2,run.fixture.fixed.304,304,fixed,fixture,265,True,25
edge.market,fresh,emulated_probe,6.159282304536878,0.3840717695463123,2,0,,2,run.fixture.fixed.304,304,fixed,fixture,270,False,0
edge.market,fresh,emulated_probe,5.519129322590208,0.4480870677409792,2,0,,2,run.fixture.fixed.304,304,fixed,fixture,275,False,5
edge.market,fresh,emulated_probe,5.562660577054567,0.4437339422945433,2,0,,2,run.fixture.fixed.304,304,fixed,fixture,280,False,10
edge.market,fresh,emulated_probe,5.368727624305885,0.46312723756941154,2,0,,2,run.fixture.fixed.304,304,fixed,fixture,285,False,15
edge.market,fresh,emulated_probe,5.270099724167653,0.4729900275832347,2,0,,2,run.fixture.fixed.304,304,fixed,fixture,290,False,20
edge.market,fresh,emulated_probe,5.049242872853286,0.49507571271467143,2,0,,2,run.fixture.fixed.304,304,fixed,fixture,295,False,25
edge.market,fresh,emulated_probe,5.049242872853286,0.49507571271467143,2,5,,2,run.fixture.fixed.304,304,fixed,fixture,300,True,0
edge.market,fresh,emulated_probe,5.049242872853286,0.49507571271467143,2,10,,2,run.fixture.fixed.304,304,fixed,fixture,305,True,5
edge.market,fresh,emulated_probe,5.049242872853286,0.49507571271467143,2,15,,2,run.fixture.fixed.304,304,fixed,fixture,310,True,10
edge.market,stale,,,,2,20,,0,run.fixture.fixed.304,304,fixed,fixture,315,True,15
edge.market,stale,,,,2,25,,0,run.fixture.fixed.304,304,fixed,fixture,320,True,20
edge.market,stale,,,,2,30,,0,run.fixture.fixed.304,304,fixed,fixture,325,True,25
edge.market,stale,,,,2,35,,0,run.fixture.fixed.304,304,fixed,fixture,330,False,0
edge.market,stale,,,,2,40,,0,run.fixture.fixed.304,304,fixed,fixture,335,False,5
edge.market,stale,,,,2,45,,0,run.fixture.fixed.304,304,fixed,fixture,340,False,10
edge.market,stale,,,,2,50,,0,run.fixture.fixed.304,304,fixed,fixture,345,False,15
edge.market,stale,,,,2,55,,0,run.fixture.fixed.304,304,fixed,fixture,350,False,20
edge.market,fresh,emulated_probe,3.009409077076042,0.6990590922923958,2,0,,2,run.fixture.fixed.304,304,fixed,fixture,355,False,25
edge.market,fresh,emulated_probe,2.9177304948909253,0.7082269505109074,2,0,,2,run.fixture.fixed.304,304,fixed,fixture,360,True,0
edge.market,fresh,emulated_probe,2.351653737853532,0.7648346262146468,2,0,,2,run.fixture.fixed.304,304,fixed,fixture,365,True,5
edge.market,fresh,emulated_probe,2.4511326930993316,0.7548867306900668,2,0,,2,run.fixture.fixed.304,304,fixed,fixture,370,True,10
edge.market,fresh,emulated_probe,2.097826654135769,0.7902173345864231,2,0,,2,run.fixture.fixed.304,304,fixed,fixture,375,True,15
edge.market,fresh,emulated_probe,2.04004883531246,0.795995116468754,2,0,,2,run.fixture.fixed.304,304,fixed,fixture,380,True,20
edge.market,fresh,emulated_probe,1.656716241524217,0.8343283758475784,2,0,,2,run.fixture.fixed.304,304,fixed,fixture,385,True,25
edge.market,fresh,emulated_probe,1.8916687121838305,0.810833128781617,2,0,,2,run.fixture.fixed.304,304,fixed,fixture,390,False,0
edge.market,fresh,emulated_probe,1.6745491312965577,0.8325450868703442,2,0,,2,run.fixture.fixed.304,304,fixed,fixture,395,False,5
edge.market,fresh,emulated_probe,1.5850713663932643,0.8414928633606735,2,0,,2,run.fixture.fixed.304,304,fixed,fixture,400,False,10
edge.market,fresh,emulated_probe,1.2560031562813223,0.8743996843718678,2,0,,2,run.fixture.fixed.304,304,fixed,fixture,405,False,15
edge.market,fresh,emulated_probe,1.4047246996878182,0.8595275300312182,2,0,,2,run.fixture.fixed.304,304,fixed,fixture,410,False,20
edge.market,fresh,emulated_probe,0.8016157432460669,0.9198384256753933,2,0,,2,run.fixture.fixed.304,304,fixed,fixture,415,False,25
edge.market,fresh,emulated_probe,0.9986710671704846,0.9001328932829515,2,0,,2,run.fixture.fixed.304,304,fixed,fixture,420,True,0
edge.market,fresh,emulated_probe,0.7214710200369057,0.9278528979963094,2,0,,2,run.fixture.fixed.304,304,fixed,fixture,425,True,5
edge.market,fresh,emulated_probe,0.9305462435843098,0.9069453756415691,2,0,,2,run.fixture.fixed.304,304,fixed,fixture,430,True,10
edge.market,fresh,emulated_probe,0.8436145348734669,0.9156385465126533,2,0,,2,run.fixture.fixed.304,304,fixed,fixture,435,True,15
edge.market,fresh,emulated_probe,1.0545861296719035,0.8945413870328096,2,0,,2,run.fixture.fixed.304,304,fixed,fixture,440,True,20
edge.market,fresh,emulated_probe,0.8105941105728531,0.9189405889427147,2,0,,2,run.fixture.fixed.304,304,fixed,fixture,445,True,25
edge.market,fresh,emulated_probe,1.19694548005628,0.880305451994372,2,0,,2,run.fixture.fixed.304,304,fixed,fixture,450,False,0
edge.market,fresh,emulated_probe,1.6308183524072772,0.8369181647592723,2,0,,2,run.fixture.fixed.304,304,fixed,fixture,455,False,5
edge.market,fresh,emulated_probe,1.9548641748119184,0.8045135825188081,2,0,,2,run.fixture.fixed.304,304,fixed,fixture,460,False,10
edge.market,fresh,emulated_probe,2.1321079673386634,0.7867892032661337,2,0,,2,run.fixture.fixed.304,304,fixed,fixture,465,False,15
edge.market,fresh,emulated_probe,2.5984597457965712,0.7401540254203429,2,0,,2,run.fixture.fixed.304,304,fixed,fixture,470,False,20
edge.market,fresh,emulated_probe,3.17674224173917,0.682325775826083,2,0,,2,run.fixture.fixed.304,304,fixed,fixture,475,False,25
edge.market,fresh,emulated_probe,3.570673798143353,0.6429326201856647,2,0,,2,run.fixture.fixed.304,304,fixed,fixture,480,True,0
edge.market,fresh,emulated_probe,3.9586399719146006,0.60413600280854,2,0,,2,run.fixture.fixed.304,304,fixed,fixture,485,True,5
edge.market,fresh,emulated_probe,4.173482273507165,0.5826517726492835,2,0,,2,run.fixture.fixed.304,304,fixed,fixture,490,True,10
edge.market,fresh,emulated_probe,4.447936107283592,0.5552063892716408,2,0,,2,run.fixture.fixed.304,304,fixed,fixture,495,True,15
edge.market,fresh,emulated_probe,5.516150716076624,0.44838492839233757,2,0,,2,run.fixture.fixed.304,304,fixed,fixture,500,True,20
edge.market,fresh,emulated_probe,5.447603955031651,0.45523960449683487,2,0,,2,run.fixture.fixed.304,304,fixed,fixture,505,True,25
edge.market,fresh,emulated_probe,5.833156679399151,0.4166843320600849,2,0,,2,run.fixture.fixed.304,304,fixed,fixture,510,False,0
edge.market,fresh,emulated_probe,6.472777598624662,0.35272224013753384,2,0,,2,run.fixture.fixed.304,304,fixed,fixture,515,False,5
edge.market,fresh,emulated_probe,6.604512367092416,0.33954876329075845,2,0,,2,run.fixture.fixed.304,304,fixed,fixture,520,False,10
edge.market,fresh,emulated_probe,6.969311547602914,0.30306884523970856,2,0,,2,run.fixture.fixed.304,304,fixed,fixture,525,False,15
edge.market,fresh,emulated_probe,7.5021035870886195,0.249789641291138,2,0,,2,run.fixture.fixed.304,304,fixed,fixture,530,False,20
edge.market,fresh,emulated_probe,7.7316980869985965,0.22683019130014037,2,0,,2,run.fixture.fixed.304,304,fixed,fixture,535,False,25
edge.market,fresh,emulated_probe,8.295259591800402,0.17047404081995976,2,0,,2,run.fixture.fixed.304,304,fixed,fixture,540,True,0
edge.market,fresh,emulated_probe,8.843282531570491,0.1156717468429509,2,0,,2,run.fixture.fixed.304,304,fixed,fixture,545,True,5
edge.market,fresh,emulated_probe,9.022786235293093,0.09772137647069068,2,0,,2,run.fixture.fixed.304,304,fixed,fixture,550,True,10
edge.market,fresh,emulated_probe,9.131589005648356,0.08684109943516438,2,0,,2,run.fixture.fixed.304,304,fixed,fixture,555,True,15
edge.market,fresh,emulated_probe,9.168088657149598,0.08319113428504021,2,0,,2,run.fixture.fixed.304,304,fixed,fixture,560,True,20
edge.market,fresh,emulated_probe,8.965384836467106,0.10346151635328948,2,0,,2,run.fixture.fixed.304,304,fixed,fixture,565,True,25
edge.market,fresh,emulated_probe,9.122937043245514,0.08770629567544863,2,0,,2,run.fixture.fixed.304,304,fixed,fixture,570,False,0
edge.market,fresh,emulated_probe,8.99059617032755,0.10094038296724506,2,0,,2,run.fixture.fixed.304,304,fixed,fixture,575,False,5
edge.market,fresh,emulated_probe,9.007439105733027,0.09925608942669728,2,0,,2,run.fixture.fixed.304,304,fixed,fixture,580,False,10
edge.market,fresh,emulated_probe,9.229692886200926,0.07703071137990736,2,0,,2,run.fixture.fixed.304,304,fixed,fixture,585,False,15
edge.market,fresh,emulated_probe,8.799379727128958,0.12006202728710424,2,0,,2,run.fixture.fixed.304,304,fixed,fixture,590,False,20
edge.market,fresh,emulated_probe,9.08865244727048,0.091134755272952,2,0,,2,run.fixture.fixed.304,304,fixed,fixture,595,False,25
edge.market,fresh,emulated_probe,8.901960612282558,0.10980393877174421,2,0,,2,run.fixture.fixed.304,304,fixed,fixture,600,True,0
edge.market,fresh,emulated_probe,8.988492854668422,0.10115071453315783,2,0,,2,run.fixture.fixed.304,304,fixed,fixture,605,True,5
edge.market,fresh,emulated_probe,8.731300945726819,0.12686990542731813,2,0,,2,run.fixture.fixed.304,304,fixed,fixture,610,True,10
edge.market,fresh,emulated_probe,9.053807979673888,0.0946192020326112,2,0,,2,run.fixture.fixed.304,304,fixed,fixture,615,True,15
edge.market,fresh,emulated_probe,9.415980044173939,0.05840199558260617,2,0,,2,run.fixture.fixed.304,304,fixed,fixture,620,True,20
edge.market,fresh,emulated_probe,9.036412530709331,0.09635874692906687,2,0,,2,run.fixture.fixed.304,304,fixed,fixture,625,True,25
edge.market,fresh,emulated_probe,9.211974046036907,0.0788025953963093,2,0,,2,run.fixture.fixed.304,304,fixed,fixture,630,False,0
edge.market,fresh,emulated_probe,8.891467724796126,0.1108532275203874,2,0,,2,run.fixture.fixed.304,304,fixed,fixture,635,False,5
edge.market,fresh,emulated_probe,9.34262398859526,0.065737601140474,2,0,,2,run.fixture.fixed.304,304,fixed,fixture,640,False,10
edge.market,fresh,emulated_probe,9.14350378468516,0.08564962153148392,2,0,,2,run.fixture.fixed.304,304,fixed,fixture,645,False,15
edge.market,fresh,emulated_probe,8.70613889901427,0.12938611009857293,2,0,,2,run.fixture.fixed.304,304,fixed,fixture,650,False,20
edge.market,fresh,emulated_probe,9.005965844568445,0.09940341554315546,2,0,,2,run.fixture.fixed.304,304,fixed,fixture,655,False,25
edge.market,fresh,emulated_probe,9.01807142973309,0.0981928570266909,2,0,,2,run.fixture.fixed.304,304,fixed,fixture,660,True,0
edge.market,fresh,emulated_probe,8.998228498281117,0.10017715017188833,2,0,,2,run.fixture.fixed.304,304,fixed,fixture,665,True,5
edge.market,fresh,emulated_probe,9.085419987924464,0.09145800120755365,2,0,,2,run.fixture.fixed.304,304,fixed,fixture,670,True,10
edge.market,fresh,emulated_probe,9.002187680898594,0.09978123191014066,2,0,,2,run.fixture.fixed.304,304,fixed,fixture,675,True,15
edge.market,fresh,emulated_probe,8.816297267618957,0.11837027323810434,2,0,,2,run.fixture.fixed.304,304,fixed,fixture,680,True,20
edge.market,fresh,emulated_probe,8.907404817474264,0.10925951825257363,2,0,,2,run.fixture.fixed.304,304,fixed,fixture,685,True,25
edge.market,fresh,emulated_probe,9.072756092129147,0.09272439078708528,2,0,,2,run.fixture.fixed.304,304,fixed,fixture,690,False,0
edge.market,fresh,emulated_probe,8.701765115485113,0.12982348845148872,2,0,,2,run.fixture.fixed.304,304,fixed,fixture,695,False,5
edge.market,fresh,emulated_probe,8.9921328935967,0.10078671064032996,2,0,,2,run.fixture.fixed.304,304,fixed,fixture,700,False,10
edge.market,fresh,emulated_probe,8.53129552243649,0.14687044775635094,2,0,,2,run.fixture.fixed.304,304,fixed,fixture,705,False,15
edge.market,fresh,emulated_probe,8.642882937502414,0.1357117062497586,2,0,,2,run.fixture.fixed.304,304,fixed,fixture,710,False,20
edge.market,fresh,emulated_probe,8.658340763365397,0.13416592366346036,2,0,,2,run.fixture.fixed.304,304,fixed,fixture,715,False,25
edge.market,fresh,emulated_probe,9.022216987068004,0.09777830129319953,2,0,,2,run.fixture.fixed.304,304,fixed,fixture,720,True,0
edge.market,fresh,emulated_probe,9.128487058583826,0.08715129414161749,2,0,,2,run.fixture.fixed.304,304,fixed,fixture,725,True,5
edge.market,fresh,emulated_probe,8.73535311098262,0.126464688901738,2,0,,2,run.fixture.fixed.304,304,fixed,fixture,730,True,10
edge.market,fresh,emulated_probe,9.150241327399982,0.08497586726000184,2,0,,2,run.fixture.fixed.304,304,fixed,fixture,735,True,15
edge.market,fresh,emulated_probe,9.214794114734401,0.07852058852655985,2,0,,2,run.fixture.fixed.304,304,fixed,fixture,740,True,20
edge.market,fresh,emulated_probe,8.981207140288554,0.1018792859711446,2,0,,2,run.fixture.fixed.304,304,fixed,fixture,745,True,25
edge.market,fresh,emulated_probe,9.118831535628209,0.0881168464371791,2,0,,2,run.fixture.fixed.304,304,fixed,fixture,750,False,0
edge.market,fresh,emulated_probe,8.918383397780335,0.1081616602219665,2,0,,2,run.fixture.fixed.304,304,fixed,fixture,755,False,5
edge.market,fresh,emulated_probe,8.934780137923676,0.10652198620763242,2,0,,2,run.fixture.fixed.304,304,fixed,fixture,760,False,10
edge.market,fresh,emulated_probe,8.769846193005375,0.1230153806994625,2,0,,2,run.fixture.fixed.304,304,fixed,fixture,765,False,15
edge.market,fresh,emulated_probe,8.90020017781907,0.10997998221809302,2,0,,2,run.fixture.fixed.304,304,fixed,fixture,770,False,20
edge.market,fresh,emulated_probe,8.786623019550653,0.12133769804493466,2,0,,2,run.fixture.fixed.304,304,fixed,fixture,775,False,25
edge.market,fresh,emulated_probe,8.965888063363927,0.10341119366360729,2,0,,2,run.fixture.fixed.304,304,fixed,fixture,780,True,0
edge.market,fresh,emulated_probe,8.813029052106398,0.11869709478936019,2,0,,2,run.fixture.fixed.304,304,fixed,fixture,785,True,5
edge.market,fresh,emulated_probe,9.023622054862084,0.09763779451379162,2,0,,2,run.fixture.fixed.304,304,fixed,fixture,790,True,10
edge.market,fresh,emulated_probe,9.253882917404638,0.07461170825953611,2,0,,2,run.fixture.fixed.304,304,fixed,fixture,795,True,15
edge.market,fresh,emulated_probe,9.14972867578033,0.08502713242196713,2,0,,2,run.fixture.fixed.304,304,fixed,fixture,800,True,20
edge.market,fresh,emulated_probe,9.169571308707301,0.08304286912926995,2,0,,2,run.fixture.fixed.304,304,fixed,fixture,805,True,25
edge.market,fresh,emulated_probe,9.201176361893186,0.07988236381068137,2,0,,2,run.fixture.fixed.304,304,fixed,fixture,810,False,0
edge.market,fresh,emulated_probe,9.220622667550328,0.07793773324496711,2,0,,2,run.fixture.fixed.304,304,fixed,fixture,815,False,5
edge.market,fresh,emulated_probe,8.77567451344043,0.12243254865595699,2,0,,2,run.fixture.fixed.304,304,fixed,fixture,820,False,10
edge.market,fresh,emulated_probe,8.851295921478949,0.11487040785210512,2,0,,2,run.fixture.fixed.304,304,fixed,fixture,825,False,15
edge.market,fresh,emulated_probe,8.911957673175138,0.10880423268248618,2,0,,2,run.fixture.fixed.304,304,fixed,fixture,830,False,20
edge.market,fresh,emulated_probe,8.98591816870429,0.101408183129571,2,0,,2,run.fixture.fixed.304,304,fixed,fixture,835,False,25
edge.market,fresh,emulated_probe,9.231420461281044,0.07685795387189565,2,0,,2,run.fixture.fixed.304,304,fixed,fixture,840,True,0
edge.market,fresh,emulated_probe,8.887754811844307,0.11122451881556938,2,0,,2,run.fixture.fixed.304,304,fixed,fixture,845,True,5
edge.market,fresh,emulated_probe,8.800723328892602,0.11992766711073988,2,0,,2,run.fixture.fixed.304,304,fixed,fixture,850,True,10
edge.market,fresh,emulated_probe,8.728082553359927,0.1271917446640073,2,0,,2,run.fixture.fixed.304,304,fixed,fixture,855,True,15
edge.market,fresh,emulated_probe,9.042168001013085,0.09578319989869155,2,0,,2,run.fixture.fixed.304,304,fixed,fixture,860,True,20
edge.market,fresh,emulated_probe,8.998842755782022,0.10011572442179784,2,0,,2,run.fixture.fixed.304,304,fixed,fixture,865,True,25
edge.market,fresh,emulated_probe,9.299182876495822,0.07008171235041782,2,0,,2,run.fixture.fixed.304,304,fixed,fixture,870,False,0
edge.market,fresh,emulated_probe,9.147922024547995,0.08520779754520047,2,0,,2,run.fixture.fixed.304,304,fixed,fixture,875,False,5
edge.market,fresh,emulated_probe,9.124861236868268,0.0875138763131732,2,0,,2,run.fixture.fixed.304,304,fixed,fixture,880,False,10
edge.market,fresh,emulated_probe,8.97708401969104,0.10229159803089605,2,0,,2,run.fixture.fixed.304,304,fixed,fixture,885,False,15
edge.market,fresh,emulated_probe,8.937157526972817,0.10628424730271835,2,0,,2,run.fixture.fixed.304,304,fixed,fixture,890,False,20
edge.market,fresh,emulated_probe,8.973666417923795,0.10263335820762054,2,0,,2,run.fixture.fixed.304,304,fixed,fixture,895,False,25
edge.market,fresh,emulated_probe,9.161639900729618,0.08383600992703821,2,0,,2,run.fixture.fixed.304,304,fixed,fixture,900,True,0
