run_id,seed,policy,data_source,edge_id,sim_time_s,slowdown_true,jam_length_m,serving_green,phase_age_s,jam_label
run.fixture.fixed.100,100,fixed,fixture,edge.market,0,0.1,0,True,0,False
run.fixture.fixed.100,100,fixed,fixture,edge.market,5,0.1,0,True,5,False
run.fixture.fixed.100,100,fixed,fixture,edge.market,10,0.1,0,True,10,False
run.fixture.fixed.100,100,fixed,fixture,edge.market,15,0.1,0,True,15,False
run.fixture.fixed.100,100,fixed,fixture,edge.market,20,0.1,0,True,20,False
run.fixture.fixed.100,100,fixed,fixture,edge.market,25,0.1,0,True,25,False
run.fixture.fixed.100,100,fixed,fixture,edge.market,30,0.1,0,False,0,False
run.fixture.fixed.100,100,fixed,fixture,edge.market,35,0.1,0,False,5,False
run.fixture.fixed.100,100,fixed,fixture,edge.market,40,0.1,0,False,10,False
run.fixture.fixed.100,100,fixed,fixture,edge.market,45,0.1,0,False,15,False
run.fixture.fixed.100,100,fixed,fixture,edge.market,50,0.1,0,False,20,False
run.fixture.fixed.100,100,fixed,fixture,edge.market,55,0.1,0,False,25,False
run.fixture.fixed.100,100,fixed,fixture,edge.market,60,0.1,0,True,0,False
run.fixture.fixed.100,100,fixed,fixture,edge.market,65,0.1,0,True,5,False
run.fixture.fixed.100,100,fixed,fixture,edge.market,70,0.1,0,True,10,False
run.fixture.fixed.100,100,fixed,fixture,edge.market,75,0.1,0,True,15,False
run.fixture.fixed.100,100,fixed,fixture,edge.market,80,0.1,0,True,20,False
run.fixture.fixed.100,100,fixed,fixture,edge.market,85,0.1,0,True,25,False
run.fixture.fixed.100,100,fixed,fixture,edge.market,90,0.1,0,False,0,False
run.fixture.fixed.100,100,fixed,fixture,edge.market,95,0.1,0,False,5,False
run.fixture.fixed.100,100,fixed,fixture,edge.market,100,0.1,0,False,10,False
run.fixture.fixed.100,100,fixed,fixture,edge.market,105,0.1,0,False,15,False
run.fixture.fixed.100,100,fixed,fixture,edge.market,110,0.1,0,False,20,False
run.fixture.fixed.100,100,fixed,fixture,edge.market,115,0.1,0,False,25,False
run.fixture.fixed.100,100,fixed,fixture,edge.market,120,0.1,0,True,0,False
run.fixture.fixed.100,100,fixed,fixture,edge.market,125,0.1,0,True,5,False
run.fixture.fixed.100,100,fixed,fixture,edge.market,130,0.1,0,True,10,False
run.fixture.fixed.100,100,fixed,fixture,edge.market,135,0.1,0,True,15,False
run.fixture.fixed.100,100,fixed,fixture,edge.market,140,0.1,0,True,20,False
run.fixture.fixed.100,100,fixed,fixture,edge.market,145,0.1,0,True,25,False
run.fixture.fixed.100,100,fixed,fixture,edge.market,150,0.1,0,False,0,False
run.fixture.fixed.100,100,fixed,fixture,edge.market,155,0.1,0,False,5,False
run.fixture.fixed.100,100,fixed,fixture,edge.market,160,0.1,0,False,10,False
run.fixture.fixed.100,100,fixed,fixture,edge.market,165,0.1,0,False,15,False
run.fixture.fixed.100,100,fixed,fixture,edge.market,170,0.1,0,False,20,False
run.fixture.fixed.100,100,fixed,fixture,edge.market,175,0.1,0,False,25,False
run.fixture.fixed.100,100,fixed,fixture,edge.market,180,0.1,0,True,0,False
run.fixture.fixed.100,100,fixed,fixture,edge.market,185,0.1,0,True,5,False
run.fixture.fixed.100,100,fixed,fixture,edge.market,190,0.114,0,True,10,False
run.fixture.fixed.100,100,fixed,fixture,edge.market,195,0.1315,0,True,15,False
run.fixture.fixed.100,100,fixed,fixture,edge.market,200,0.14900000000000002,0,True,20,False
run.fixture.fixed.100,100,fixed,fixture,edge.market,205,0.1665,0,True,25,False
run.fixture.fixed.100,100,fixed,fixture,edge.market,210,0.184,0,False,0,False
run.fixture.fixed.100,100,fixed,fixture,edge.market,215,0.2015,0,False,5,False
run.fixture.fixed.100,100,fixed,fixture,edge.market,220,0.21900000000000003,0,False,10,False
run.fixture.fixed.100,100,fixed,fixture,edge.market,225,0.23650000000000002,0,False,15,False
run.fixture.fixed.100,100,fixed,fixture,edge.market,230,0.254,0,False,20,False
run.fixture.fixed.100,100,fixed,fixture,edge.market,235,0.2715,0,False,25,False
run.fixture.fixed.100,100,fixed,fixture,edge.market,240,0.28900000000000003,0,True,0,False
run.fixture.fixed.100,100,fixed,fixture,edge.market,245,0.3065,0,True,5,False
run.fixture.fixed.100,100,fixed,fixture,edge.market,250,0.324,0,True,10,False
run.fixture.fixed.100,100,fixed,fixture,edge.market,255,0.3415,0,True,15,False
run.fixture.fixed.100,100,fixed,fixture,edge.market,260,0.359,0,True,20,False
run.fixture.fixed.100,100,fixed,fixture,edge.market,265,0.37650000000000006,0,True,25,False
run.fixture.fixed.100,100,fixed,fixture,edge.market,270,0.394,0,False,0,False
run.fixture.fixed.100,100,fixed,fixture,edge.market,275,0.4115,0,False,5,False
run.fixture.fixed.100,100,fixed,fixture,edge.market,280,0.42900000000000005,0,False,10,False
run.fixture.fixed.100,100,fixed,fixture,edge.market,285,0.4465,0,False,15,False
run.fixture.fixed.100,100,fixed,fixture,edge.market,290,0.46399999999999997,0,False,20,False
run.fixture.fixed.100,100,fixed,fixture,edge.market,295,0.48150000000000004,0,False,25,False
run.fixture.fixed.100,100,fixed,fixture,edge.market,300,0.499,0,True,0,False
run.fixture.fixed.100,100,fixed,fixture,edge.market,305,0.5165,0,True,5,False
run.fixture.fixed.100,100,fixed,fixture,edge.market,310,0.534,0,True,10,False
run.fixture.fixed.100,100,fixed,fixture,edge.market,315,0.5515,0,True,15,False
run.fixture.fixed.100,100,fixed,fixture,edge.market,320,0.5690000000000001,0,True,20,False
run.fixture.fixed.100,100,fixed,fixture,edge.market,325,0.5865,0,True,25,False
run.fixture.fixed.100,100,fixed,fixture,edge.market,330,0.604,0,False,0,False
run.fixture.fixed.100,100,fixed,fixture,edge.market,335,0.6214999999999999,0,False,5,False
run.fixture.fixed.100,100,fixed,fixture,edge.market,340,0.639,0,False,10,False
run.fixture.fixed.100,100,fixed,fixture,edge.market,345,0.6565,0,False,15,False
run.fixture.fixed.100,100,fixed,fixture,edge.market,350,0.674,0,False,20,False
run.fixture.fixed.100,100,fixed,fixture,edge.market,355,0.6915,0,False,25,False
run.fixture.fixed.100,100,fixed,fixture,edge.market,360,0.709,100,True,0,True
run.fixture.fixed.100,100,fixed,fixture,edge.market,365,0.7265,100,True,5,True
run.fixture.fixed.100,100,fixed,fixture,edge.market,370,0.744,100,True,10,True
run.fixture.fixed.100,100,fixed,fixture,edge.market,375,0.7615,100,True,15,True
run.fixture.fixed.100,100,fixed,fixture,edge.market,380,0.779,100,True,20,True
run.fixture.fixed.100,100,fixed,fixture,edge.market,385,0.7965,100,True,25,True
run.fixture.fixed.100,100,fixed,fixture,edge.market,390,0.814,100,False,0,True
run.fixture.fixed.100,100,fixed,fixture,edge.market,395,0.8315,100,False,5,True
run.fixture.fixed.100,100,fixed,fixture,edge.market,400,0.849,100,False,10,True
run.fixture.fixed.100,100,fixed,fixture,edge.market,405,0.8665,100,False,15,True
run.fixture.fixed.100,100,fixed,fixture,edge.market,410,0.884,100,False,20,True
run.fixture.fixed.100,100,fixed,fixture,edge.market,415,0.9,100,False,25,True
run.fixture.fixed.100,100,fixed,fixture,edge.market,420,0.9,100,True,0,True
run.fixture.fixed.100,100,fixed,fixture,edge.market,425,0.9,100,True,5,True
run.fixture.fixed.100,100,fixed,fixture,edge.market,430,0.9,100,True,10,True
run.fixture.fixed.100,100,fixed,fixture,edge.market,435,0.9,100,True,15,True
run.fixture.fixed.100,100,fixed,fixture,edge.market,440,0.9,100,True,20,True
run.fixture.fixed.100,100,fixed,fixture,edge.market,445,0.9,100,True,25,True
run.fixture.fixed.100,100,fixed,fixture,edge.market,450,0.9,100,False,0,True
run.fixture.fixed.100,100,fixed,fixture,edge.market,455,0.9,100,False,5,True
run.fixture.fixed.100,100,fixed,fixture,edge.market,460,0.9,100,False,10,True
run.fixture.fixed.100,100,fixed,fixture,edge.market,465,0.9,100,False,15,True
run.fixture.fixed.100,100,fixed,fixture,edge.market,470,0.9,100,False,20,True
run.fixture.fixed.100,100,fixed,fixture,edge.market,475,0.876,100,False,25,True
run.fixture.fixed.100,100,fixed,fixture,edge.market,480,0.8360000000000001,100,True,0,True
run.fixture.fixed.100,100,fixed,fixture,edge.market,485,0.796,100,True,5,True
run.fixture.fixed.100,100,fixed,fixture,edge.market,490,0.756,100,True,10,True
run.fixture.fixed.100,100,fixed,fixture,edge.market,495,0.716,100,True,15,True
run.fixture.fixed.100,100,fixed,fixture,edge.market,500,0.676,0,True,20,False
run.fixture.fixed.100,100,fixed,fixture,edge.market,505,0.636,0,True,25,False
run.fixture.fixed.100,100,fixed,fixture,edge.market,510,0.5960000000000001,0,False,0,False
run.fixture.fixed.100,100,fixed,fixture,edge.market,515,0.556,0,False,5,False
run.fixture.fixed.100,100,fixed,fixture,edge.market,520,0.516,0,False,10,False
run.fixture.fixed.100,100,fixed,fixture,edge.market,525,0.47600000000000003,0,False,15,False
run.fixture.fixed.100,100,fixed,fixture,edge.market,530,0.436,0,False,20,False
run.fixture.fixed.100,100,fixed,fixture,edge.market,535,0.396,0,False,25,False
run.fixture.fixed.100,100,fixed,fixture,edge.market,540,0.356,0,True,0,False
run.fixture.fixed.100,100,fixed,fixture,edge.market,545,0.31600000000000006,0,True,5,False
run.fixture.fixed.100,100,fixed,fixture,edge.market,550,0.276,0,True,10,False
run.fixture.fixed.100,100,fixed,fixture,edge.market,555,0.236,0,True,15,False
run.fixture.fixed.100,100,fixed,fixture,edge.market,560,0.19600000000000006,0,True,20,False
run.fixture.fixed.100,100,fixed,fixture,edge.market,565,0.15600000000000003,0,True,25,False
run.fixture.fixed.100,100,fixed,fixture,edge.market,570,0.11599999999999999,0,False,0,False
run.fixture.fixed.100,100,fixed,fixture,edge.market,575,0.1,0,False,5,False
run.fixture.fixed.100,100,fixed,fixture,edge.market,580,0.1,0,False,10,False
run.fixture.fixed.100,100,fixed,fixture,edge.market,585,0.1,0,False,15,False
run.fixture.fixed.100,100,fixed,fixture,edge.market,590,0.1,0,False,20,False
run.fixture.fixed.100,100,fixed,fixture,edge.market,595,0.1,0,False,25,False
run.fixture.fixed.100,100,fixed,fixture,edge.market,600,0.1,0,True,0,False
run.fixture.fixed.100,100,fixed,fixture,edge.market,605,0.1,0,True,5,False
run.fixture.fixed.100,100,fixed,fixture,edge.market,610,0.1,0,True,10,False
run.fixture.fixed.100,100,fixed,fixture,edge.market,615,0.1,0,True,15,False
run.fixture.fixed.100,100,fixed,fixture,edge.market,620,0.1,0,True,20,False
run.fixture.fixed.100,100,fixed,fixture,edge.market,625,0.1,0,True,25,False
run.fixture.fixed.100,100,fixed,fixture,edge.market,630,0.1,0,False,0,False
run.fixture.fixed.100,100,fixed,fixture,edge.market,635,0.1,0,False,5,False
run.fixture.fixed.100,100,fixed,fixture,edge.market,640,0.1,0,False,10,False
run.fixture.fixed.100,100,fixed,fixture,edge.market,645,0.1,0,False,15,False
run.fixture.fixed.100,100,fixed,fixture,edge.market,650,0.1,0,False,20,False
run.fixture.fixed.100,100,fixed,fixture,edge.market,655,0.1,0,False,25,False
run.fixture.fixed.100,100,fixed,fixture,edge.market,660,0.1,0,True,0,False
run.fixture.fixed.100,100,fixed,fixture,edge.market,665,0.1,0,True,5,False
run.fixture.fixed.100,100,fixed,fixture,edge.market,670,0.1,0,True,10,False
run.fixture.fixed.100,100,fixed,fixture,edge.market,675,0.1,0,True,15,False
run.fixture.fixed.100,100,fixed,fixture,edge.market,680,0.1,0,True,20,False
run.fixture.fixed.100,100,fixed,fixture,edge.market,685,0.1,0,True,25,False
run.fixture.fixed.100,100,fixed,fixture,edge.market,690,0.1,0,False,0,False
run.fixture.fixed.100,100,fixed,fixture,edge.market,695,0.1,0,False,5,False
run.fixture.fixed.100,100,fixed,fixture,edge.market,700,0.1,0,False,10,False
run.fixture.fixed.100,100,fixed,fixture,edge.market,705,0.1,0,False,15,False
run.fixture.fixed.100,100,fixed,fixture,edge.market,710,0.1,0,False,20,False
run.fixture.fixed.100,100,fixed,fixture,edge.market,715,0.1,0,False,25,False
run.fixture.fixed.100,100,fixed,fixture,edge.market,720,0.1,0,True,0,False
run.fixture.fixed.100,100,fixed,fixture,edge.market,725,0.1,0,True,5,False
run.fixture.fixed.100,100,fixed,fixture,edge.market,730,0.1,0,True,10,False
run.fixture.fixed.100,100,fixed,fixture,edge.market,735,0.1,0,True,15,False
run.fixture.fixed.100,100,fixed,fixture,edge.market,740,0.1,0,True,20,False
run.fixture.fixed.100,100,fixed,fixture,edge.market,745,0.1,0,True,25,False
run.fixture.fixed.100,100,fixed,fixture,edge.market,750,0.1,0,False,0,False
run.fixture.fixed.100,100,fixed,fixture,edge.market,755,0.1,0,False,5,False
run.fixture.fixed.100,100,fixed,fixture,edge.market,760,0.1,0,False,10,False
run.fixture.fixed.100,100,fixed,fixture,edge.market,765,0.1,0,False,15,False
run.fixture.fixed.100,100,fixed,fixture,edge.market,770,0.1,0,False,20,False
run.fixture.fixed.100,100,fixed,fixture,edge.market,775,0.1,0,False,25,False
run.fixture.fixed.100,100,fixed,fixture,edge.market,780,0.1,0,True,0,False
run.fixture.fixed.100,100,fixed,fixture,edge.market,785,0.1,0,True,5,False
run.fixture.fixed.100,100,fixed,fixture,edge.market,790,0.1,0,True,10,False
run.fixture.fixed.100,100,fixed,fixture,edge.market,795,0.1,0,True,15,False
run.fixture.fixed.100,100,fixed,fixture,edge.market,800,0.1,0,True,20,False
run.fixture.fixed.100,100,fixed,fixture,edge.market,805,0.1,0,True,25,False
run.fixture.fixed.100,100,fixed,fixture,edge.market,810,0.1,0,False,0,False
run.fixture.fixed.100,100,fixed,fixture,edge.market,815,0.1,0,False,5,False
run.fixture.fixed.100,100,fixed,fixture,edge.market,820,0.1,0,False,10,False
run.fixture.fixed.100,100,fixed,fixture,edge.market,825,0.1,0,False,15,False
run.fixture.fixed.100,100,fixed,fixture,edge.market,830,0.1,0,False,20,False
run.fixture.fixed.100,100,fixed,fixture,edge.market,835,0.1,0,False,25,False
run.fixture.fixed.100,100,fixed,fixture,edge.market,840,0.1,0,True,0,False
run.fixture.fixed.100,100,fixed,fixture,edge.market,845,0.1,0,True,5,False
run.fixture.fixed.100,100,fixed,fixture,edge.market,850,0.1,0,True,10,False
run.fixture.fixed.100,100,fixed,fixture,edge.market,855,0.1,0,True,15,False
run.fixture.fixed.100,100,fixed,fixture,edge.market,860,0.1,0,True,20,False
run.fixture.fixed.100,100,fixed,fixture,edge.market,865,0.1,0,True,25,False
run.fixture.fixed.100,100,fixed,fixture,edge.market,870,0.1,0,False,0,False
run.fixture.fixed.100,100,fixed,fixture,edge.market,875,0.1,0,False,5,False
run.fixture.fixed.100,100,fixed,fixture,edge.market,880,0.1,0,False,10,False
run.fixture.fixed.100,100,fixed,fixture,edge.market,885,0.1,0,False,15,False
run.fixture.fixed.100,100,fixed,fixture,edge.market,890,0.1,0,False,20,False
run.fixture.fixed.100,100,fixed,fixture,edge.market,895,0.1,0,False,25,False
run.fixture.fixed.100,100,fixed,fixture,edge.market,900,0.1,0,True,0,False
run.fixture.fixed.101,101,fixed,fixture,edge.market,0,0.1,0,True,0,False
run.fixture.fixed.101,101,fixed,fixture,edge.market,5,0.1,0,True,5,False
run.fixture.fixed.101,101,fixed,fixture,edge.market,10,0.1,0,True,10,False
run.fixture.fixed.101,101,fixed,fixture,edge.market,15,0.1,0,True,15,False
run.fixture.fixed.101,101,fixed,fixture,edge.market,20,0.1,0,True,20,False
run.fixture.fixed.101,101,fixed,fixture,edge.market,25,0.1,0,True,25,False
run.fixture.fixed.101,101,fixed,fixture,edge.market,30,0.1,0,False,0,False
run.fixture.fixed.101,101,fixed,fixture,edge.market,35,0.1,0,False,5,False
run.fixture.fixed.101,101,fixed,fixture,edge.market,40,0.1,0,False,10,False
run.fixture.fixed.101,101,fixed,fixture,edge.market,45,0.1,0,False,15,False
run.fixture.fixed.101,101,fixed,fixture,edge.market,50,0.1,0,False,20,False
run.fixture.fixed.101,101,fixed,fixture,edge.market,55,0.1,0,False,25,False
run.fixture.fixed.101,101,fixed,fixture,edge.market,60,0.1,0,True,0,False
run.fixture.fixed.101,101,fixed,fixture,edge.market,65,0.1,0,True,5,False
run.fixture.fixed.101,101,fixed,fixture,edge.market,70,0.1,0,True,10,False
run.fixture.fixed.101,101,fixed,fixture,edge.market,75,0.1,0,True,15,False
run.fixture.fixed.101,101,fixed,fixture,edge.market,80,0.1,0,True,20,False
run.fixture.fixed.101,101,fixed,fixture,edge.market,85,0.1,0,True,25,False
run.fixture.fixed.101,101,fixed,fixture,edge.market,90,0.1,0,False,0,False
run.fixture.fixed.101,101,fixed,fixture,edge.market,95,0.1,0,False,5,False
run.fixture.fixed.101,101,fixed,fixture,edge.market,100,0.1,0,False,10,False
run.fixture.fixed.101,101,fixed,fixture,edge.market,105,0.1,0,False,15,False
run.fixture.fixed.101,101,fixed,fixture,edge.market,110,0.1,0,False,20,False
run.fixture.fixed.101,101,fixed,fixture,edge.market,115,0.1,0,False,25,False
run.fixture.fixed.101,101,fixed,fixture,edge.market,120,0.1,0,True,0,False
run.fixture.fixed.101,101,fixed,fixture,edge.market,125,0.1,0,True,5,False
run.fixture.fixed.101,101,fixed,fixture,edge.market,130,0.1,0,True,10,False
run.fixture.fixed.101,101,fixed,fixture,edge.market,135,0.1,0,True,15,False
run.fixture.fixed.101,101,fixed,fixture,edge.market,140,0.1,0,True,20,False
run.fixture.fixed.101,101,fixed,fixture,edge.market,145,0.1,0,True,25,False
run.fixture.fixed.101,101,fixed,fixture,edge.market,150,0.1,0,False,0,False
run.fixture.fixed.101,101,fixed,fixture,edge.market,155,0.1,0,False,5,False
run.fixture.fixed.101,101,fixed,fixture,edge.market,160,0.10700000000000001,0,False,10,False
run.fixture.fixed.101,101,fixed,fixture,edge.market,165,0.1245,0,False,15,False
run.fixture.fixed.101,101,fixed,fixture,edge.market,170,0.14200000000000002,0,False,20,False
run.fixture.fixed.101,101,fixed,fixture,edge.market,175,0.1595,0,False,25,False
run.fixture.fixed.101,101,fixed,fixture,edge.market,180,0.177,0,True,0,False
run.fixture.fixed.101,101,fixed,fixture,edge.market,185,0.1945,0,True,5,False
run.fixture.fixed.101,101,fixed,fixture,edge.market,190,0.21200000000000002,0,True,10,False
run.fixture.fixed.101,101,fixed,fixture,edge.market,195,0.2295,0,True,15,False
run.fixture.fixed.101,101,fixed,fixture,edge.market,200,0.247,0,True,20,False
run.fixture.fixed.101,101,fixed,fixture,edge.market,205,0.2645,0,True,25,False
run.fixture.fixed.101,101,fixed,fixture,edge.market,210,0.28200000000000003,0,False,0,False
run.fixture.fixed.101,101,fixed,fixture,edge.market,215,0.2995,0,False,5,False
run.fixture.fixed.101,101,fixed,fixture,edge.market,220,0.317,0,False,10,False
run.fixture.fixed.101,101,fixed,fixture,edge.market,225,0.3345,0,False,15,False
run.fixture.fixed.101,101,fixed,fixture,edge.market,230,0.352,0,False,20,False
run.fixture.fixed.101,101,fixed,fixture,edge.market,235,0.36950000000000005,0,False,25,False
run.fixture.fixed.101,101,fixed,fixture,edge.market,240,0.387,0,True,0,False
run.fixture.fixed.101,101,fixed,fixture,edge.market,245,0.40449999999999997,0,True,5,False
run.fixture.fixed.101,101,fixed,fixture,edge.market,250,0.42200000000000004,0,True,10,False
run.fixture.fixed.101,101,fixed,fixture,edge.market,255,0.4395,0,True,15,False
run.fixture.fixed.101,101,fixed,fixture,edge.market,260,0.45699999999999996,0,True,20,False
run.fixture.fixed.101,101,fixed,fixture,edge.market,265,0.47450000000000003,0,True,25,False
run.fixture.fixed.101,101,fixed,fixture,edge.market,270,0.492,0,False,0,False
run.fixture.fixed.101,101,fixed,fixture,edge.market,275,0.5095000000000001,0,False,5,False
run.fixture.fixed.101,101,fixed,fixture,edge.market,280,0.527,0,False,10,False
run.fixture.fixed.101,101,fixed,fixture,edge.market,285,0.5445,0,False,15,False
run.fixture.fixed.101,101,fixed,fixture,edge.market,290,0.562,0,False,20,False
run.fixture.fixed.101,101,fixed,fixture,edge.market,295,0.5795,0,False,25,False
run.fixture.fixed.101,101,fixed,fixture,edge.market,300,0.597,0,True,0,False
run.fixture.fixed.101,101,fixed,fixture,edge.market,305,0.6144999999999999,0,True,5,False
run.fixture.fixed.101,101,fixed,fixture,edge.market,310,0.632,0,True,10,False
run.fixture.fixed.101,101,fixed,fixture,edge.market,315,0.6495,0,True,15,False
run.fixture.fixed.101,101,fixed,fixture,edge.market,320,0.667,0,True,20,False
run.fixture.fixed.101,101,fixed,fixture,edge.market,325,0.6845,0,True,25,False
run.fixture.fixed.101,101,fixed,fixture,edge.market,330,0.702,100,False,0,True
run.fixture.fixed.101,101,fixed,fixture,edge.market,335,0.7195,100,False,5,True
run.fixture.fixed.101,101,fixed,fixture,edge.market,340,0.737,100,False,10,True
run.fixture.fixed.101,101,fixed,fixture,edge.market,345,0.7545,100,False,15,True
run.fixture.fixed.101,101,fixed,fixture,edge.market,350,0.772,100,False,20,True
run.fixture.fixed.101,101,fixed,fixture,edge.market,355,0.7895,100,False,25,True
run.fixture.fixed.101,101,fixed,fixture,edge.market,360,0.8069999999999999,100,True,0,True
run.fixture.fixed.101,101,fixed,fixture,edge.market,365,0.8245,100,True,5,True
run.fixture.fixed.101,101,fixed,fixture,edge.market,370,0.842,100,True,10,True
run.fixture.fixed.101,101,fixed,fixture,edge.market,375,0.8595,100,True,15,True
run.fixture.fixed.101,101,fixed,fixture,edge.market,380,0.877,100,True,20,True
run.fixture.fixed.101,101,fixed,fixture,edge.market,385,0.8945,100,True,25,True
run.fixture.fixed.101,101,fixed,fixture,edge.market,390,0.9,100,False,0,True
run.fixture.fixed.101,101,fixed,fixture,edge.market,395,0.9,100,False,5,True
run.fixture.fixed.101,101,fixed,fixture,edge.market,400,0.9,100,False,10,True
run.fixture.fixed.101,101,fixed,fixture,edge.market,405,0.9,100,False,15,True
run.fixture.fixed.101,101,fixed,fixture,edge.market,410,0.9,100,False,20,True
run.fixture.fixed.101,101,fixed,fixture,edge.market,415,0.9,100,False,25,True
run.fixture.fixed.101,101,fixed,fixture,edge.market,420,0.9,100,True,0,True
run.fixture.fixed.101,101,fixed,fixture,edge.market,425,0.9,100,True,5,True
run.fixture.fixed.101,101,fixed,fixture,edge.market,430,0.9,100,True,10,True
run.fixture.fixed.101,101,fixed,fixture,edge.market,435,0.9,100,True,15,True
run.fixture.fixed.101,101,fixed,fixture,edge.market,440,0.9,100,True,20,True
run.fixture.fixed.101,101,fixed,fixture,edge.market,445,0.9,100,True,25,True
run.fixture.fixed.101,101,fixed,fixture,edge.market,450,0.9,100,False,0,True
run.fixture.fixed.101,101,fixed,fixture,edge.market,455,0.884,100,False,5,True
run.fixture.fixed.101,101,fixed,fixture,edge.market,460,0.844,100,False,10,True
run.fixture.fixed.101,101,fixed,fixture,edge.market,465,0.804,100,False,15,True
run.fixture.fixed.101,101,fixed,fixture,edge.market,470,0.764,100,False,20,True
run.fixture.fixed.101,101,fixed,fixture,edge.market,475,0.724,100,False,25,True
run.fixture.fixed.101,101,fixed,fixture,edge.market,480,0.684,0,True,0,False
run.fixture.fixed.101,101,fixed,fixture,edge.market,485,0.644,0,True,5,False
run.fixture.fixed.101,101,fixed,fixture,edge.market,490,0.6040000000000001,0,True,10,False
run.fixture.fixed.101,101,fixed,fixture,edge.market,495,0.5640000000000001,0,True,15,False
run.fixture.fixed.101,101,fixed,fixture,edge.market,500,0.524,0,True,20,False
run.fixture.fixed.101,101,fixed,fixture,edge.market,505,0.484,0,True,25,False
run.fixture.fixed.101,101,fixed,fixture,edge.market,510,0.444,0,False,0,False
run.fixture.fixed.101,101,fixed,fixture,edge.market,515,0.404,0,False,5,False
run.fixture.fixed.101,101,fixed,fixture,edge.market,520,0.364,0,False,10,False
run.fixture.fixed.101,101,fixed,fixture,edge.market,525,0.32399999999999995,0,False,15,False
run.fixture.fixed.101,101,fixed,fixture,edge.market,530,0.28400000000000003,0,False,20,False
run.fixture.fixed.101,101,fixed,fixture,edge.market,535,0.244,0,False,25,False
run.fixture.fixed.101,101,fixed,fixture,edge.market,540,0.20399999999999996,0,True,0,False
run.fixture.fixed.101,101,fixed,fixture,edge.market,545,0.16400000000000003,0,True,5,False
run.fixture.fixed.101,101,fixed,fixture,edge.market,550,0.124,0,True,10,False
run.fixture.fixed.101,101,fixed,fixture,edge.market,555,0.1,0,True,15,False
run.fixture.fixed.101,101,fixed,fixture,edge.market,560,0.1,0,True,20,False
run.fixture.fixed.101,101,fixed,fixture,edge.market,565,0.1,0,True,25,False
run.fixture.fixed.101,101,fixed,fixture,edge.market,570,0.1,0,False,0,False
run.fixture.fixed.101,101,fixed,fixture,edge.market,575,0.1,0,False,5,False
run.fixture.fixed.101,101,fixed,fixture,edge.market,580,0.1,0,False,10,False
run.fixture.fixed.101,101,fixed,fixture,edge.market,585,0.1,0,False,15,False
run.fixture.fixed.101,101,fixed,fixture,edge.market,590,0.1,0,False,20,False
run.fixture.fixed.101,101,fixed,fixture,edge.market,595,0.1,0,False,25,False
run.fixture.fixed.101,101,fixed,fixture,edge.market,600,0.1,0,True,0,False
run.fixture.fixed.101,101,fixed,fixture,edge.market,605,0.1,0,True,5,False
run.fixture.fixed.101,101,fixed,fixture,edge.market,610,0.1,0,True,10,False
run.fixture.fixed.101,101,fixed,fixture,edge.market,615,0.1,0,True,15,False
run.fixture.fixed.101,101,fixed,fixture,edge.market,620,0.1,0,True,20,False
run.fixture.fixed.101,101,fixed,fixture,edge.market,625,0.1,0,True,25,False
run.fixture.fixed.101,101,fixed,fixture,edge.market,630,0.1,0,False,0,False
run.fixture.fixed.101,101,fixed,fixture,edge.market,635,0.1,0,False,5,False
run.fixture.fixed.101,101,fixed,fixture,edge.market,640,0.1,0,False,10,False
run.fixture.fixed.101,101,fixed,fixture,edge.market,645,0.1,0,False,15,False
run.fixture.fixed.101,101,fixed,fixture,edge.market,650,0.1,0,False,20,False
run.fixture.fixed.101,101,fixed,fixture,edge.market,655,0.1,0,False,25,False
run.fixture.fixed.101,101,fixed,fixture,edge.market,660,0.1,0,True,0,False
run.fixture.fixed.101,101,fixed,fixture,edge.market,665,0.1,0,True,5,False
run.fixture.fixed.101,101,fixed,fixture,edge.market,670,0.1,0,True,10,False
run.fixture.fixed.101,101,fixed,fixture,edge.market,675,0.1,0,True,15,False
run.fixture.fixed.101,101,fixed,fixture,edge.market,680,0.1,0,True,20,False
run.fixture.fixed.101,101,fixed,fixture,edge.market,685,0.1,0,True,25,False
run.fixture.fixed.101,101,fixed,fixture,edge.market,690,0.1,0,False,0,False
run.fixture.fixed.101,101,fixed,fixture,edge.market,695,0.1,0,False,5,False
run.fixture.fixed.101,101,fixed,fixture,edge.market,700,0.1,0,False,10,False
run.fixture.fixed.101,101,fixed,fixture,edge.market,705,0.1,0,False,15,False
run.fixture.fixed.101,101,fixed,fixture,edge.market,710,0.1,0,False,20,False
run.fixture.fixed.101,101,fixed,fixture,edge.market,715,0.1,0,False,25,False
run.fixture.fixed.101,101,fixed,fixture,edge.market,720,0.1,0,True,0,False
run.fixture.fixed.101,101,fixed,fixture,edge.market,725,0.1,0,True,5,False
run.fixture.fixed.101,101,fixed,fixture,edge.market,730,0.1,0,True,10,False
run.fixture.fixed.101,101,fixed,fixture,edge.market,735,0.1,0,True,15,False
run.fixture.fixed.101,101,fixed,fixture,edge.market,740,0.1,0,True,20,False
run.fixture.fixed.101,101,fixed,fixture,edge.market,745,0.1,0,True,25,False
run.fixture.fixed.101,101,fixed,fixture,edge.market,750,0.1,0,False,0,False
run.fixture.fixed.101,101,fixed,fixture,edge.market,755,0.1,0,False,5,False
run.fixture.fixed.101,101,fixed,fixture,edge.market,760,0.1,0,False,10,False
run.fixture.fixed.101,101,fixed,fixture,edge.market,765,0.1,0,False,15,False
run.fixture.fixed.101,101,fixed,fixture,edge.market,770,0.1,0,False,20,False
run.fixture.fixed.101,101,fixed,fixture,edge.market,775,0.1,0,False,25,False
run.fixture.fixed.101,101,fixed,fixture,edge.market,780,0.1,0,True,0,False
run.fixture.fixed.101,101,fixed,fixture,edge.market,785,0.1,0,True,5,False
run.fixture.fixed.101,101,fixed,fixture,edge.market,790,0.1,0,True,10,False
run.fixture.fixed.101,101,fixed,fixture,edge.market,795,0.1,0,True,15,False
run.fixture.fixed.101,101,fixed,fixture,edge.market,800,0.1,0,True,20,False
run.fixture.fixed.101,101,fixed,fixture,edge.market,805,0.1,0,True,25,False
run.fixture.fixed.101,101,fixed,fixture,edge.market,810,0.1,0,False,0,False
run.fixture.fixed.101,101,fixed,fixture,edge.market,815,0.1,0,False,5,False
run.fixture.fixed.101,101,fixed,fixture,edge.market,820,0.1,0,False,10,False
run.fixture.fixed.101,101,fixed,fixture,edge.market,825,0.1,0,False,15,False
run.fixture.fixed.101,101,fixed,fixture,edge.market,830,0.1,0,False,20,False
run.fixture.fixed.101,101,fixed,fixture,edge.market,835,0.1,0,False,25,False
run.fixture.fixed.101,101,fixed,fixture,edge.market,840,0.1,0,True,0,False
run.fixture.fixed.101,101,fixed,fixture,edge.market,845,0.1,0,True,5,False
run.fixture.fixed.101,101,fixed,fixture,edge.market,850,0.1,0,True,10,False
run.fixture.fixed.101,101,fixed,fixture,edge.market,855,0.1,0,True,15,False
run.fixture.fixed.101,101,fixed,fixture,edge.market,860,0.1,0,True,20,False
run.fixture.fixed.101,101,fixed,fixture,edge.market,865,0.1,0,True,25,False
run.fixture.fixed.101,101,fixed,fixture,edge.market,870,0.1,0,False,0,False
run.fixture.fixed.101,101,fixed,fixture,edge.market,875,0.1,0,False,5,False
run.fixture.fixed.101,101,fixed,fixture,edge.market,880,0.1,0,False,10,False
run.fixture.fixed.101,101,fixed,fixture,edge.market,885,0.1,0,False,15,False
run.fixture.fixed.101,101,fixed,fixture,edge.market,890,0.1,0,False,20,False
run.fixture.fixed.101,101,fixed,fixture,edge.market,895,0.1,0,False,25,False
run.fixture.fixed.101,101,fixed,fixture,edge.market,900,0.1,0,True,0,False
run.fixture.fixed.102,102,fixed,fixture,edge.market,0,0.1,0,True,0,False
run.fixture.fixed.102,102,fixed,fixture,edge.market,5,0.1,0,True,5,False
run.fixture.fixed.102,102,fixed,fixture,edge.market,10,0.1,0,True,10,False
run.fixture.fixed.102,102,fixed,fixture,edge.market,15,0.1,0,True,15,False
run.fixture.fixed.102,102,fixed,fixture,edge.market,20,0.1,0,True,20,False
run.fixture.fixed.102,102,fixed,fixture,edge.market,25,0.1,0,True,25,False
run.fixture.fixed.102,102,fixed,fixture,edge.market,30,0.1,0,False,0,False
run.fixture.fixed.102,102,fixed,fixture,edge.market,35,0.1,0,False,5,False
run.fixture.fixed.102,102,fixed,fixture,edge.market,40,0.1,0,False,10,False
run.fixture.fixed.102,102,fixed,fixture,edge.market,45,0.1,0,False,15,False
run.fixture.fixed.102,102,fixed,fixture,edge.market,50,0.1,0,False,20,False
run.fixture.fixed.102,102,fixed,fixture,edge.market,55,0.1,0,False,25,False
run.fixture.fixed.102,102,fixed,fixture,edge.market,60,0.1,0,True,0,False
run.fixture.fixed.102,102,fixed,fixture,edge.market,65,0.1,0,True,5,False
run.fixture.fixed.102,102,fixed,fixture,edge.market,70,0.1,0,True,10,False
run.fixture.fixed.102,102,fixed,fixture,edge.market,75,0.1,0,True,15,False
run.fixture.fixed.102,102,fixed,fixture,edge.market,80,0.1,0,True,20,False
run.fixture.fixed.102,102,fixed,fixture,edge.market,85,0.1,0,True,25,False
run.fixture.fixed.102,102,fixed,fixture,edge.market,90,0.1,0,False,0,False
run.fixture.fixed.102,102,fixed,fixture,edge.market,95,0.1,0,False,5,False
run.fixture.fixed.102,102,fixed,fixture,edge.market,100,0.1,0,False,10,False
run.fixture.fixed.102,102,fixed,fixture,edge.market,105,0.1,0,False,15,False
run.fixture.fixed.102,102,fixed,fixture,edge.market,110,0.1,0,False,20,False
run.fixture.fixed.102,102,fixed,fixture,edge.market,115,0.1,0,False,25,False
run.fixture.fixed.102,102,fixed,fixture,edge.market,120,0.1,0,True,0,False
run.fixture.fixed.102,102,fixed,fixture,edge.market,125,0.1,0,True,5,False
run.fixture.fixed.102,102,fixed,fixture,edge.market,130,0.1,0,True,10,False
run.fixture.fixed.102,102,fixed,fixture,edge.market,135,0.1,0,True,15,False
run.fixture.fixed.102,102,fixed,fixture,edge.market,140,0.1,0,True,20,False
run.fixture.fixed.102,102,fixed,fixture,edge.market,145,0.1,0,True,25,False
run.fixture.fixed.102,102,fixed,fixture,edge.market,150,0.1,0,False,0,False
run.fixture.fixed.102,102,fixed,fixture,edge.market,155,0.1,0,False,5,False
run.fixture.fixed.102,102,fixed,fixture,edge.market,160,0.1,0,False,10,False
run.fixture.fixed.102,102,fixed,fixture,edge.market,165,0.1,0,False,15,False
run.fixture.fixed.102,102,fixed,fixture,edge.market,170,0.114,0,False,20,False
run.fixture.fixed.102,102,fixed,fixture,edge.market,175,0.1315,0,False,25,False
run.fixture.fixed.102,102,fixed,fixture,edge.market,180,0.14900000000000002,0,True,0,False
run.fixture.fixed.102,102,fixed,fixture,edge.market,185,0.1665,0,True,5,False
run.fixture.fixed.102,102,fixed,fixture,edge.market,190,0.184,0,True,10,False
run.fixture.fixed.102,102,fixed,fixture,edge.market,195,0.2015,0,True,15,False
run.fixture.fixed.102,102,fixed,fixture,edge.market,200,0.21900000000000003,0,True,20,False
run.fixture.fixed.102,102,fixed,fixture,edge.market,205,0.23650000000000002,0,True,25,False
run.fixture.fixed.102,102,fixed,fixture,edge.market,210,0.254,0,False,0,False
run.fixture.fixed.102,102,fixed,fixture,edge.market,215,0.2715,0,False,5,False
run.fixture.fixed.102,102,fixed,fixture,edge.market,220,0.28900000000000003,0,False,10,False
run.fixture.fixed.102,102,fixed,fixture,edge.market,225,0.3065,0,False,15,False
run.fixture.fixed.102,102,fixed,fixture,edge.market,230,0.324,0,False,20,False
run.fixture.fixed.102,102,fixed,fixture,edge.market,235,0.3415,0,False,25,False
run.fixture.fixed.102,102,fixed,fixture,edge.market,240,0.359,0,True,0,False
run.fixture.fixed.102,102,fixed,fixture,edge.market,245,0.37650000000000006,0,True,5,False
run.fixture.fixed.102,102,fixed,fixture,edge.market,250,0.394,0,True,10,False
run.fixture.fixed.102,102,fixed,fixture,edge.market,255,0.4115,0,True,15,False
run.fixture.fixed.102,102,fixed,fixture,edge.market,260,0.42900000000000005,0,True,20,False
run.fixture.fixed.102,102,fixed,fixture,edge.market,265,0.4465,0,True,25,False
run.fixture.fixed.102,102,fixed,fixture,edge.market,270,0.46399999999999997,0,False,0,False
run.fixture.fixed.102,102,fixed,fixture,edge.market,275,0.48150000000000004,0,False,5,False
run.fixture.fixed.102,102,fixed,fixture,edge.market,280,0.499,0,False,10,False
run.fixture.fixed.102,102,fixed,fixture,edge.market,285,0.5165,0,False,15,False
run.fixture.fixed.102,102,fixed,fixture,edge.market,290,0.534,0,False,20,False
run.fixture.fixed.102,102,fixed,fixture,edge.market,295,0.5515,0,False,25,False
run.fixture.fixed.102,102,fixed,fixture,edge.market,300,0.5690000000000001,0,True,0,False
run.fixture.fixed.102,102,fixed,fixture,edge.market,305,0.5865,0,True,5,False
run.fixture.fixed.102,102,fixed,fixture,edge.market,310,0.604,0,True,10,False
run.fixture.fixed.102,102,fixed,fixture,edge.market,315,0.6214999999999999,0,True,15,False
run.fixture.fixed.102,102,fixed,fixture,edge.market,320,0.639,0,True,20,False
run.fixture.fixed.102,102,fixed,fixture,edge.market,325,0.6565,0,True,25,False
run.fixture.fixed.102,102,fixed,fixture,edge.market,330,0.674,0,False,0,False
run.fixture.fixed.102,102,fixed,fixture,edge.market,335,0.6915,0,False,5,False
run.fixture.fixed.102,102,fixed,fixture,edge.market,340,0.709,100,False,10,True
run.fixture.fixed.102,102,fixed,fixture,edge.market,345,0.7265,100,False,15,True
run.fixture.fixed.102,102,fixed,fixture,edge.market,350,0.744,100,False,20,True
run.fixture.fixed.102,102,fixed,fixture,edge.market,355,0.7615,100,False,25,True
run.fixture.fixed.102,102,fixed,fixture,edge.market,360,0.779,100,True,0,True
run.fixture.fixed.102,102,fixed,fixture,edge.market,365,0.7965,100,True,5,True
run.fixture.fixed.102,102,fixed,fixture,edge.market,370,0.814,100,True,10,True
run.fixture.fixed.102,102,fixed,fixture,edge.market,375,0.8315,100,True,15,True
run.fixture.fixed.102,102,fixed,fixture,edge.market,380,0.849,100,True,20,True
run.fixture.fixed.102,102,fixed,fixture,edge.market,385,0.8665,100,True,25,True
run.fixture.fixed.102,102,fixed,fixture,edge.market,390,0.884,100,False,0,True
run.fixture.fixed.102,102,fixed,fixture,edge.market,395,0.9,100,False,5,True
run.fixture.fixed.102,102,fixed,fixture,edge.market,400,0.884,100,False,10,True
run.fixture.fixed.102,102,fixed,fixture,edge.market,405,0.844,100,False,15,True
run.fixture.fixed.102,102,fixed,fixture,edge.market,410,0.804,100,False,20,True
run.fixture.fixed.102,102,fixed,fixture,edge.market,415,0.764,100,False,25,True
run.fixture.fixed.102,102,fixed,fixture,edge.market,420,0.724,100,True,0,True
run.fixture.fixed.102,102,fixed,fixture,edge.market,425,0.684,0,True,5,False
run.fixture.fixed.102,102,fixed,fixture,edge.market,430,0.644,0,True,10,False
run.fixture.fixed.102,102,fixed,fixture,edge.market,435,0.6040000000000001,0,True,15,False
run.fixture.fixed.102,102,fixed,fixture,edge.market,440,0.5640000000000001,0,True,20,False
run.fixture.fixed.102,102,fixed,fixture,edge.market,445,0.524,0,True,25,False
run.fixture.fixed.102,102,fixed,fixture,edge.market,450,0.484,0,False,0,False
run.fixture.fixed.102,102,fixed,fixture,edge.market,455,0.444,0,False,5,False
run.fixture.fixed.102,102,fixed,fixture,edge.market,460,0.404,0,False,10,False
run.fixture.fixed.102,102,fixed,fixture,edge.market,465,0.364,0,False,15,False
run.fixture.fixed.102,102,fixed,fixture,edge.market,470,0.32399999999999995,0,False,20,False
run.fixture.fixed.102,102,fixed,fixture,edge.market,475,0.28400000000000003,0,False,25,False
run.fixture.fixed.102,102,fixed,fixture,edge.market,480,0.244,0,True,0,False
run.fixture.fixed.102,102,fixed,fixture,edge.market,485,0.20399999999999996,0,True,5,False
run.fixture.fixed.102,102,fixed,fixture,edge.market,490,0.16400000000000003,0,True,10,False
run.fixture.fixed.102,102,fixed,fixture,edge.market,495,0.124,0,True,15,False
run.fixture.fixed.102,102,fixed,fixture,edge.market,500,0.1,0,True,20,False
run.fixture.fixed.102,102,fixed,fixture,edge.market,505,0.1,0,True,25,False
run.fixture.fixed.102,102,fixed,fixture,edge.market,510,0.1,0,False,0,False
run.fixture.fixed.102,102,fixed,fixture,edge.market,515,0.1,0,False,5,False
run.fixture.fixed.102,102,fixed,fixture,edge.market,520,0.1,0,False,10,False
run.fixture.fixed.102,102,fixed,fixture,edge.market,525,0.1,0,False,15,False
run.fixture.fixed.102,102,fixed,fixture,edge.market,530,0.1,0,False,20,False
run.fixture.fixed.102,102,fixed,fixture,edge.market,535,0.1,0,False,25,False
run.fixture.fixed.102,102,fixed,fixture,edge.market,540,0.1,0,True,0,False
run.fixture.fixed.102,102,fixed,fixture,edge.market,545,0.1,0,True,5,False
run.fixture.fixed.102,102,fixed,fixture,edge.market,550,0.1,0,True,10,False
run.fixture.fixed.102,102,fixed,fixture,edge.market,555,0.1,0,True,15,False
run.fixture.fixed.102,102,fixed,fixture,edge.market,560,0.1,0,True,20,False
run.fixture.fixed.102,102,fixed,fixture,edge.market,565,0.1,0,True,25,False
run.fixture.fixed.102,102,fixed,fixture,edge.market,570,0.1,0,False,0,False
run.fixture.fixed.102,102,fixed,fixture,edge.market,575,0.1,0,False,5,False
run.fixture.fixed.102,102,fixed,fixture,edge.market,580,0.1,0,False,10,False
run.fixture.fixed.102,102,fixed,fixture,edge.market,585,0.1,0,False,15,False
run.fixture.fixed.102,102,fixed,fixture,edge.market,590,0.1,0,False,20,False
run.fixture.fixed.102,102,fixed,fixture,edge.market,595,0.1,0,False,25,False
run.fixture.fixed.102,102,fixed,fixture,edge.market,600,0.1,0,True,0,False
run.fixture.fixed.102,102,fixed,fixture,edge.market,605,0.1,0,True,5,False
run.fixture.fixed.102,102,fixed,fixture,edge.market,610,0.1,0,True,10,False
run.fixture.fixed.102,102,fixed,fixture,edge.market,615,0.1,0,True,15,False
run.fixture.fixed.102,102,fixed,fixture,edge.market,620,0.1,0,True,20,False
run.fixture.fixed.102,102,fixed,fixture,edge.market,625,0.1,0,True,25,False
run.fixture.fixed.102,102,fixed,fixture,edge.market,630,0.1,0,False,0,False
run.fixture.fixed.102,102,fixed,fixture,edge.market,635,0.1,0,False,5,False
run.fixture.fixed.102,102,fixed,fixture,edge.market,640,0.1,0,False,10,False
run.fixture.fixed.102,102,fixed,fixture,edge.market,645,0.1,0,False,15,False
run.fixture.fixed.102,102,fixed,fixture,edge.market,650,0.1,0,False,20,False
run.fixture.fixed.102,102,fixed,fixture,edge.market,655,0.1,0,False,25,False
run.fixture.fixed.102,102,fixed,fixture,edge.market,660,0.1,0,True,0,False
run.fixture.fixed.102,102,fixed,fixture,edge.market,665,0.1,0,True,5,False
run.fixture.fixed.102,102,fixed,fixture,edge.market,670,0.1,0,True,10,False
run.fixture.fixed.102,102,fixed,fixture,edge.market,675,0.1,0,True,15,False
run.fixture.fixed.102,102,fixed,fixture,edge.market,680,0.1,0,True,20,False
run.fixture.fixed.102,102,fixed,fixture,edge.market,685,0.1,0,True,25,False
run.fixture.fixed.102,102,fixed,fixture,edge.market,690,0.1,0,False,0,False
run.fixture.fixed.102,102,fixed,fixture,edge.market,695,0.1,0,False,5,False
run.fixture.fixed.102,102,fixed,fixture,edge.market,700,0.1,0,False,10,False
run.fixture.fixed.102,102,fixed,fixture,edge.market,705,0.1,0,False,15,False
run.fixture.fixed.102,102,fixed,fixture,edge.market,710,0.1,0,False,20,False
run.fixture.fixed.102,102,fixed,fixture,edge.market,715,0.1,0,False,25,False
run.fixture.fixed.102,102,fixed,fixture,edge.market,720,0.1,0,True,0,False
run.fixture.fixed.102,102,fixed,fixture,edge.market,725,0.1,0,True,5,False
run.fixture.fixed.102,102,fixed,fixture,edge.market,730,0.1,0,True,10,False
run.fixture.fixed.102,102,fixed,fixture,edge.market,735,0.1,0,True,15,False
run.fixture.fixed.102,102,fixed,fixture,edge.market,740,0.1,0,True,20,False
run.fixture.fixed.102,102,fixed,fixture,edge.market,745,0.1,0,True,25,False
run.fixture.fixed.102,102,fixed,fixture,edge.market,750,0.1,0,False,0,False
run.fixture.fixed.102,102,fixed,fixture,edge.market,755,0.1,0,False,5,False
run.fixture.fixed.102,102,fixed,fixture,edge.market,760,0.1,0,False,10,False
run.fixture.fixed.102,102,fixed,fixture,edge.market,765,0.1,0,False,15,False
run.fixture.fixed.102,102,fixed,fixture,edge.market,770,0.1,0,False,20,False
run.fixture.fixed.102,102,fixed,fixture,edge.market,775,0.1,0,False,25,False
run.fixture.fixed.102,102,fixed,fixture,edge.market,780,0.1,0,True,0,False
run.fixture.fixed.102,102,fixed,fixture,edge.market,785,0.1,0,True,5,False
run.fixture.fixed.102,102,fixed,fixture,edge.market,790,0.1,0,True,10,False
run.fixture.fixed.102,102,fixed,fixture,edge.market,795,0.1,0,True,15,False
run.fixture.fixed.102,102,fixed,fixture,edge.market,800,0.1,0,True,20,False
run.fixture.fixed.102,102,fixed,fixture,edge.market,805,0.1,0,True,25,False
run.fixture.fixed.102,102,fixed,fixture,edge.market,810,0.1,0,False,0,False
run.fixture.fixed.102,102,fixed,fixture,edge.market,815,0.1,0,False,5,False
run.fixture.fixed.102,102,fixed,fixture,edge.market,820,0.1,0,False,10,False
run.fixture.fixed.102,102,fixed,fixture,edge.market,825,0.1,0,False,15,False
run.fixture.fixed.102,102,fixed,fixture,edge.market,830,0.1,0,False,20,False
run.fixture.fixed.102,102,fixed,fixture,edge.market,835,0.1,0,False,25,False
run.fixture.fixed.102,102,fixed,fixture,edge.market,840,0.1,0,True,0,False
run.fixture.fixed.102,102,fixed,fixture,edge.market,845,0.1,0,True,5,False
run.fixture.fixed.102,102,fixed,fixture,edge.market,850,0.1,0,True,10,False
run.fixture.fixed.102,102,fixed,fixture,edge.market,855,0.1,0,True,15,False
run.fixture.fixed.102,102,fixed,fixture,edge.market,860,0.1,0,True,20,False
run.fixture.fixed.102,102,fixed,fixture,edge.market,865,0.1,0,True,25,False
run.fixture.fixed.102,102,fixed,fixture,edge.market,870,0.1,0,False,0,False
run.fixture.fixed.102,102,fixed,fixture,edge.market,875,0.1,0,False,5,False
run.fixture.fixed.102,102,fixed,fixture,edge.market,880,0.1,0,False,10,False
run.fixture.fixed.102,102,fixed,fixture,edge.market,885,0.1,0,False,15,False
run.fixture.fixed.102,102,fixed,fixture,edge.market,890,0.1,0,False,20,False
run.fixture.fixed.102,102,fixed,fixture,edge.market,895,0.1,0,False,25,False
run.fixture.fixed.102,102,fixed,fixture,edge.market,900,0.1,0,True,0,False
run.fixture.fixed.103,103,fixed,fixture,edge.market,0,0.1,0,True,0,False
run.fixture.fixed.103,103,fixed,fixture,edge.market,5,0.1,0,True,5,False
run.fixture.fixed.103,103,fixed,fixture,edge.market,10,0.1,0,True,10,False
run.fixture.fixed.103,103,fixed,fixture,edge.market,15,0.1,0,True,15,False
run.fixture.fixed.103,103,fixed,fixture,edge.market,20,0.1,0,True,20,False
run.fixture.fixed.103,103,fixed,fixture,edge.market,25,0.1,0,True,25,False
run.fixture.fixed.103,103,fixed,fixture,edge.market,30,0.1,0,False,0,False
run.fixture.fixed.103,103,fixed,fixture,edge.market,35,0.1,0,False,5,False
run.fixture.fixed.103,103,fixed,fixture,edge.market,40,0.1,0,False,10,False
run.fixture.fixed.103,103,fixed,fixture,edge.market,45,0.1,0,False,15,False
run.fixture.fixed.103,103,fixed,fixture,edge.market,50,0.1,0,False,20,False
run.fixture.fixed.103,103,fixed,fixture,edge.market,55,0.1,0,False,25,False
run.fixture.fixed.103,103,fixed,fixture,edge.market,60,0.1,0,True,0,False
run.fixture.fixed.103,103,fixed,fixture,edge.market,65,0.1,0,True,5,False
run.fixture.fixed.103,103,fixed,fixture,edge.market,70,0.1,0,True,10,False
run.fixture.fixed.103,103,fixed,fixture,edge.market,75,0.1,0,True,15,False
run.fixture.fixed.103,103,fixed,fixture,edge.market,80,0.1,0,True,20,False
run.fixture.fixed.103,103,fixed,fixture,edge.market,85,0.1,0,True,25,False
run.fixture.fixed.103,103,fixed,fixture,edge.market,90,0.1,0,False,0,False
run.fixture.fixed.103,103,fixed,fixture,edge.market,95,0.1,0,False,5,False
run.fixture.fixed.103,103,fixed,fixture,edge.market,100,0.1,0,False,10,False
run.fixture.fixed.103,103,fixed,fixture,edge.market,105,0.1,0,False,15,False
run.fixture.fixed.103,103,fixed,fixture,edge.market,110,0.1,0,False,20,False
run.fixture.fixed.103,103,fixed,fixture,edge.market,115,0.1,0,False,25,False
run.fixture.fixed.103,103,fixed,fixture,edge.market,120,0.1,0,True,0,False
run.fixture.fixed.103,103,fixed,fixture,edge.market,125,0.1,0,True,5,False
run.fixture.fixed.103,103,fixed,fixture,edge.market,130,0.1,0,True,10,False
run.fixture.fixed.103,103,fixed,fixture,edge.market,135,0.1,0,True,15,False
run.fixture.fixed.103,103,fixed,fixture,edge.market,140,0.1,0,True,20,False
run.fixture.fixed.103,103,fixed,fixture,edge.market,145,0.1,0,True,25,False
run.fixture.fixed.103,103,fixed,fixture,edge.market,150,0.1,0,False,0,False
run.fixture.fixed.103,103,fixed,fixture,edge.market,155,0.1,0,False,5,False
run.fixture.fixed.103,103,fixed,fixture,edge.market,160,0.1,0,False,10,False
run.fixture.fixed.103,103,fixed,fixture,edge.market,165,0.1,0,False,15,False
run.fixture.fixed.103,103,fixed,fixture,edge.market,170,0.1,0,False,20,False
run.fixture.fixed.103,103,fixed,fixture,edge.market,175,0.10700000000000001,0,False,25,False
run.fixture.fixed.103,103,fixed,fixture,edge.market,180,0.1245,0,True,0,False
run.fixture.fixed.103,103,fixed,fixture,edge.market,185,0.14200000000000002,0,True,5,False
run.fixture.fixed.103,103,fixed,fixture,edge.market,190,0.1595,0,True,10,False
run.fixture.fixed.103,103,fixed,fixture,edge.market,195,0.177,0,True,15,False
run.fixture.fixed.103,103,fixed,fixture,edge.market,200,0.1945,0,True,20,False
run.fixture.fixed.103,103,fixed,fixture,edge.market,205,0.21200000000000002,0,True,25,False
run.fixture.fixed.103,103,fixed,fixture,edge.market,210,0.2295,0,False,0,False
run.fixture.fixed.103,103,fixed,fixture,edge.market,215,0.247,0,False,5,False
run.fixture.fixed.103,103,fixed,fixture,edge.market,220,0.2645,0,False,10,False
run.fixture.fixed.103,103,fixed,fixture,edge.market,225,0.28200000000000003,0,False,15,False
run.fixture.fixed.103,103,fixed,fixture,edge.market,230,0.2995,0,False,20,False
run.fixture.fixed.103,103,fixed,fixture,edge.market,235,0.317,0,False,25,False
run.fixture.fixed.103,103,fixed,fixture,edge.market,240,0.3345,0,True,0,False
run.fixture.fixed.103,103,fixed,fixture,edge.market,245,0.352,0,True,5,False
run.fixture.fixed.103,103,fixed,fixture,edge.market,250,0.36950000000000005,0,True,10,False
run.fixture.fixed.103,103,fixed,fixture,edge.market,255,0.387,0,True,15,False
run.fixture.fixed.103,103,fixed,fixture,edge.market,260,0.40449999999999997,0,True,20,False
run.fixture.fixed.103,103,fixed,fixture,edge.market,265,0.42200000000000004,0,True,25,False
run.fixture.fixed.103,103,fixed,fixture,edge.market,270,0.4395,0,False,0,False
run.fixture.fixed.103,103,fixed,fixture,edge.market,275,0.45699999999999996,0,False,5,False
run.fixture.fixed.103,103,fixed,fixture,edge.market,280,0.47450000000000003,0,False,10,False
run.fixture.fixed.103,103,fixed,fixture,edge.market,285,0.492,0,False,15,False
run.fixture.fixed.103,103,fixed,fixture,edge.market,290,0.5095000000000001,0,False,20,False
run.fixture.fixed.103,103,fixed,fixture,edge.market,295,0.527,0,False,25,False
run.fixture.fixed.103,103,fixed,fixture,edge.market,300,0.5445,0,True,0,False
run.fixture.fixed.103,103,fixed,fixture,edge.market,305,0.562,0,True,5,False
run.fixture.fixed.103,103,fixed,fixture,edge.market,310,0.5795,0,True,10,False
run.fixture.fixed.103,103,fixed,fixture,edge.market,315,0.597,0,True,15,False
run.fixture.fixed.103,103,fixed,fixture,edge.market,320,0.6144999999999999,0,True,20,False
run.fixture.fixed.103,103,fixed,fixture,edge.market,325,0.632,0,True,25,False
run.fixture.fixed.103,103,fixed,fixture,edge.market,330,0.6495,0,False,0,False
run.fixture.fixed.103,103,fixed,fixture,edge.market,335,0.667,0,False,5,False
run.fixture.fixed.103,103,fixed,fixture,edge.market,340,0.6845,0,False,10,False
run.fixture.fixed.103,103,fixed,fixture,edge.market,345,0.702,100,False,15,True
run.fixture.fixed.103,103,fixed,fixture,edge.market,350,0.7195,100,False,20,True
run.fixture.fixed.103,103,fixed,fixture,edge.market,355,0.737,100,False,25,True
run.fixture.fixed.103,103,fixed,fixture,edge.market,360,0.7545,100,True,0,True
run.fixture.fixed.103,103,fixed,fixture,edge.market,365,0.772,100,True,5,True
run.fixture.fixed.103,103,fixed,fixture,edge.market,370,0.7895,100,True,10,True
run.fixture.fixed.103,103,fixed,fixture,edge.market,375,0.8069999999999999,100,True,15,True
run.fixture.fixed.103,103,fixed,fixture,edge.market,380,0.8245,100,True,20,True
run.fixture.fixed.103,103,fixed,fixture,edge.market,385,0.842,100,True,25,True
run.fixture.fixed.103,103,fixed,fixture,edge.market,390,0.8595,100,False,0,True
run.fixture.fixed.103,103,fixed,fixture,edge.market,395,0.877,100,False,5,True
run.fixture.fixed.103,103,fixed,fixture,edge.market,400,0.8945,100,False,10,True
run.fixture.fixed.103,103,fixed,fixture,edge.market,405,0.9,100,False,15,True
run.fixture.fixed.103,103,fixed,fixture,edge.market,410,0.9,100,False,20,True
run.fixture.fixed.103,103,fixed,fixture,edge.market,415,0.9,100,False,25,True
run.fixture.fixed.103,103,fixed,fixture,edge.market,420,0.884,100,True,0,True
run.fixture.fixed.103,103,fixed,fixture,edge.market,425,0.844,100,True,5,True
run.fixture.fixed.103,103,fixed,fixture,edge.market,430,0.804,100,True,10,True
run.fixture.fixed.103,103,fixed,fixture,edge.market,435,0.764,100,True,15,True
run.fixture.fixed.103,103,fixed,fixture,edge.market,440,0.724,100,True,20,True
run.fixture.fixed.103,103,fixed,fixture,edge.market,445,0.684,0,True,25,False
run.fixture.fixed.103,103,fixed,fixture,edge.market,450,0.644,0,False,0,False
run.fixture.fixed.103,103,fixed,fixture,edge.market,455,0.6040000000000001,0,False,5,False
run.fixture.fixed.103,103,fixed,fixture,edge.market,460,0.5640000000000001,0,False,10,False
run.fixture.fixed.103,103,fixed,fixture,edge.market,465,0.524,0,False,15,False
run.fixture.fixed.103,103,fixed,fixture,edge.market,470,0.484,0,False,20,False
run.fixture.fixed.103,103,fixed,fixture,edge.market,475,0.444,0,False,25,False
run.fixture.fixed.103,103,fixed,fixture,edge.market,480,0.404,0,True,0,False
run.fixture.fixed.103,103,fixed,fixture,edge.market,485,0.364,0,True,5,False
run.fixture.fixed.103,103,fixed,fixture,edge.market,490,0.32399999999999995,0,True,10,False
run.fixture.fixed.103,103,fixed,fixture,edge.market,495,0.28400000000000003,0,True,15,False
run.fixture.fixed.103,103,fixed,fixture,edge.market,500,0.244,0,True,20,False
run.fixture.fixed.103,103,fixed,fixture,edge.market,505,0.20399999999999996,0,True,25,False
run.fixture.fixed.103,103,fixed,fixture,edge.market,510,0.16400000000000003,0,False,0,False
run.fixture.fixed.103,103,fixed,fixture,edge.market,515,0.124,0,False,5,False
run.fixture.fixed.103,103,fixed,fixture,edge.market,520,0.1,0,False,10,False
run.fixture.fixed.103,103,fixed,fixture,edge.market,525,0.1,0,False,15,False
run.fixture.fixed.103,103,fixed,fixture,edge.market,530,0.1,0,False,20,False
run.fixture.fixed.103,103,fixed,fixture,edge.market,535,0.1,0,False,25,False
run.fixture.fixed.103,103,fixed,fixture,edge.market,540,0.1,0,True,0,False
run.fixture.fixed.103,103,fixed,fixture,edge.market,545,0.1,0,True,5,False
run.fixture.fixed.103,103,fixed,fixture,edge.market,550,0.1,0,True,10,False
run.fixture.fixed.103,103,fixed,fixture,edge.market,555,0.1,0,True,15,False
run.fixture.fixed.103,103,fixed,fixture,edge.market,560,0.1,0,True,20,False
run.fixture.fixed.103,103,fixed,fixture,edge.market,565,0.1,0,True,25,False
run.fixture.fixed.103,103,fixed,fixture,edge.market,570,0.1,0,False,0,False
run.fixture.fixed.103,103,fixed,fixture,edge.market,575,0.1,0,False,5,False
run.fixture.fixed.103,103,fixed,fixture,edge.market,580,0.1,0,False,10,False
run.fixture.fixed.103,103,fixed,fixture,edge.market,585,0.1,0,False,15,False
run.fixture.fixed.103,103,fixed,fixture,edge.market,590,0.1,0,False,20,False
run.fixture.fixed.103,103,fixed,fixture,edge.market,595,0.1,0,False,25,False
run.fixture.fixed.103,103,fixed,fixture,edge.market,600,0.1,0,True,0,False
run.fixture.fixed.103,103,fixed,fixture,edge.market,605,0.1,0,True,5,False
run.fixture.fixed.103,103,fixed,fixture,edge.market,610,0.1,0,True,10,False
run.fixture.fixed.103,103,fixed,fixture,edge.market,615,0.1,0,True,15,False
run.fixture.fixed.103,103,fixed,fixture,edge.market,620,0.1,0,True,20,False
run.fixture.fixed.103,103,fixed,fixture,edge.market,625,0.1,0,True,25,False
run.fixture.fixed.103,103,fixed,fixture,edge.market,630,0.1,0,False,0,False
run.fixture.fixed.103,103,fixed,fixture,edge.market,635,0.1,0,False,5,False
run.fixture.fixed.103,103,fixed,fixture,edge.market,640,0.1,0,False,10,False
run.fixture.fixed.103,103,fixed,fixture,edge.market,645,0.1,0,False,15,False
run.fixture.fixed.103,103,fixed,fixture,edge.market,650,0.1,0,False,20,False
run.fixture.fixed.103,103,fixed,fixture,edge.market,655,0.1,0,False,25,False
run.fixture.fixed.103,103,fixed,fixture,edge.market,660,0.1,0,True,0,False
run.fixture.fixed.103,103,fixed,fixture,edge.market,665,0.1,0,True,5,False
run.fixture.fixed.103,103,fixed,fixture,edge.market,670,0.1,0,True,10,False
run.fixture.fixed.103,103,fixed,fixture,edge.market,675,0.1,0,True,15,False
run.fixture.fixed.103,103,fixed,fixture,edge.market,680,0.1,0,True,20,False
run.fixture.fixed.103,103,fixed,fixture,edge.market,685,0.1,0,True,25,False
run.fixture.fixed.103,103,fixed,fixture,edge.market,690,0.1,0,False,0,False
run.fixture.fixed.103,103,fixed,fixture,edge.market,695,0.1,0,False,5,False
run.fixture.fixed.103,103,fixed,fixture,edge.market,700,0.1,0,False,10,False
run.fixture.fixed.103,103,fixed,fixture,edge.market,705,0.1,0,False,15,False
run.fixture.fixed.103,103,fixed,fixture,edge.market,710,0.1,0,False,20,False
run.fixture.fixed.103,103,fixed,fixture,edge.market,715,0.1,0,False,25,False
run.fixture.fixed.103,103,fixed,fixture,edge.market,720,0.1,0,True,0,False
run.fixture.fixed.103,103,fixed,fixture,edge.market,725,0.1,0,True,5,False
run.fixture.fixed.103,103,fixed,fixture,edge.market,730,0.1,0,True,10,False
run.fixture.fixed.103,103,fixed,fixture,edge.market,735,0.1,0,True,15,False
run.fixture.fixed.103,103,fixed,fixture,edge.market,740,0.1,0,True,20,False
run.fixture.fixed.103,103,fixed,fixture,edge.market,745,0.1,0,True,25,False
run.fixture.fixed.103,103,fixed,fixture,edge.market,750,0.1,0,False,0,False
run.fixture.fixed.103,103,fixed,fixture,edge.market,755,0.1,0,False,5,False
run.fixture.fixed.103,103,fixed,fixture,edge.market,760,0.1,0,False,10,False
run.fixture.fixed.103,103,fixed,fixture,edge.market,765,0.1,0,False,15,False
run.fixture.fixed.103,103,fixed,fixture,edge.market,770,0.1,0,False,20,False
run.fixture.fixed.103,103,fixed,fixture,edge.market,775,0.1,0,False,25,False
run.fixture.fixed.103,103,fixed,fixture,edge.market,780,0.1,0,True,0,False
run.fixture.fixed.103,103,fixed,fixture,edge.market,785,0.1,0,True,5,False
run.fixture.fixed.103,103,fixed,fixture,edge.market,790,0.1,0,True,10,False
run.fixture.fixed.103,103,fixed,fixture,edge.market,795,0.1,0,True,15,False
run.fixture.fixed.103,103,fixed,fixture,edge.market,800,0.1,0,True,20,False
run.fixture.fixed.103,103,fixed,fixture,edge.market,805,0.1,0,True,25,False
run.fixture.fixed.103,103,fixed,fixture,edge.market,810,0.1,0,False,0,False
run.fixture.fixed.103,103,fixed,fixture,edge.market,815,0.1,0,False,5,False
run.fixture.fixed.103,103,fixed,fixture,edge.market,820,0.1,0,False,10,False
run.fixture.fixed.103,103,fixed,fixture,edge.market,825,0.1,0,False,15,False
run.fixture.fixed.103,103,fixed,fixture,edge.market,830,0.1,0,False,20,False
run.fixture.fixed.103,103,fixed,fixture,edge.market,835,0.1,0,False,25,False
run.fixture.fixed.103,103,fixed,fixture,edge.market,840,0.1,0,True,0,False
run.fixture.fixed.103,103,fixed,fixture,edge.market,845,0.1,0,True,5,False
run.fixture.fixed.103,103,fixed,fixture,edge.market,850,0.1,0,True,10,False
run.fixture.fixed.103,103,fixed,fixture,edge.market,855,0.1,0,True,15,False
run.fixture.fixed.103,103,fixed,fixture,edge.market,860,0.1,0,True,20,False
run.fixture.fixed.103,103,fixed,fixture,edge.market,865,0.1,0,True,25,False
run.fixture.fixed.103,103,fixed,fixture,edge.market,870,0.1,0,False,0,False
run.fixture.fixed.103,103,fixed,fixture,edge.market,875,0.1,0,False,5,False
run.fixture.fixed.103,103,fixed,fixture,edge.market,880,0.1,0,False,10,False
run.fixture.fixed.103,103,fixed,fixture,edge.market,885,0.1,0,False,15,False
run.fixture.fixed.103,103,fixed,fixture,edge.market,890,0.1,0,False,20,False
run.fixture.fixed.103,103,fixed,fixture,edge.market,895,0.1,0,False,25,False
run.fixture.fixed.103,103,fixed,fixture,edge.market,900,0.1,0,True,0,False
run.fixture.fixed.104,104,fixed,fixture,edge.market,0,0.1,0,True,0,False
run.fixture.fixed.104,104,fixed,fixture,edge.market,5,0.1,0,True,5,False
run.fixture.fixed.104,104,fixed,fixture,edge.market,10,0.1,0,True,10,False
run.fixture.fixed.104,104,fixed,fixture,edge.market,15,0.1,0,True,15,False
run.fixture.fixed.104,104,fixed,fixture,edge.market,20,0.1,0,True,20,False
run.fixture.fixed.104,104,fixed,fixture,edge.market,25,0.1,0,True,25,False
run.fixture.fixed.104,104,fixed,fixture,edge.market,30,0.1,0,False,0,False
run.fixture.fixed.104,104,fixed,fixture,edge.market,35,0.1,0,False,5,False
run.fixture.fixed.104,104,fixed,fixture,edge.market,40,0.1,0,False,10,False
run.fixture.fixed.104,104,fixed,fixture,edge.market,45,0.1,0,False,15,False
run.fixture.fixed.104,104,fixed,fixture,edge.market,50,0.1,0,False,20,False
run.fixture.fixed.104,104,fixed,fixture,edge.market,55,0.1,0,False,25,False
run.fixture.fixed.104,104,fixed,fixture,edge.market,60,0.1,0,True,0,False
run.fixture.fixed.104,104,fixed,fixture,edge.market,65,0.1,0,True,5,False
run.fixture.fixed.104,104,fixed,fixture,edge.market,70,0.1,0,True,10,False
run.fixture.fixed.104,104,fixed,fixture,edge.market,75,0.1,0,True,15,False
run.fixture.fixed.104,104,fixed,fixture,edge.market,80,0.1,0,True,20,False
run.fixture.fixed.104,104,fixed,fixture,edge.market,85,0.1,0,True,25,False
run.fixture.fixed.104,104,fixed,fixture,edge.market,90,0.1,0,False,0,False
run.fixture.fixed.104,104,fixed,fixture,edge.market,95,0.1,0,False,5,False
run.fixture.fixed.104,104,fixed,fixture,edge.market,100,0.1,0,False,10,False
run.fixture.fixed.104,104,fixed,fixture,edge.market,105,0.1,0,False,15,False
run.fixture.fixed.104,104,fixed,fixture,edge.market,110,0.1,0,False,20,False
run.fixture.fixed.104,104,fixed,fixture,edge.market,115,0.1,0,False,25,False
run.fixture.fixed.104,104,fixed,fixture,edge.market,120,0.1,0,True,0,False
run.fixture.fixed.104,104,fixed,fixture,edge.market,125,0.1,0,True,5,False
run.fixture.fixed.104,104,fixed,fixture,edge.market,130,0.1,0,True,10,False
run.fixture.fixed.104,104,fixed,fixture,edge.market,135,0.1,0,True,15,False
run.fixture.fixed.104,104,fixed,fixture,edge.market,140,0.1,0,True,20,False
run.fixture.fixed.104,104,fixed,fixture,edge.market,145,0.1,0,True,25,False
run.fixture.fixed.104,104,fixed,fixture,edge.market,150,0.1,0,False,0,False
run.fixture.fixed.104,104,fixed,fixture,edge.market,155,0.1,0,False,5,False
run.fixture.fixed.104,104,fixed,fixture,edge.market,160,0.1,0,False,10,False
run.fixture.fixed.104,104,fixed,fixture,edge.market,165,0.1,0,False,15,False
run.fixture.fixed.104,104,fixed,fixture,edge.market,170,0.1,0,False,20,False
run.fixture.fixed.104,104,fixed,fixture,edge.market,175,0.1,0,False,25,False
run.fixture.fixed.104,104,fixed,fixture,edge.market,180,0.1,0,True,0,False
run.fixture.fixed.104,104,fixed,fixture,edge.market,185,0.1105,0,True,5,False
run.fixture.fixed.104,104,fixed,fixture,edge.market,190,0.128,0,True,10,False
run.fixture.fixed.104,104,fixed,fixture,edge.market,195,0.14550000000000002,0,True,15,False
run.fixture.fixed.104,104,fixed,fixture,edge.market,200,0.163,0,True,20,False
run.fixture.fixed.104,104,fixed,fixture,edge.market,205,0.1805,0,True,25,False
run.fixture.fixed.104,104,fixed,fixture,edge.market,210,0.198,0,False,0,False
run.fixture.fixed.104,104,fixed,fixture,edge.market,215,0.21550000000000002,0,False,5,False
run.fixture.fixed.104,104,fixed,fixture,edge.market,220,0.233,0,False,10,False
run.fixture.fixed.104,104,fixed,fixture,edge.market,225,0.2505,0,False,15,False
run.fixture.fixed.104,104,fixed,fixture,edge.market,230,0.268,0,False,20,False
run.fixture.fixed.104,104,fixed,fixture,edge.market,235,0.2855,0,False,25,False
run.fixture.fixed.104,104,fixed,fixture,edge.market,240,0.30300000000000005,0,True,0,False
run.fixture.fixed.104,104,fixed,fixture,edge.market,245,0.3205,0,True,5,False
run.fixture.fixed.104,104,fixed,fixture,edge.market,250,0.338,0,True,10,False
run.fixture.fixed.104,104,fixed,fixture,edge.market,255,0.35550000000000004,0,True,15,False
run.fixture.fixed.104,104,fixed,fixture,edge.market,260,0.373,0,True,20,False
run.fixture.fixed.104,104,fixed,fixture,edge.market,265,0.39049999999999996,0,True,25,False
run.fixture.fixed.104,104,fixed,fixture,edge.market,270,0.40800000000000003,0,False,0,False
run.fixture.fixed.104,104,fixed,fixture,edge.market,275,0.4255,0,False,5,False
run.fixture.fixed.104,104,fixed,fixture,edge.market,280,0.44300000000000006,0,False,10,False
run.fixture.fixed.104,104,fixed,fixture,edge.market,285,0.4605,0,False,15,False
run.fixture.fixed.104,104,fixed,fixture,edge.market,290,0.478,0,False,20,False
run.fixture.fixed.104,104,fixed,fixture,edge.market,295,0.49550000000000005,0,False,25,False
run.fixture.fixed.104,104,fixed,fixture,edge.market,300,0.513,0,True,0,False
run.fixture.fixed.104,104,fixed,fixture,edge.market,305,0.5305,0,True,5,False
run.fixture.fixed.104,104,fixed,fixture,edge.market,310,0.548,0,True,10,False
run.fixture.fixed.104,104,fixed,fixture,edge.market,315,0.5655,0,True,15,False
run.fixture.fixed.104,104,fixed,fixture,edge.market,320,0.583,0,True,20,False
run.fixture.fixed.104,104,fixed,fixture,edge.market,325,0.6005,0,True,25,False
run.fixture.fixed.104,104,fixed,fixture,edge.market,330,0.618,0,False,0,False
run.fixture.fixed.104,104,fixed,fixture,edge.market,335,0.6355,0,False,5,False
run.fixture.fixed.104,104,fixed,fixture,edge.market,340,0.653,0,False,10,False
run.fixture.fixed.104,104,fixed,fixture,edge.market,345,0.6705,0,False,15,False
run.fixture.fixed.104,104,fixed,fixture,edge.market,350,0.688,0,False,20,False
run.fixture.fixed.104,104,fixed,fixture,edge.market,355,0.7055,100,False,25,True
run.fixture.fixed.104,104,fixed,fixture,edge.market,360,0.723,100,True,0,True
run.fixture.fixed.104,104,fixed,fixture,edge.market,365,0.7404999999999999,100,True,5,True
run.fixture.fixed.104,104,fixed,fixture,edge.market,370,0.758,100,True,10,True
run.fixture.fixed.104,104,fixed,fixture,edge.market,375,0.7755,100,True,15,True
run.fixture.fixed.104,104,fixed,fixture,edge.market,380,0.793,100,True,20,True
run.fixture.fixed.104,104,fixed,fixture,edge.market,385,0.8105,100,True,25,True
run.fixture.fixed.104,104,fixed,fixture,edge.market,390,0.828,100,False,0,True
run.fixture.fixed.104,104,fixed,fixture,edge.market,395,0.8455,100,False,5,True
run.fixture.fixed.104,104,fixed,fixture,edge.market,400,0.863,100,False,10,True
run.fixture.fixed.104,104,fixed,fixture,edge.market,405,0.8805,100,False,15,True
run.fixture.fixed.104,104,fixed,fixture,edge.market,410,0.898,100,False,20,True
run.fixture.fixed.104,104,fixed,fixture,edge.market,415,0.9,100,False,25,True
run.fixture.fixed.104,104,fixed,fixture,edge.market,420,0.9,100,True,0,True
run.fixture.fixed.104,104,fixed,fixture,edge.market,425,0.9,100,True,5,True
run.fixture.fixed.104,104,fixed,fixture,edge.market,430,0.9,100,True,10,True
run.fixture.fixed.104,104,fixed,fixture,edge.market,435,0.9,100,True,15,True
run.fixture.fixed.104,104,fixed,fixture,edge.market,440,0.9,100,True,20,True
run.fixture.fixed.104,104,fixed,fixture,edge.market,445,0.9,100,True,25,True
run.fixture.fixed.104,104,fixed,fixture,edge.market,450,0.9,100,False,0,True
run.fixture.fixed.104,104,fixed,fixture,edge.market,455,0.9,100,False,5,True
run.fixture.fixed.104,104,fixed,fixture,edge.market,460,0.9,100,False,10,True
run.fixture.fixed.104,104,fixed,fixture,edge.market,465,0.9,100,False,15,True
run.fixture.fixed.104,104,fixed,fixture,edge.market,470,0.892,100,False,20,True
run.fixture.fixed.104,104,fixed,fixture,edge.market,475,0.852,100,False,25,True
run.fixture.fixed.104,104,fixed,fixture,edge.market,480,0.812,100,True,0,True
run.fixture.fixed.104,104,fixed,fixture,edge.market,485,0.772,100,True,5,True
run.fixture.fixed.104,104,fixed,fixture,edge.market,490,0.732,100,True,10,True
run.fixture.fixed.104,104,fixed,fixture,edge.market,495,0.692,0,True,15,False
run.fixture.fixed.104,104,fixed,fixture,edge.market,500,0.652,0,True,20,False
run.fixture.fixed.104,104,fixed,fixture,edge.market,505,0.612,0,True,25,False
run.fixture.fixed.104,104,fixed,fixture,edge.market,510,0.5720000000000001,0,False,0,False
run.fixture.fixed.104,104,fixed,fixture,edge.market,515,0.532,0,False,5,False
run.fixture.fixed.104,104,fixed,fixture,edge.market,520,0.492,0,False,10,False
run.fixture.fixed.104,104,fixed,fixture,edge.market,525,0.452,0,False,15,False
run.fixture.fixed.104,104,fixed,fixture,edge.market,530,0.41200000000000003,0,False,20,False
run.fixture.fixed.104,104,fixed,fixture,edge.market,535,0.372,0,False,25,False
run.fixture.fixed.104,104,fixed,fixture,edge.market,540,0.33199999999999996,0,True,0,False
run.fixture.fixed.104,104,fixed,fixture,edge.market,545,0.29200000000000004,0,True,5,False
run.fixture.fixed.104,104,fixed,fixture,edge.market,550,0.252,0,True,10,False
run.fixture.fixed.104,104,fixed,fixture,edge.market,555,0.21199999999999997,0,True,15,False
run.fixture.fixed.104,104,fixed,fixture,edge.market,560,0.17200000000000004,0,True,20,False
run.fixture.fixed.104,104,fixed,fixture,edge.market,565,0.132,0,True,25,False
run.fixture.fixed.104,104,fixed,fixture,edge.market,570,0.1,0,False,0,False
run.fixture.fixed.104,104,fixed,fixture,edge.market,575,0.1,0,False,5,False
run.fixture.fixed.104,104,fixed,fixture,edge.market,580,0.1,0,False,10,False
run.fixture.fixed.104,104,fixed,fixture,edge.market,585,0.1,0,False,15,False
run.fixture.fixed.104,104,fixed,fixture,edge.market,590,0.1,0,False,20,False
run.fixture.fixed.104,104,fixed,fixture,edge.market,595,0.1,0,False,25,False
run.fixture.fixed.104,104,fixed,fixture,edge.market,600,0.1,0,True,0,False
run.fixture.fixed.104,104,fixed,fixture,edge.market,605,0.1,0,True,5,False
run.fixture.fixed.104,104,fixed,fixture,edge.market,610,0.1,0,True,10,False
run.fixture.fixed.104,104,fixed,fixture,edge.market,615,0.1,0,True,15,False
run.fixture.fixed.104,104,fixed,fixture,edge.market,620,0.1,0,True,20,False
run.fixture.fixed.104,104,fixed,fixture,edge.market,625,0.1,0,True,25,False
run.fixture.fixed.104,104,fixed,fixture,edge.market,630,0.1,0,False,0,False
run.fixture.fixed.104,104,fixed,fixture,edge.market,635,0.1,0,False,5,False
run.fixture.fixed.104,104,fixed,fixture,edge.market,640,0.1,0,False,10,False
run.fixture.fixed.104,104,fixed,fixture,edge.market,645,0.1,0,False,15,False
run.fixture.fixed.104,104,fixed,fixture,edge.market,650,0.1,0,False,20,False
run.fixture.fixed.104,104,fixed,fixture,edge.market,655,0.1,0,False,25,False
run.fixture.fixed.104,104,fixed,fixture,edge.market,660,0.1,0,True,0,False
run.fixture.fixed.104,104,fixed,fixture,edge.market,665,0.1,0,True,5,False
run.fixture.fixed.104,104,fixed,fixture,edge.market,670,0.1,0,True,10,False
run.fixture.fixed.104,104,fixed,fixture,edge.market,675,0.1,0,True,15,False
run.fixture.fixed.104,104,fixed,fixture,edge.market,680,0.1,0,True,20,False
run.fixture.fixed.104,104,fixed,fixture,edge.market,685,0.1,0,True,25,False
run.fixture.fixed.104,104,fixed,fixture,edge.market,690,0.1,0,False,0,False
run.fixture.fixed.104,104,fixed,fixture,edge.market,695,0.1,0,False,5,False
run.fixture.fixed.104,104,fixed,fixture,edge.market,700,0.1,0,False,10,False
run.fixture.fixed.104,104,fixed,fixture,edge.market,705,0.1,0,False,15,False
run.fixture.fixed.104,104,fixed,fixture,edge.market,710,0.1,0,False,20,False
run.fixture.fixed.104,104,fixed,fixture,edge.market,715,0.1,0,False,25,False
run.fixture.fixed.104,104,fixed,fixture,edge.market,720,0.1,0,True,0,False
run.fixture.fixed.104,104,fixed,fixture,edge.market,725,0.1,0,True,5,False
run.fixture.fixed.104,104,fixed,fixture,edge.market,730,0.1,0,True,10,False
run.fixture.fixed.104,104,fixed,fixture,edge.market,735,0.1,0,True,15,False
run.fixture.fixed.104,104,fixed,fixture,edge.market,740,0.1,0,True,20,False
run.fixture.fixed.104,104,fixed,fixture,edge.market,745,0.1,0,True,25,False
run.fixture.fixed.104,104,fixed,fixture,edge.market,750,0.1,0,False,0,False
run.fixture.fixed.104,104,fixed,fixture,edge.market,755,0.1,0,False,5,False
run.fixture.fixed.104,104,fixed,fixture,edge.market,760,0.1,0,False,10,False
run.fixture.fixed.104,104,fixed,fixture,edge.market,765,0.1,0,False,15,False
run.fixture.fixed.104,104,fixed,fixture,edge.market,770,0.1,0,False,20,False
run.fixture.fixed.104,104,fixed,fixture,edge.market,775,0.1,0,False,25,False
run.fixture.fixed.104,104,fixed,fixture,edge.market,780,0.1,0,True,0,False
run.fixture.fixed.104,104,fixed,fixture,edge.market,785,0.1,0,True,5,False
run.fixture.fixed.104,104,fixed,fixture,edge.market,790,0.1,0,True,10,False
run.fixture.fixed.104,104,fixed,fixture,edge.market,795,0.1,0,True,15,False
run.fixture.fixed.104,104,fixed,fixture,edge.market,800,0.1,0,True,20,False
run.fixture.fixed.104,104,fixed,fixture,edge.market,805,0.1,0,True,25,False
run.fixture.fixed.104,104,fixed,fixture,edge.market,810,0.1,0,False,0,False
run.fixture.fixed.104,104,fixed,fixture,edge.market,815,0.1,0,False,5,False
run.fixture.fixed.104,104,fixed,fixture,edge.market,820,0.1,0,False,10,False
run.fixture.fixed.104,104,fixed,fixture,edge.market,825,0.1,0,False,15,False
run.fixture.fixed.104,104,fixed,fixture,edge.market,830,0.1,0,False,20,False
run.fixture.fixed.104,104,fixed,fixture,edge.market,835,0.1,0,False,25,False
run.fixture.fixed.104,104,fixed,fixture,edge.market,840,0.1,0,True,0,False
run.fixture.fixed.104,104,fixed,fixture,edge.market,845,0.1,0,True,5,False
run.fixture.fixed.104,104,fixed,fixture,edge.market,850,0.1,0,True,10,False
run.fixture.fixed.104,104,fixed,fixture,edge.market,855,0.1,0,True,15,False
run.fixture.fixed.104,104,fixed,fixture,edge.market,860,0.1,0,True,20,False
run.fixture.fixed.104,104,fixed,fixture,edge.market,865,0.1,0,True,25,False
run.fixture.fixed.104,104,fixed,fixture,edge.market,870,0.1,0,False,0,False
run.fixture.fixed.104,104,fixed,fixture,edge.market,875,0.1,0,False,5,False
run.fixture.fixed.104,104,fixed,fixture,edge.market,880,0.1,0,False,10,False
run.fixture.fixed.104,104,fixed,fixture,edge.market,885,0.1,0,False,15,False
run.fixture.fixed.104,104,fixed,fixture,edge.market,890,0.1,0,False,20,False
run.fixture.fixed.104,104,fixed,fixture,edge.market,895,0.1,0,False,25,False
run.fixture.fixed.104,104,fixed,fixture,edge.market,900,0.1,0,True,0,False
run.fixture.fixed.105,105,fixed,fixture,edge.market,0,0.1,0,True,0,False
run.fixture.fixed.105,105,fixed,fixture,edge.market,5,0.1,0,True,5,False
run.fixture.fixed.105,105,fixed,fixture,edge.market,10,0.1,0,True,10,False
run.fixture.fixed.105,105,fixed,fixture,edge.market,15,0.1,0,True,15,False
run.fixture.fixed.105,105,fixed,fixture,edge.market,20,0.1,0,True,20,False
run.fixture.fixed.105,105,fixed,fixture,edge.market,25,0.1,0,True,25,False
run.fixture.fixed.105,105,fixed,fixture,edge.market,30,0.1,0,False,0,False
run.fixture.fixed.105,105,fixed,fixture,edge.market,35,0.1,0,False,5,False
run.fixture.fixed.105,105,fixed,fixture,edge.market,40,0.1,0,False,10,False
run.fixture.fixed.105,105,fixed,fixture,edge.market,45,0.1,0,False,15,False
run.fixture.fixed.105,105,fixed,fixture,edge.market,50,0.1,0,False,20,False
run.fixture.fixed.105,105,fixed,fixture,edge.market,55,0.1,0,False,25,False
run.fixture.fixed.105,105,fixed,fixture,edge.market,60,0.1,0,True,0,False
run.fixture.fixed.105,105,fixed,fixture,edge.market,65,0.1,0,True,5,False
run.fixture.fixed.105,105,fixed,fixture,edge.market,70,0.1,0,True,10,False
run.fixture.fixed.105,105,fixed,fixture,edge.market,75,0.1,0,True,15,False
run.fixture.fixed.105,105,fixed,fixture,edge.market,80,0.1,0,True,20,False
run.fixture.fixed.105,105,fixed,fixture,edge.market,85,0.1,0,True,25,False
run.fixture.fixed.105,105,fixed,fixture,edge.market,90,0.1,0,False,0,False
run.fixture.fixed.105,105,fixed,fixture,edge.market,95,0.1,0,False,5,False
run.fixture.fixed.105,105,fixed,fixture,edge.market,100,0.1,0,False,10,False
run.fixture.fixed.105,105,fixed,fixture,edge.market,105,0.1,0,False,15,False
run.fixture.fixed.105,105,fixed,fixture,edge.market,110,0.1,0,False,20,False
run.fixture.fixed.105,105,fixed,fixture,edge.market,115,0.1,0,False,25,False
run.fixture.fixed.105,105,fixed,fixture,edge.market,120,0.1,0,True,0,False
run.fixture.fixed.105,105,fixed,fixture,edge.market,125,0.1,0,True,5,False
run.fixture.fixed.105,105,fixed,fixture,edge.market,130,0.1,0,True,10,False
run.fixture.fixed.105,105,fixed,fixture,edge.market,135,0.1,0,True,15,False
run.fixture.fixed.105,105,fixed,fixture,edge.market,140,0.1,0,True,20,False
run.fixture.fixed.105,105,fixed,fixture,edge.market,145,0.1,0,True,25,False
run.fixture.fixed.105,105,fixed,fixture,edge.market,150,0.1,0,False,0,False
run.fixture.fixed.105,105,fixed,fixture,edge.market,155,0.1,0,False,5,False
run.fixture.fixed.105,105,fixed,fixture,edge.market,160,0.114,0,False,10,False
run.fixture.fixed.105,105,fixed,fixture,edge.market,165,0.1315,0,False,15,False
run.fixture.fixed.105,105,fixed,fixture,edge.market,170,0.14900000000000002,0,False,20,False
run.fixture.fixed.105,105,fixed,fixture,edge.market,175,0.1665,0,False,25,False
run.fixture.fixed.105,105,fixed,fixture,edge.market,180,0.184,0,True,0,False
run.fixture.fixed.105,105,fixed,fixture,edge.market,185,0.2015,0,True,5,False
run.fixture.fixed.105,105,fixed,fixture,edge.market,190,0.21900000000000003,0,True,10,False
run.fixture.fixed.105,105,fixed,fixture,edge.market,195,0.23650000000000002,0,True,15,False
run.fixture.fixed.105,105,fixed,fixture,edge.market,200,0.254,0,True,20,False
run.fixture.fixed.105,105,fixed,fixture,edge.market,205,0.2715,0,True,25,False
run.fixture.fixed.105,105,fixed,fixture,edge.market,210,0.28900000000000003,0,False,0,False
run.fixture.fixed.105,105,fixed,fixture,edge.market,215,0.3065,0,False,5,False
run.fixture.fixed.105,105,fixed,fixture,edge.market,220,0.324,0,False,10,False
run.fixture.fixed.105,105,fixed,fixture,edge.market,225,0.3415,0,False,15,False
run.fixture.fixed.105,105,fixed,fixture,edge.market,230,0.359,0,False,20,False
run.fixture.fixed.105,105,fixed,fixture,edge.market,235,0.37650000000000006,0,False,25,False
run.fixture.fixed.105,105,fixed,fixture,edge.market,240,0.394,0,True,0,False
run.fixture.fixed.105,105,fixed,fixture,edge.market,245,0.4115,0,True,5,False
run.fixture.fixed.105,105,fixed,fixture,edge.market,250,0.42900000000000005,0,True,10,False
run.fixture.fixed.105,105,fixed,fixture,edge.market,255,0.4465,0,True,15,False
run.fixture.fixed.105,105,fixed,fixture,edge.market,260,0.46399999999999997,0,True,20,False
run.fixture.fixed.105,105,fixed,fixture,edge.market,265,0.48150000000000004,0,True,25,False
run.fixture.fixed.105,105,fixed,fixture,edge.market,270,0.499,0,False,0,False
run.fixture.fixed.105,105,fixed,fixture,edge.market,275,0.5165,0,False,5,False
run.fixture.fixed.105,105,fixed,fixture,edge.market,280,0.534,0,False,10,False
run.fixture.fixed.105,105,fixed,fixture,edge.market,285,0.5515,0,False,15,False
run.fixture.fixed.105,105,fixed,fixture,edge.market,290,0.5690000000000001,0,False,20,False
run.fixture.fixed.105,105,fixed,fixture,edge.market,295,0.5865,0,False,25,False
run.fixture.fixed.105,105,fixed,fixture,edge.market,300,0.604,0,True,0,False
run.fixture.fixed.105,105,fixed,fixture,edge.market,305,0.6214999999999999,0,True,5,False
run.fixture.fixed.105,105,fixed,fixture,edge.market,310,0.639,0,True,10,False
run.fixture.fixed.105,105,fixed,fixture,edge.market,315,0.6565,0,True,15,False
run.fixture.fixed.105,105,fixed,fixture,edge.market,320,0.674,0,True,20,False
run.fixture.fixed.105,105,fixed,fixture,edge.market,325,0.6915,0,True,25,False
run.fixture.fixed.105,105,fixed,fixture,edge.market,330,0.709,100,False,0,True
run.fixture.fixed.105,105,fixed,fixture,edge.market,335,0.7265,100,False,5,True
run.fixture.fixed.105,105,fixed,fixture,edge.market,340,0.744,100,False,10,True
run.fixture.fixed.105,105,fixed,fixture,edge.market,345,0.7615,100,False,15,True
run.fixture.fixed.105,105,fixed,fixture,edge.market,350,0.779,100,False,20,True
run.fixture.fixed.105,105,fixed,fixture,edge.market,355,0.7965,100,False,25,True
run.fixture.fixed.105,105,fixed,fixture,edge.market,360,0.814,100,True,0,True
run.fixture.fixed.105,105,fixed,fixture,edge.market,365,0.8315,100,True,5,True
run.fixture.fixed.105,105,fixed,fixture,edge.market,370,0.849,100,True,10,True
run.fixture.fixed.105,105,fixed,fixture,edge.market,375,0.8665,100,True,15,True
run.fixture.fixed.105,105,fixed,fixture,edge.market,380,0.884,100,True,20,True
run.fixture.fixed.105,105,fixed,fixture,edge.market,385,0.9,100,True,25,True
run.fixture.fixed.105,105,fixed,fixture,edge.market,390,0.9,100,False,0,True
run.fixture.fixed.105,105,fixed,fixture,edge.market,395,0.9,100,False,5,True
run.fixture.fixed.105,105,fixed,fixture,edge.market,400,0.9,100,False,10,True
run.fixture.fixed.105,105,fixed,fixture,edge.market,405,0.9,100,False,15,True
run.fixture.fixed.105,105,fixed,fixture,edge.market,410,0.9,100,False,20,True
run.fixture.fixed.105,105,fixed,fixture,edge.market,415,0.9,100,False,25,True
run.fixture.fixed.105,105,fixed,fixture,edge.market,420,0.9,100,True,0,True
run.fixture.fixed.105,105,fixed,fixture,edge.market,425,0.9,100,True,5,True
run.fixture.fixed.105,105,fixed,fixture,edge.market,430,0.876,100,True,10,True
run.fixture.fixed.105,105,fixed,fixture,edge.market,435,0.8360000000000001,100,True,15,True
run.fixture.fixed.105,105,fixed,fixture,edge.market,440,0.796,100,True,20,True
run.fixture.fixed.105,105,fixed,fixture,edge.market,445,0.756,100,True,25,True
run.fixture.fixed.105,105,fixed,fixture,edge.market,450,0.716,100,False,0,True
run.fixture.fixed.105,105,fixed,fixture,edge.market,455,0.676,0,False,5,False
run.fixture.fixed.105,105,fixed,fixture,edge.market,460,0.636,0,False,10,False
run.fixture.fixed.105,105,fixed,fixture,edge.market,465,0.5960000000000001,0,False,15,False
run.fixture.fixed.105,105,fixed,fixture,edge.market,470,0.556,0,False,20,False
run.fixture.fixed.105,105,fixed,fixture,edge.market,475,0.516,0,False,25,False
run.fixture.fixed.105,105,fixed,fixture,edge.market,480,0.47600000000000003,0,True,0,False
run.fixture.fixed.105,105,fixed,fixture,edge.market,485,0.436,0,True,5,False
run.fixture.fixed.105,105,fixed,fixture,edge.market,490,0.396,0,True,10,False
run.fixture.fixed.105,105,fixed,fixture,edge.market,495,0.356,0,True,15,False
run.fixture.fixed.105,105,fixed,fixture,edge.market,500,0.31600000000000006,0,True,20,False
run.fixture.fixed.105,105,fixed,fixture,edge.market,505,0.276,0,True,25,False
run.fixture.fixed.105,105,fixed,fixture,edge.market,510,0.236,0,False,0,False
run.fixture.fixed.105,105,fixed,fixture,edge.market,515,0.19600000000000006,0,False,5,False
run.fixture.fixed.105,105,fixed,fixture,edge.market,520,0.15600000000000003,0,False,10,False
run.fixture.fixed.105,105,fixed,fixture,edge.market,525,0.11599999999999999,0,False,15,False
run.fixture.fixed.105,105,fixed,fixture,edge.market,530,0.1,0,False,20,False
run.fixture.fixed.105,105,fixed,fixture,edge.market,535,0.1,0,False,25,False
run.fixture.fixed.105,105,fixed,fixture,edge.market,540,0.1,0,True,0,False
run.fixture.fixed.105,105,fixed,fixture,edge.market,545,0.1,0,True,5,False
run.fixture.fixed.105,105,fixed,fixture,edge.market,550,0.1,0,True,10,False
run.fixture.fixed.105,105,fixed,fixture,edge.market,555,0.1,0,True,15,False
run.fixture.fixed.105,105,fixed,fixture,edge.market,560,0.1,0,True,20,False
run.fixture.fixed.105,105,fixed,fixture,edge.market,565,0.1,0,True,25,False
run.fixture.fixed.105,105,fixed,fixture,edge.market,570,0.1,0,False,0,False
run.fixture.fixed.105,105,fixed,fixture,edge.market,575,0.1,0,False,5,False
run.fixture.fixed.105,105,fixed,fixture,edge.market,580,0.1,0,False,10,False
run.fixture.fixed.105,105,fixed,fixture,edge.market,585,0.1,0,False,15,False
run.fixture.fixed.105,105,fixed,fixture,edge.market,590,0.1,0,False,20,False
run.fixture.fixed.105,105,fixed,fixture,edge.market,595,0.1,0,False,25,False
run.fixture.fixed.105,105,fixed,fixture,edge.market,600,0.1,0,True,0,False
run.fixture.fixed.105,105,fixed,fixture,edge.market,605,0.1,0,True,5,False
run.fixture.fixed.105,105,fixed,fixture,edge.market,610,0.1,0,True,10,False
run.fixture.fixed.105,105,fixed,fixture,edge.market,615,0.1,0,True,15,False
run.fixture.fixed.105,105,fixed,fixture,edge.market,620,0.1,0,True,20,False
run.fixture.fixed.105,105,fixed,fixture,edge.market,625,0.1,0,True,25,False
run.fixture.fixed.105,105,fixed,fixture,edge.market,630,0.1,0,False,0,False
run.fixture.fixed.105,105,fixed,fixture,edge.market,635,0.1,0,False,5,False
run.fixture.fixed.105,105,fixed,fixture,edge.market,640,0.1,0,False,10,False
run.fixture.fixed.105,105,fixed,fixture,edge.market,645,0.1,0,False,15,False
run.fixture.fixed.105,105,fixed,fixture,edge.market,650,0.1,0,False,20,False
run.fixture.fixed.105,105,fixed,fixture,edge.market,655,0.1,0,False,25,False
run.fixture.fixed.105,105,fixed,fixture,edge.market,660,0.1,0,True,0,False
run.fixture.fixed.105,105,fixed,fixture,edge.market,665,0.1,0,True,5,False
run.fixture.fixed.105,105,fixed,fixture,edge.market,670,0.1,0,True,10,False
run.fixture.fixed.105,105,fixed,fixture,edge.market,675,0.1,0,True,15,False
run.fixture.fixed.105,105,fixed,fixture,edge.market,680,0.1,0,True,20,False
run.fixture.fixed.105,105,fixed,fixture,edge.market,685,0.1,0,True,25,False
run.fixture.fixed.105,105,fixed,fixture,edge.market,690,0.1,0,False,0,False
run.fixture.fixed.105,105,fixed,fixture,edge.market,695,0.1,0,False,5,False
run.fixture.fixed.105,105,fixed,fixture,edge.market,700,0.1,0,False,10,False
run.fixture.fixed.105,105,fixed,fixture,edge.market,705,0.1,0,False,15,False
run.fixture.fixed.105,105,fixed,fixture,edge.market,710,0.1,0,False,20,False
run.fixture.fixed.105,105,fixed,fixture,edge.market,715,0.1,0,False,25,False
run.fixture.fixed.105,105,fixed,fixture,edge.market,720,0.1,0,True,0,False
run.fixture.fixed.105,105,fixed,fixture,edge.market,725,0.1,0,True,5,False
run.fixture.fixed.105,105,fixed,fixture,edge.market,730,0.1,0,True,10,False
run.fixture.fixed.105,105,fixed,fixture,edge.market,735,0.1,0,True,15,False
run.fixture.fixed.105,105,fixed,fixture,edge.market,740,0.1,0,True,20,False
run.fixture.fixed.105,105,fixed,fixture,edge.market,745,0.1,0,True,25,False
run.fixture.fixed.105,105,fixed,fixture,edge.market,750,0.1,0,False,0,False
run.fixture.fixed.105,105,fixed,fixture,edge.market,755,0.1,0,False,5,False
run.fixture.fixed.105,105,fixed,fixture,edge.market,760,0.1,0,False,10,False
run.fixture.fixed.105,105,fixed,fixture,edge.market,765,0.1,0,False,15,False
run.fixture.fixed.105,105,fixed,fixture,edge.market,770,0.1,0,False,20,False
run.fixture.fixed.105,105,fixed,fixture,edge.market,775,0.1,0,False,25,False
run.fixture.fixed.105,105,fixed,fixture,edge.market,780,0.1,0,True,0,False
run.fixture.fixed.105,105,fixed,fixture,edge.market,785,0.1,0,True,5,False
run.fixture.fixed.105,105,fixed,fixture,edge.market,790,0.1,0,True,10,False
run.fixture.fixed.105,105,fixed,fixture,edge.market,795,0.1,0,True,15,False
run.fixture.fixed.105,105,fixed,fixture,edge.market,800,0.1,0,True,20,False
run.fixture.fixed.105,105,fixed,fixture,edge.market,805,0.1,0,True,25,False
run.fixture.fixed.105,105,fixed,fixture,edge.market,810,0.1,0,False,0,False
run.fixture.fixed.105,105,fixed,fixture,edge.market,815,0.1,0,False,5,False
run.fixture.fixed.105,105,fixed,fixture,edge.market,820,0.1,0,False,10,False
run.fixture.fixed.105,105,fixed,fixture,edge.market,825,0.1,0,False,15,False
run.fixture.fixed.105,105,fixed,fixture,edge.market,830,0.1,0,False,20,False
run.fixture.fixed.105,105,fixed,fixture,edge.market,835,0.1,0,False,25,False
run.fixture.fixed.105,105,fixed,fixture,edge.market,840,0.1,0,True,0,False
run.fixture.fixed.105,105,fixed,fixture,edge.market,845,0.1,0,True,5,False
run.fixture.fixed.105,105,fixed,fixture,edge.market,850,0.1,0,True,10,False
run.fixture.fixed.105,105,fixed,fixture,edge.market,855,0.1,0,True,15,False
run.fixture.fixed.105,105,fixed,fixture,edge.market,860,0.1,0,True,20,False
run.fixture.fixed.105,105,fixed,fixture,edge.market,865,0.1,0,True,25,False
run.fixture.fixed.105,105,fixed,fixture,edge.market,870,0.1,0,False,0,False
run.fixture.fixed.105,105,fixed,fixture,edge.market,875,0.1,0,False,5,False
run.fixture.fixed.105,105,fixed,fixture,edge.market,880,0.1,0,False,10,False
run.fixture.fixed.105,105,fixed,fixture,edge.market,885,0.1,0,False,15,False
run.fixture.fixed.105,105,fixed,fixture,edge.market,890,0.1,0,False,20,False
run.fixture.fixed.105,105,fixed,fixture,edge.market,895,0.1,0,False,25,False
run.fixture.fixed.105,105,fixed,fixture,edge.market,900,0.1,0,True,0,False
run.fixture.fixed.106,106,fixed,fixture,edge.market,0,0.1,0,True,0,False
run.fixture.fixed.106,106,fixed,fixture,edge.market,5,0.1,0,True,5,False
run.fixture.fixed.106,106,fixed,fixture,edge.market,10,0.1,0,True,10,False
run.fixture.fixed.106,106,fixed,fixture,edge.market,15,0.1,0,True,15,False
run.fixture.fixed.106,106,fixed,fixture,edge.market,20,0.1,0,True,20,False
run.fixture.fixed.106,106,fixed,fixture,edge.market,25,0.1,0,True,25,False
run.fixture.fixed.106,106,fixed,fixture,edge.market,30,0.1,0,False,0,False
run.fixture.fixed.106,106,fixed,fixture,edge.market,35,0.1,0,False,5,False
run.fixture.fixed.106,106,fixed,fixture,edge.market,40,0.1,0,False,10,False
run.fixture.fixed.106,106,fixed,fixture,edge.market,45,0.1,0,False,15,False
run.fixture.fixed.106,106,fixed,fixture,edge.market,50,0.1,0,False,20,False
run.fixture.fixed.106,106,fixed,fixture,edge.market,55,0.1,0,False,25,False
run.fixture.fixed.106,106,fixed,fixture,edge.market,60,0.1,0,True,0,False
run.fixture.fixed.106,106,fixed,fixture,edge.market,65,0.1,0,True,5,False
run.fixture.fixed.106,106,fixed,fixture,edge.market,70,0.1,0,True,10,False
run.fixture.fixed.106,106,fixed,fixture,edge.market,75,0.1,0,True,15,False
run.fixture.fixed.106,106,fixed,fixture,edge.market,80,0.1,0,True,20,False
run.fixture.fixed.106,106,fixed,fixture,edge.market,85,0.1,0,True,25,False
run.fixture.fixed.106,106,fixed,fixture,edge.market,90,0.1,0,False,0,False
run.fixture.fixed.106,106,fixed,fixture,edge.market,95,0.1,0,False,5,False
run.fixture.fixed.106,106,fixed,fixture,edge.market,100,0.1,0,False,10,False
run.fixture.fixed.106,106,fixed,fixture,edge.market,105,0.1,0,False,15,False
run.fixture.fixed.106,106,fixed,fixture,edge.market,110,0.1,0,False,20,False
run.fixture.fixed.106,106,fixed,fixture,edge.market,115,0.1,0,False,25,False
run.fixture.fixed.106,106,fixed,fixture,edge.market,120,0.1,0,True,0,False
run.fixture.fixed.106,106,fixed,fixture,edge.market,125,0.1,0,True,5,False
run.fixture.fixed.106,106,fixed,fixture,edge.market,130,0.1,0,True,10,False
run.fixture.fixed.106,106,fixed,fixture,edge.market,135,0.1,0,True,15,False
run.fixture.fixed.106,106,fixed,fixture,edge.market,140,0.1,0,True,20,False
run.fixture.fixed.106,106,fixed,fixture,edge.market,145,0.1,0,True,25,False
run.fixture.fixed.106,106,fixed,fixture,edge.market,150,0.1,0,False,0,False
run.fixture.fixed.106,106,fixed,fixture,edge.market,155,0.1,0,False,5,False
run.fixture.fixed.106,106,fixed,fixture,edge.market,160,0.1,0,False,10,False
run.fixture.fixed.106,106,fixed,fixture,edge.market,165,0.1,0,False,15,False
run.fixture.fixed.106,106,fixed,fixture,edge.market,170,0.1,0,False,20,False
run.fixture.fixed.106,106,fixed,fixture,edge.market,175,0.1105,0,False,25,False
run.fixture.fixed.106,106,fixed,fixture,edge.market,180,0.128,0,True,0,False
run.fixture.fixed.106,106,fixed,fixture,edge.market,185,0.14550000000000002,0,True,5,False
run.fixture.fixed.106,106,fixed,fixture,edge.market,190,0.163,0,True,10,False
run.fixture.fixed.106,106,fixed,fixture,edge.market,195,0.1805,0,True,15,False
run.fixture.fixed.106,106,fixed,fixture,edge.market,200,0.198,0,True,20,False
run.fixture.fixed.106,106,fixed,fixture,edge.market,205,0.21550000000000002,0,True,25,False
run.fixture.fixed.106,106,fixed,fixture,edge.market,210,0.233,0,False,0,False
run.fixture.fixed.106,106,fixed,fixture,edge.market,215,0.2505,0,False,5,False
run.fixture.fixed.106,106,fixed,fixture,edge.market,220,0.268,0,False,10,False
run.fixture.fixed.106,106,fixed,fixture,edge.market,225,0.2855,0,False,15,False
run.fixture.fixed.106,106,fixed,fixture,edge.market,230,0.30300000000000005,0,False,20,False
run.fixture.fixed.106,106,fixed,fixture,edge.market,235,0.3205,0,False,25,False
run.fixture.fixed.106,106,fixed,fixture,edge.market,240,0.338,0,True,0,False
run.fixture.fixed.106,106,fixed,fixture,edge.market,245,0.35550000000000004,0,True,5,False
run.fixture.fixed.106,106,fixed,fixture,edge.market,250,0.373,0,True,10,False
run.fixture.fixed.106,106,fixed,fixture,edge.market,255,0.39049999999999996,0,True,15,False
run.fixture.fixed.106,106,fixed,fixture,edge.market,260,0.40800000000000003,0,True,20,False
run.fixture.fixed.106,106,fixed,fixture,edge.market,265,0.4255,0,True,25,False
run.fixture.fixed.106,106,fixed,fixture,edge.market,270,0.44300000000000006,0,False,0,False
run.fixture.fixed.106,106,fixed,fixture,edge.market,275,0.4605,0,False,5,False
run.fixture.fixed.106,106,fixed,fixture,edge.market,280,0.478,0,False,10,False
run.fixture.fixed.106,106,fixed,fixture,edge.market,285,0.49550000000000005,0,False,15,False
run.fixture.fixed.106,106,fixed,fixture,edge.market,290,0.513,0,False,20,False
run.fixture.fixed.106,106,fixed,fixture,edge.market,295,0.5305,0,False,25,False
run.fixture.fixed.106,106,fixed,fixture,edge.market,300,0.548,0,True,0,False
run.fixture.fixed.106,106,fixed,fixture,edge.market,305,0.5655,0,True,5,False
run.fixture.fixed.106,106,fixed,fixture,edge.market,310,0.583,0,True,10,False
run.fixture.fixed.106,106,fixed,fixture,edge.market,315,0.6005,0,True,15,False
run.fixture.fixed.106,106,fixed,fixture,edge.market,320,0.618,0,True,20,False
run.fixture.fixed.106,106,fixed,fixture,edge.market,325,0.6355,0,True,25,False
run.fixture.fixed.106,106,fixed,fixture,edge.market,330,0.653,0,False,0,False
run.fixture.fixed.106,106,fixed,fixture,edge.market,335,0.6705,0,False,5,False
run.fixture.fixed.106,106,fixed,fixture,edge.market,340,0.688,0,False,10,False
run.fixture.fixed.106,106,fixed,fixture,edge.market,345,0.7055,100,False,15,True
run.fixture.fixed.106,106,fixed,fixture,edge.market,350,0.723,100,False,20,True
run.fixture.fixed.106,106,fixed,fixture,edge.market,355,0.7404999999999999,100,False,25,True
run.fixture.fixed.106,106,fixed,fixture,edge.market,360,0.758,100,True,0,True
run.fixture.fixed.106,106,fixed,fixture,edge.market,365,0.7755,100,True,5,True
run.fixture.fixed.106,106,fixed,fixture,edge.market,370,0.793,100,True,10,True
run.fixture.fixed.106,106,fixed,fixture,edge.market,375,0.8105,100,True,15,True
run.fixture.fixed.106,106,fixed,fixture,edge.market,380,0.828,100,True,20,True
run.fixture.fixed.106,106,fixed,fixture,edge.market,385,0.8455,100,True,25,True
run.fixture.fixed.106,106,fixed,fixture,edge.market,390,0.863,100,False,0,True
run.fixture.fixed.106,106,fixed,fixture,edge.market,395,0.8805,100,False,5,True
run.fixture.fixed.106,106,fixed,fixture,edge.market,400,0.898,100,False,10,True
run.fixture.fixed.106,106,fixed,fixture,edge.market,405,0.9,100,False,15,True
run.fixture.fixed.106,106,fixed,fixture,edge.market,410,0.9,100,False,20,True
run.fixture.fixed.106,106,fixed,fixture,edge.market,415,0.9,100,False,25,True
run.fixture.fixed.106,106,fixed,fixture,edge.market,420,0.9,100,True,0,True
run.fixture.fixed.106,106,fixed,fixture,edge.market,425,0.9,100,True,5,True
run.fixture.fixed.106,106,fixed,fixture,edge.market,430,0.9,100,True,10,True
run.fixture.fixed.106,106,fixed,fixture,edge.market,435,0.9,100,True,15,True
run.fixture.fixed.106,106,fixed,fixture,edge.market,440,0.9,100,True,20,True
run.fixture.fixed.106,106,fixed,fixture,edge.market,445,0.9,100,True,25,True
run.fixture.fixed.106,106,fixed,fixture,edge.market,450,0.9,100,False,0,True
run.fixture.fixed.106,106,fixed,fixture,edge.market,455,0.9,100,False,5,True
run.fixture.fixed.106,106,fixed,fixture,edge.market,460,0.9,100,False,10,True
run.fixture.fixed.106,106,fixed,fixture,edge.market,465,0.9,100,False,15,True
run.fixture.fixed.106,106,fixed,fixture,edge.market,470,0.9,100,False,20,True
run.fixture.fixed.106,106,fixed,fixture,edge.market,475,0.86,100,False,25,True
run.fixture.fixed.106,106,fixed,fixture,edge.market,480,0.8200000000000001,100,True,0,True
run.fixture.fixed.106,106,fixed,fixture,edge.market,485,0.78,100,True,5,True
run.fixture.fixed.106,106,fixed,fixture,edge.market,490,0.74,100,True,10,True
run.fixture.fixed.106,106,fixed,fixture,edge.market,495,0.7,100,True,15,True
run.fixture.fixed.106,106,fixed,fixture,edge.market,500,0.66,0,True,20,False
run.fixture.fixed.106,106,fixed,fixture,edge.market,505,0.62,0,True,25,False
run.fixture.fixed.106,106,fixed,fixture,edge.market,510,0.5800000000000001,0,False,0,False
run.fixture.fixed.106,106,fixed,fixture,edge.market,515,0.54,0,False,5,False
run.fixture.fixed.106,106,fixed,fixture,edge.market,520,0.5,0,False,10,False
run.fixture.fixed.106,106,fixed,fixture,edge.market,525,0.46,0,False,15,False
run.fixture.fixed.106,106,fixed,fixture,edge.market,530,0.42000000000000004,0,False,20,False
run.fixture.fixed.106,106,fixed,fixture,edge.market,535,0.38,0,False,25,False
run.fixture.fixed.106,106,fixed,fixture,edge.market,540,0.33999999999999997,0,True,0,False
run.fixture.fixed.106,106,fixed,fixture,edge.market,545,0.30000000000000004,0,True,5,False
run.fixture.fixed.106,106,fixed,fixture,edge.market,550,0.26,0,True,10,False
run.fixture.fixed.106,106,fixed,fixture,edge.market,555,0.21999999999999997,0,True,15,False
run.fixture.fixed.106,106,fixed,fixture,edge.market,560,0.18000000000000005,0,True,20,False
run.fixture.fixed.106,106,fixed,fixture,edge.market,565,0.14,0,True,25,False
run.fixture.fixed.106,106,fixed,fixture,edge.market,570,0.1,0,False,0,False
run.fixture.fixed.106,106,fixed,fixture,edge.market,575,0.1,0,False,5,False
run.fixture.fixed.106,106,fixed,fixture,edge.market,580,0.1,0,False,10,False
run.fixture.fixed.106,106,fixed,fixture,edge.market,585,0.1,0,False,15,False
run.fixture.fixed.106,106,fixed,fixture,edge.market,590,0.1,0,False,20,False
run.fixture.fixed.106,106,fixed,fixture,edge.market,595,0.1,0,False,25,False
run.fixture.fixed.106,106,fixed,fixture,edge.market,600,0.1,0,True,0,False
run.fixture.fixed.106,106,fixed,fixture,edge.market,605,0.1,0,True,5,False
run.fixture.fixed.106,106,fixed,fixture,edge.market,610,0.1,0,True,10,False
run.fixture.fixed.106,106,fixed,fixture,edge.market,615,0.1,0,True,15,False
run.fixture.fixed.106,106,fixed,fixture,edge.market,620,0.1,0,True,20,False
run.fixture.fixed.106,106,fixed,fixture,edge.market,625,0.1,0,True,25,False
run.fixture.fixed.106,106,fixed,fixture,edge.market,630,0.1,0,False,0,False
run.fixture.fixed.106,106,fixed,fixture,edge.market,635,0.1,0,False,5,False
run.fixture.fixed.106,106,fixed,fixture,edge.market,640,0.1,0,False,10,False
run.fixture.fixed.106,106,fixed,fixture,edge.market,645,0.1,0,False,15,False
run.fixture.fixed.106,106,fixed,fixture,edge.market,650,0.1,0,False,20,False
run.fixture.fixed.106,106,fixed,fixture,edge.market,655,0.1,0,False,25,False
run.fixture.fixed.106,106,fixed,fixture,edge.market,660,0.1,0,True,0,False
run.fixture.fixed.106,106,fixed,fixture,edge.market,665,0.1,0,True,5,False
run.fixture.fixed.106,106,fixed,fixture,edge.market,670,0.1,0,True,10,False
run.fixture.fixed.106,106,fixed,fixture,edge.market,675,0.1,0,True,15,False
run.fixture.fixed.106,106,fixed,fixture,edge.market,680,0.1,0,True,20,False
run.fixture.fixed.106,106,fixed,fixture,edge.market,685,0.1,0,True,25,False
run.fixture.fixed.106,106,fixed,fixture,edge.market,690,0.1,0,False,0,False
run.fixture.fixed.106,106,fixed,fixture,edge.market,695,0.1,0,False,5,False
run.fixture.fixed.106,106,fixed,fixture,edge.market,700,0.1,0,False,10,False
run.fixture.fixed.106,106,fixed,fixture,edge.market,705,0.1,0,False,15,False
run.fixture.fixed.106,106,fixed,fixture,edge.market,710,0.1,0,False,20,False
run.fixture.fixed.106,106,fixed,fixture,edge.market,715,0.1,0,False,25,False
run.fixture.fixed.106,106,fixed,fixture,edge.market,720,0.1,0,True,0,False
run.fixture.fixed.106,106,fixed,fixture,edge.market,725,0.1,0,True,5,False
run.fixture.fixed.106,106,fixed,fixture,edge.market,730,0.1,0,True,10,False
run.fixture.fixed.106,106,fixed,fixture,edge.market,735,0.1,0,True,15,False
run.fixture.fixed.106,106,fixed,fixture,edge.market,740,0.1,0,True,20,False
run.fixture.fixed.106,106,fixed,fixture,edge.market,745,0.1,0,True,25,False
run.fixture.fixed.106,106,fixed,fixture,edge.market,750,0.1,0,False,0,False
run.fixture.fixed.106,106,fixed,fixture,edge.market,755,0.1,0,False,5,False
run.fixture.fixed.106,106,fixed,fixture,edge.market,760,0.1,0,False,10,False
run.fixture.fixed.106,106,fixed,fixture,edge.market,765,0.1,0,False,15,False
run.fixture.fixed.106,106,fixed,fixture,edge.market,770,0.1,0,False,20,False
run.fixture.fixed.106,106,fixed,fixture,edge.market,775,0.1,0,False,25,False
run.fixture.fixed.106,106,fixed,fixture,edge.market,780,0.1,0,True,0,False
run.fixture.fixed.106,106,fixed,fixture,edge.market,785,0.1,0,True,5,False
run.fixture.fixed.106,106,fixed,fixture,edge.market,790,0.1,0,True,10,False
run.fixture.fixed.106,106,fixed,fixture,edge.market,795,0.1,0,True,15,False
run.fixture.fixed.106,106,fixed,fixture,edge.market,800,0.1,0,True,20,False
run.fixture.fixed.106,106,fixed,fixture,edge.market,805,0.1,0,True,25,False
run.fixture.fixed.106,106,fixed,fixture,edge.market,810,0.1,0,False,0,False
run.fixture.fixed.106,106,fixed,fixture,edge.market,815,0.1,0,False,5,False
run.fixture.fixed.106,106,fixed,fixture,edge.market,820,0.1,0,False,10,False
run.fixture.fixed.106,106,fixed,fixture,edge.market,825,0.1,0,False,15,False
run.fixture.fixed.106,106,fixed,fixture,edge.market,830,0.1,0,False,20,False
run.fixture.fixed.106,106,fixed,fixture,edge.market,835,0.1,0,False,25,False
run.fixture.fixed.106,106,fixed,fixture,edge.market,840,0.1,0,True,0,False
run.fixture.fixed.106,106,fixed,fixture,edge.market,845,0.1,0,True,5,False
run.fixture.fixed.106,106,fixed,fixture,edge.market,850,0.1,0,True,10,False
run.fixture.fixed.106,106,fixed,fixture,edge.market,855,0.1,0,True,15,False
run.fixture.fixed.106,106,fixed,fixture,edge.market,860,0.1,0,True,20,False
run.fixture.fixed.106,106,fixed,fixture,edge.market,865,0.1,0,True,25,False
run.fixture.fixed.106,106,fixed,fixture,edge.market,870,0.1,0,False,0,False
run.fixture.fixed.106,106,fixed,fixture,edge.market,875,0.1,0,False,5,False
run.fixture.fixed.106,106,fixed,fixture,edge.market,880,0.1,0,False,10,False
run.fixture.fixed.106,106,fixed,fixture,edge.market,885,0.1,0,False,15,False
run.fixture.fixed.106,106,fixed,fixture,edge.market,890,0.1,0,False,20,False
run.fixture.fixed.106,106,fixed,fixture,edge.market,895,0.1,0,False,25,False
run.fixture.fixed.106,106,fixed,fixture,edge.market,900,0.1,0,True,0,False
run.fixture.fixed.107,107,fixed,fixture,edge.market,0,0.1,0,True,0,False
run.fixture.fixed.107,107,fixed,fixture,edge.market,5,0.1,0,True,5,False
run.fixture.fixed.107,107,fixed,fixture,edge.market,10,0.1,0,True,10,False
run.fixture.fixed.107,107,fixed,fixture,edge.market,15,0.1,0,True,15,False
run.fixture.fixed.107,107,fixed,fixture,edge.market,20,0.1,0,True,20,False
run.fixture.fixed.107,107,fixed,fixture,edge.market,25,0.1,0,True,25,False
run.fixture.fixed.107,107,fixed,fixture,edge.market,30,0.1,0,False,0,False
run.fixture.fixed.107,107,fixed,fixture,edge.market,35,0.1,0,False,5,False
run.fixture.fixed.107,107,fixed,fixture,edge.market,40,0.1,0,False,10,False
run.fixture.fixed.107,107,fixed,fixture,edge.market,45,0.1,0,False,15,False
run.fixture.fixed.107,107,fixed,fixture,edge.market,50,0.1,0,False,20,False
run.fixture.fixed.107,107,fixed,fixture,edge.market,55,0.1,0,False,25,False
run.fixture.fixed.107,107,fixed,fixture,edge.market,60,0.1,0,True,0,False
run.fixture.fixed.107,107,fixed,fixture,edge.market,65,0.1,0,True,5,False
run.fixture.fixed.107,107,fixed,fixture,edge.market,70,0.1,0,True,10,False
run.fixture.fixed.107,107,fixed,fixture,edge.market,75,0.1,0,True,15,False
run.fixture.fixed.107,107,fixed,fixture,edge.market,80,0.1,0,True,20,False
run.fixture.fixed.107,107,fixed,fixture,edge.market,85,0.1,0,True,25,False
run.fixture.fixed.107,107,fixed,fixture,edge.market,90,0.1,0,False,0,False
run.fixture.fixed.107,107,fixed,fixture,edge.market,95,0.1,0,False,5,False
run.fixture.fixed.107,107,fixed,fixture,edge.market,100,0.1,0,False,10,False
run.fixture.fixed.107,107,fixed,fixture,edge.market,105,0.1,0,False,15,False
run.fixture.fixed.107,107,fixed,fixture,edge.market,110,0.1,0,False,20,False
run.fixture.fixed.107,107,fixed,fixture,edge.market,115,0.1,0,False,25,False
run.fixture.fixed.107,107,fixed,fixture,edge.market,120,0.1,0,True,0,False
run.fixture.fixed.107,107,fixed,fixture,edge.market,125,0.1,0,True,5,False
run.fixture.fixed.107,107,fixed,fixture,edge.market,130,0.1,0,True,10,False
run.fixture.fixed.107,107,fixed,fixture,edge.market,135,0.1,0,True,15,False
run.fixture.fixed.107,107,fixed,fixture,edge.market,140,0.1,0,True,20,False
run.fixture.fixed.107,107,fixed,fixture,edge.market,145,0.1,0,True,25,False
run.fixture.fixed.107,107,fixed,fixture,edge.market,150,0.114,0,False,0,False
run.fixture.fixed.107,107,fixed,fixture,edge.market,155,0.1315,0,False,5,False
run.fixture.fixed.107,107,fixed,fixture,edge.market,160,0.14900000000000002,0,False,10,False
run.fixture.fixed.107,107,fixed,fixture,edge.market,165,0.1665,0,False,15,False
run.fixture.fixed.107,107,fixed,fixture,edge.market,170,0.184,0,False,20,False
run.fixture.fixed.107,107,fixed,fixture,edge.market,175,0.2015,0,False,25,False
run.fixture.fixed.107,107,fixed,fixture,edge.market,180,0.21900000000000003,0,True,0,False
run.fixture.fixed.107,107,fixed,fixture,edge.market,185,0.23650000000000002,0,True,5,False
run.fixture.fixed.107,107,fixed,fixture,edge.market,190,0.254,0,True,10,False
run.fixture.fixed.107,107,fixed,fixture,edge.market,195,0.2715,0,True,15,False
run.fixture.fixed.107,107,fixed,fixture,edge.market,200,0.28900000000000003,0,True,20,False
run.fixture.fixed.107,107,fixed,fixture,edge.market,205,0.3065,0,True,25,False
run.fixture.fixed.107,107,fixed,fixture,edge.market,210,0.324,0,False,0,False
run.fixture.fixed.107,107,fixed,fixture,edge.market,215,0.3415,0,False,5,False
run.fixture.fixed.107,107,fixed,fixture,edge.market,220,0.359,0,False,10,False
run.fixture.fixed.107,107,fixed,fixture,edge.market,225,0.37650000000000006,0,False,15,False
run.fixture.fixed.107,107,fixed,fixture,edge.market,230,0.394,0,False,20,False
run.fixture.fixed.107,107,fixed,fixture,edge.market,235,0.4115,0,False,25,False
run.fixture.fixed.107,107,fixed,fixture,edge.market,240,0.42900000000000005,0,True,0,False
run.fixture.fixed.107,107,fixed,fixture,edge.market,245,0.4465,0,True,5,False
run.fixture.fixed.107,107,fixed,fixture,edge.market,250,0.46399999999999997,0,True,10,False
run.fixture.fixed.107,107,fixed,fixture,edge.market,255,0.48150000000000004,0,True,15,False
run.fixture.fixed.107,107,fixed,fixture,edge.market,260,0.499,0,True,20,False
run.fixture.fixed.107,107,fixed,fixture,edge.market,265,0.5165,0,True,25,False
run.fixture.fixed.107,107,fixed,fixture,edge.market,270,0.534,0,False,0,False
run.fixture.fixed.107,107,fixed,fixture,edge.market,275,0.5515,0,False,5,False
run.fixture.fixed.107,107,fixed,fixture,edge.market,280,0.5690000000000001,0,False,10,False
run.fixture.fixed.107,107,fixed,fixture,edge.market,285,0.5865,0,False,15,False
run.fixture.fixed.107,107,fixed,fixture,edge.market,290,0.604,0,False,20,False
run.fixture.fixed.107,107,fixed,fixture,edge.market,295,0.6214999999999999,0,False,25,False
run.fixture.fixed.107,107,fixed,fixture,edge.market,300,0.639,0,True,0,False
run.fixture.fixed.107,107,fixed,fixture,edge.market,305,0.6565,0,True,5,False
run.fixture.fixed.107,107,fixed,fixture,edge.market,310,0.674,0,True,10,False
run.fixture.fixed.107,107,fixed,fixture,edge.market,315,0.6915,0,True,15,False
run.fixture.fixed.107,107,fixed,fixture,edge.market,320,0.709,100,True,20,True
run.fixture.fixed.107,107,fixed,fixture,edge.market,325,0.7265,100,True,25,True
run.fixture.fixed.107,107,fixed,fixture,edge.market,330,0.744,100,False,0,True
run.fixture.fixed.107,107,fixed,fixture,edge.market,335,0.7615,100,False,5,True
run.fixture.fixed.107,107,fixed,fixture,edge.market,340,0.779,100,False,10,True
run.fixture.fixed.107,107,fixed,fixture,edge.market,345,0.7965,100,False,15,True
run.fixture.fixed.107,107,fixed,fixture,edge.market,350,0.814,100,False,20,True
run.fixture.fixed.107,107,fixed,fixture,edge.market,355,0.8315,100,False,25,True
run.fixture.fixed.107,107,fixed,fixture,edge.market,360,0.849,100,True,0,True
run.fixture.fixed.107,107,fixed,fixture,edge.market,365,0.8665,100,True,5,True
run.fixture.fixed.107,107,fixed,fixture,edge.market,370,0.884,100,True,10,True
run.fixture.fixed.107,107,fixed,fixture,edge.market,375,0.9,100,True,15,True
run.fixture.fixed.107,107,fixed,fixture,edge.market,380,0.9,100,True,20,True
run.fixture.fixed.107,107,fixed,fixture,edge.market,385,0.9,100,True,25,True
run.fixture.fixed.107,107,fixed,fixture,edge.market,390,0.9,100,False,0,True
run.fixture.fixed.107,107,fixed,fixture,edge.market,395,0.9,100,False,5,True
run.fixture.fixed.107,107,fixed,fixture,edge.market,400,0.9,100,False,10,True
run.fixture.fixed.107,107,fixed,fixture,edge.market,405,0.9,100,False,15,True
run.fixture.fixed.107,107,fixed,fixture,edge.market,410,0.9,100,False,20,True
run.fixture.fixed.107,107,fixed,fixture,edge.market,415,0.9,100,False,25,True
run.fixture.fixed.107,107,fixed,fixture,edge.market,420,0.876,100,True,0,True
run.fixture.fixed.107,107,fixed,fixture,edge.market,425,0.8360000000000001,100,True,5,True
run.fixture.fixed.107,107,fixed,fixture,edge.market,430,0.796,100,True,10,True
run.fixture.fixed.107,107,fixed,fixture,edge.market,435,0.756,100,True,15,True
run.fixture.fixed.107,107,fixed,fixture,edge.market,440,0.716,100,True,20,True
run.fixture.fixed.107,107,fixed,fixture,edge.market,445,0.676,0,True,25,False
run.fixture.fixed.107,107,fixed,fixture,edge.market,450,0.636,0,False,0,False
run.fixture.fixed.107,107,fixed,fixture,edge.market,455,0.5960000000000001,0,False,5,False
run.fixture.fixed.107,107,fixed,fixture,edge.market,460,0.556,0,False,10,False
run.fixture.fixed.107,107,fixed,fixture,edge.market,465,0.516,0,False,15,False
run.fixture.fixed.107,107,fixed,fixture,edge.market,470,0.47600000000000003,0,False,20,False
run.fixture.fixed.107,107,fixed,fixture,edge.market,475,0.436,0,False,25,False
run.fixture.fixed.107,107,fixed,fixture,edge.market,480,0.396,0,True,0,False
run.fixture.fixed.107,107,fixed,fixture,edge.market,485,0.356,0,True,5,False
run.fixture.fixed.107,107,fixed,fixture,edge.market,490,0.31600000000000006,0,True,10,False
run.fixture.fixed.107,107,fixed,fixture,edge.market,495,0.276,0,True,15,False
run.fixture.fixed.107,107,fixed,fixture,edge.market,500,0.236,0,True,20,False
run.fixture.fixed.107,107,fixed,fixture,edge.market,505,0.19600000000000006,0,True,25,False
run.fixture.fixed.107,107,fixed,fixture,edge.market,510,0.15600000000000003,0,False,0,False
run.fixture.fixed.107,107,fixed,fixture,edge.market,515,0.11599999999999999,0,False,5,False
run.fixture.fixed.107,107,fixed,fixture,edge.market,520,0.1,0,False,10,False
run.fixture.fixed.107,107,fixed,fixture,edge.market,525,0.1,0,False,15,False
run.fixture.fixed.107,107,fixed,fixture,edge.market,530,0.1,0,False,20,False
run.fixture.fixed.107,107,fixed,fixture,edge.market,535,0.1,0,False,25,False
run.fixture.fixed.107,107,fixed,fixture,edge.market,540,0.1,0,True,0,False
run.fixture.fixed.107,107,fixed,fixture,edge.market,545,0.1,0,True,5,False
run.fixture.fixed.107,107,fixed,fixture,edge.market,550,0.1,0,True,10,False
run.fixture.fixed.107,107,fixed,fixture,edge.market,555,0.1,0,True,15,False
run.fixture.fixed.107,107,fixed,fixture,edge.market,560,0.1,0,True,20,False
run.fixture.fixed.107,107,fixed,fixture,edge.market,565,0.1,0,True,25,False
run.fixture.fixed.107,107,fixed,fixture,edge.market,570,0.1,0,False,0,False
run.fixture.fixed.107,107,fixed,fixture,edge.market,575,0.1,0,False,5,False
run.fixture.fixed.107,107,fixed,fixture,edge.market,580,0.1,0,False,10,False
run.fixture.fixed.107,107,fixed,fixture,edge.market,585,0.1,0,False,15,False
run.fixture.fixed.107,107,fixed,fixture,edge.market,590,0.1,0,False,20,False
run.fixture.fixed.107,107,fixed,fixture,edge.market,595,0.1,0,False,25,False
run.fixture.fixed.107,107,fixed,fixture,edge.market,600,0.1,0,True,0,False
run.fixture.fixed.107,107,fixed,fixture,edge.market,605,0.1,0,True,5,False
run.fixture.fixed.107,107,fixed,fixture,edge.market,610,0.1,0,True,10,False
run.fixture.fixed.107,107,fixed,fixture,edge.market,615,0.1,0,True,15,False
run.fixture.fixed.107,107,fixed,fixture,edge.market,620,0.1,0,True,20,False
run.fixture.fixed.107,107,fixed,fixture,edge.market,625,0.1,0,True,25,False
run.fixture.fixed.107,107,fixed,fixture,edge.market,630,0.1,0,False,0,False
run.fixture.fixed.107,107,fixed,fixture,edge.market,635,0.1,0,False,5,False
run.fixture.fixed.107,107,fixed,fixture,edge.market,640,0.1,0,False,10,False
run.fixture.fixed.107,107,fixed,fixture,edge.market,645,0.1,0,False,15,False
run.fixture.fixed.107,107,fixed,fixture,edge.market,650,0.1,0,False,20,False
run.fixture.fixed.107,107,fixed,fixture,edge.market,655,0.1,0,False,25,False
run.fixture.fixed.107,107,fixed,fixture,edge.market,660,0.1,0,True,0,False
run.fixture.fixed.107,107,fixed,fixture,edge.market,665,0.1,0,True,5,False
run.fixture.fixed.107,107,fixed,fixture,edge.market,670,0.1,0,True,10,False
run.fixture.fixed.107,107,fixed,fixture,edge.market,675,0.1,0,True,15,False
run.fixture.fixed.107,107,fixed,fixture,edge.market,680,0.1,0,True,20,False
run.fixture.fixed.107,107,fixed,fixture,edge.market,685,0.1,0,True,25,False
run.fixture.fixed.107,107,fixed,fixture,edge.market,690,0.1,0,False,0,False
run.fixture.fixed.107,107,fixed,fixture,edge.market,695,0.1,0,False,5,False
run.fixture.fixed.107,107,fixed,fixture,edge.market,700,0.1,0,False,10,False
run.fixture.fixed.107,107,fixed,fixture,edge.market,705,0.1,0,False,15,False
run.fixture.fixed.107,107,fixed,fixture,edge.market,710,0.1,0,False,20,False
run.fixture.fixed.107,107,fixed,fixture,edge.market,715,0.1,0,False,25,False
run.fixture.fixed.107,107,fixed,fixture,edge.market,720,0.1,0,True,0,False
run.fixture.fixed.107,107,fixed,fixture,edge.market,725,0.1,0,True,5,False
run.fixture.fixed.107,107,fixed,fixture,edge.market,730,0.1,0,True,10,False
run.fixture.fixed.107,107,fixed,fixture,edge.market,735,0.1,0,True,15,False
run.fixture.fixed.107,107,fixed,fixture,edge.market,740,0.1,0,True,20,False
run.fixture.fixed.107,107,fixed,fixture,edge.market,745,0.1,0,True,25,False
run.fixture.fixed.107,107,fixed,fixture,edge.market,750,0.1,0,False,0,False
run.fixture.fixed.107,107,fixed,fixture,edge.market,755,0.1,0,False,5,False
run.fixture.fixed.107,107,fixed,fixture,edge.market,760,0.1,0,False,10,False
run.fixture.fixed.107,107,fixed,fixture,edge.market,765,0.1,0,False,15,False
run.fixture.fixed.107,107,fixed,fixture,edge.market,770,0.1,0,False,20,False
run.fixture.fixed.107,107,fixed,fixture,edge.market,775,0.1,0,False,25,False
run.fixture.fixed.107,107,fixed,fixture,edge.market,780,0.1,0,True,0,False
run.fixture.fixed.107,107,fixed,fixture,edge.market,785,0.1,0,True,5,False
run.fixture.fixed.107,107,fixed,fixture,edge.market,790,0.1,0,True,10,False
run.fixture.fixed.107,107,fixed,fixture,edge.market,795,0.1,0,True,15,False
run.fixture.fixed.107,107,fixed,fixture,edge.market,800,0.1,0,True,20,False
run.fixture.fixed.107,107,fixed,fixture,edge.market,805,0.1,0,True,25,False
run.fixture.fixed.107,107,fixed,fixture,edge.market,810,0.1,0,False,0,False
run.fixture.fixed.107,107,fixed,fixture,edge.market,815,0.1,0,False,5,False
run.fixture.fixed.107,107,fixed,fixture,edge.market,820,0.1,0,False,10,False
run.fixture.fixed.107,107,fixed,fixture,edge.market,825,0.1,0,False,15,False
run.fixture.fixed.107,107,fixed,fixture,edge.market,830,0.1,0,False,20,False
run.fixture.fixed.107,107,fixed,fixture,edge.market,835,0.1,0,False,25,False
run.fixture.fixed.107,107,fixed,fixture,edge.market,840,0.1,0,True,0,False
run.fixture.fixed.107,107,fixed,fixture,edge.market,845,0.1,0,True,5,False
run.fixture.fixed.107,107,fixed,fixture,edge.market,850,0.1,0,True,10,False
run.fixture.fixed.107,107,fixed,fixture,edge.market,855,0.1,0,True,15,False
run.fixture.fixed.107,107,fixed,fixture,edge.market,860,0.1,0,True,20,False
run.fixture.fixed.107,107,fixed,fixture,edge.market,865,0.1,0,True,25,False
run.fixture.fixed.107,107,fixed,fixture,edge.market,870,0.1,0,False,0,False
run.fixture.fixed.107,107,fixed,fixture,edge.market,875,0.1,0,False,5,False
run.fixture.fixed.107,107,fixed,fixture,edge.market,880,0.1,0,False,10,False
run.fixture.fixed.107,107,fixed,fixture,edge.market,885,0.1,0,False,15,False
run.fixture.fixed.107,107,fixed,fixture,edge.market,890,0.1,0,False,20,False
run.fixture.fixed.107,107,fixed,fixture,edge.market,895,0.1,0,False,25,False
run.fixture.fixed.107,107,fixed,fixture,edge.market,900,0.1,0,True,0,False
run.fixture.fixed.200,200,fixed,fixture,edge.market,0,0.1,0,True,0,False
run.fixture.fixed.200,200,fixed,fixture,edge.market,5,0.1,0,True,5,False
run.fixture.fixed.200,200,fixed,fixture,edge.market,10,0.1,0,True,10,False
run.fixture.fixed.200,200,fixed,fixture,edge.market,15,0.1,0,True,15,False
run.fixture.fixed.200,200,fixed,fixture,edge.market,20,0.1,0,True,20,False
run.fixture.fixed.200,200,fixed,fixture,edge.market,25,0.1,0,True,25,False
run.fixture.fixed.200,200,fixed,fixture,edge.market,30,0.1,0,False,0,False
run.fixture.fixed.200,200,fixed,fixture,edge.market,35,0.1,0,False,5,False
run.fixture.fixed.200,200,fixed,fixture,edge.market,40,0.1,0,False,10,False
run.fixture.fixed.200,200,fixed,fixture,edge.market,45,0.1,0,False,15,False
run.fixture.fixed.200,200,fixed,fixture,edge.market,50,0.1,0,False,20,False
run.fixture.fixed.200,200,fixed,fixture,edge.market,55,0.1,0,False,25,False
run.fixture.fixed.200,200,fixed,fixture,edge.market,60,0.1,0,True,0,False
run.fixture.fixed.200,200,fixed,fixture,edge.market,65,0.1,0,True,5,False
run.fixture.fixed.200,200,fixed,fixture,edge.market,70,0.1,0,True,10,False
run.fixture.fixed.200,200,fixed,fixture,edge.market,75,0.1,0,True,15,False
run.fixture.fixed.200,200,fixed,fixture,edge.market,80,0.1,0,True,20,False
run.fixture.fixed.200,200,fixed,fixture,edge.market,85,0.1,0,True,25,False
run.fixture.fixed.200,200,fixed,fixture,edge.market,90,0.1,0,False,0,False
run.fixture.fixed.200,200,fixed,fixture,edge.market,95,0.1,0,False,5,False
run.fixture.fixed.200,200,fixed,fixture,edge.market,100,0.1,0,False,10,False
run.fixture.fixed.200,200,fixed,fixture,edge.market,105,0.1,0,False,15,False
run.fixture.fixed.200,200,fixed,fixture,edge.market,110,0.1,0,False,20,False
run.fixture.fixed.200,200,fixed,fixture,edge.market,115,0.1,0,False,25,False
run.fixture.fixed.200,200,fixed,fixture,edge.market,120,0.1,0,True,0,False
run.fixture.fixed.200,200,fixed,fixture,edge.market,125,0.1,0,True,5,False
run.fixture.fixed.200,200,fixed,fixture,edge.market,130,0.1,0,True,10,False
run.fixture.fixed.200,200,fixed,fixture,edge.market,135,0.1,0,True,15,False
run.fixture.fixed.200,200,fixed,fixture,edge.market,140,0.1,0,True,20,False
run.fixture.fixed.200,200,fixed,fixture,edge.market,145,0.1105,0,True,25,False
run.fixture.fixed.200,200,fixed,fixture,edge.market,150,0.128,0,False,0,False
run.fixture.fixed.200,200,fixed,fixture,edge.market,155,0.14550000000000002,0,False,5,False
run.fixture.fixed.200,200,fixed,fixture,edge.market,160,0.163,0,False,10,False
run.fixture.fixed.200,200,fixed,fixture,edge.market,165,0.1805,0,False,15,False
run.fixture.fixed.200,200,fixed,fixture,edge.market,170,0.198,0,False,20,False
run.fixture.fixed.200,200,fixed,fixture,edge.market,175,0.21550000000000002,0,False,25,False
run.fixture.fixed.200,200,fixed,fixture,edge.market,180,0.233,0,True,0,False
run.fixture.fixed.200,200,fixed,fixture,edge.market,185,0.2505,0,True,5,False
run.fixture.fixed.200,200,fixed,fixture,edge.market,190,0.268,0,True,10,False
run.fixture.fixed.200,200,fixed,fixture,edge.market,195,0.2855,0,True,15,False
run.fixture.fixed.200,200,fixed,fixture,edge.market,200,0.30300000000000005,0,True,20,False
run.fixture.fixed.200,200,fixed,fixture,edge.market,205,0.3205,0,True,25,False
run.fixture.fixed.200,200,fixed,fixture,edge.market,210,0.338,0,False,0,False
run.fixture.fixed.200,200,fixed,fixture,edge.market,215,0.35550000000000004,0,False,5,False
run.fixture.fixed.200,200,fixed,fixture,edge.market,220,0.373,0,False,10,False
run.fixture.fixed.200,200,fixed,fixture,edge.market,225,0.39049999999999996,0,False,15,False
run.fixture.fixed.200,200,fixed,fixture,edge.market,230,0.40800000000000003,0,False,20,False
run.fixture.fixed.200,200,fixed,fixture,edge.market,235,0.4255,0,False,25,False
run.fixture.fixed.200,200,fixed,fixture,edge.market,240,0.44300000000000006,0,True,0,False
run.fixture.fixed.200,200,fixed,fixture,edge.market,245,0.4605,0,True,5,False
run.fixture.fixed.200,200,fixed,fixture,edge.market,250,0.478,0,True,10,False
run.fixture.fixed.200,200,fixed,fixture,edge.market,255,0.49550000000000005,0,True,15,False
run.fixture.fixed.200,200,fixed,fixture,edge.market,260,0.513,0,True,20,False
run.fixture.fixed.200,200,fixed,fixture,edge.market,265,0.5305,0,True,25,False
run.fixture.fixed.200,200,fixed,fixture,edge.market,270,0.548,0,False,0,False
run.fixture.fixed.200,200,fixed,fixture,edge.market,275,0.5655,0,False,5,False
run.fixture.fixed.200,200,fixed,fixture,edge.market,280,0.583,0,False,10,False
run.fixture.fixed.200,200,fixed,fixture,edge.market,285,0.6005,0,False,15,False
run.fixture.fixed.200,200,fixed,fixture,edge.market,290,0.618,0,False,20,False
run.fixture.fixed.200,200,fixed,fixture,edge.market,295,0.6355,0,False,25,False
run.fixture.fixed.200,200,fixed,fixture,edge.market,300,0.653,0,True,0,False
run.fixture.fixed.200,200,fixed,fixture,edge.market,305,0.6705,0,True,5,False
run.fixture.fixed.200,200,fixed,fixture,edge.market,310,0.688,0,True,10,False
run.fixture.fixed.200,200,fixed,fixture,edge.market,315,0.7055,100,True,15,True
run.fixture.fixed.200,200,fixed,fixture,edge.market,320,0.723,100,True,20,True
run.fixture.fixed.200,200,fixed,fixture,edge.market,325,0.7404999999999999,100,True,25,True
run.fixture.fixed.200,200,fixed,fixture,edge.market,330,0.758,100,False,0,True
run.fixture.fixed.200,200,fixed,fixture,edge.market,335,0.7755,100,False,5,True
run.fixture.fixed.200,200,fixed,fixture,edge.market,340,0.793,100,False,10,True
run.fixture.fixed.200,200,fixed,fixture,edge.market,345,0.8105,100,False,15,True
run.fixture.fixed.200,200,fixed,fixture,edge.market,350,0.828,100,False,20,True
run.fixture.fixed.200,200,fixed,fixture,edge.market,355,0.8455,100,False,25,True
run.fixture.fixed.200,200,fixed,fixture,edge.market,360,0.863,100,True,0,True
run.fixture.fixed.200,200,fixed,fixture,edge.market,365,0.8805,100,True,5,True
run.fixture.fixed.200,200,fixed,fixture,edge.market,370,0.898,100,True,10,True
run.fixture.fixed.200,200,fixed,fixture,edge.market,375,0.9,100,True,15,True
run.fixture.fixed.200,200,fixed,fixture,edge.market,380,0.9,100,True,20,True
run.fixture.fixed.200,200,fixed,fixture,edge.market,385,0.9,100,True,25,True
run.fixture.fixed.200,200,fixed,fixture,edge.market,390,0.9,100,False,0,True
run.fixture.fixed.200,200,fixed,fixture,edge.market,395,0.9,100,False,5,True
run.fixture.fixed.200,200,fixed,fixture,edge.market,400,0.9,100,False,10,True
run.fixture.fixed.200,200,fixed,fixture,edge.market,405,0.9,100,False,15,True
run.fixture.fixed.200,200,fixed,fixture,edge.market,410,0.9,100,False,20,True
run.fixture.fixed.200,200,fixed,fixture,edge.market,415,0.884,100,False,25,True
run.fixture.fixed.200,200,fixed,fixture,edge.market,420,0.844,100,True,0,True
run.fixture.fixed.200,200,fixed,fixture,edge.market,425,0.804,100,True,5,True
run.fixture.fixed.200,200,fixed,fixture,edge.market,430,0.764,100,True,10,True
run.fixture.fixed.200,200,fixed,fixture,edge.market,435,0.724,100,True,15,True
run.fixture.fixed.200,200,fixed,fixture,edge.market,440,0.684,0,True,20,False
run.fixture.fixed.200,200,fixed,fixture,edge.market,445,0.644,0,True,25,False
run.fixture.fixed.200,200,fixed,fixture,edge.market,450,0.6040000000000001,0,False,0,False
run.fixture.fixed.200,200,fixed,fixture,edge.market,455,0.5640000000000001,0,False,5,False
run.fixture.fixed.200,200,fixed,fixture,edge.market,460,0.524,0,False,10,False
run.fixture.fixed.200,200,fixed,fixture,edge.market,465,0.484,0,False,15,False
run.fixture.fixed.200,200,fixed,fixture,edge.market,470,0.444,0,False,20,False
run.fixture.fixed.200,200,fixed,fixture,edge.market,475,0.404,0,False,25,False
run.fixture.fixed.200,200,fixed,fixture,edge.market,480,0.364,0,True,0,False
run.fixture.fixed.200,200,fixed,fixture,edge.market,485,0.32399999999999995,0,True,5,False
run.fixture.fixed.200,200,fixed,fixture,edge.market,490,0.28400000000000003,0,True,10,False
run.fixture.fixed.200,200,fixed,fixture,edge.market,495,0.244,0,True,15,False
run.fixture.fixed.200,200,fixed,fixture,edge.market,500,0.20399999999999996,0,True,20,False
run.fixture.fixed.200,200,fixed,fixture,edge.market,505,0.16400000000000003,0,True,25,False
run.fixture.fixed.200,200,fixed,fixture,edge.market,510,0.124,0,False,0,False
run.fixture.fixed.200,200,fixed,fixture,edge.market,515,0.1,0,False,5,False
run.fixture.fixed.200,200,fixed,fixture,edge.market,520,0.1,0,False,10,False
run.fixture.fixed.200,200,fixed,fixture,edge.market,525,0.1,0,False,15,False
run.fixture.fixed.200,200,fixed,fixture,edge.market,530,0.1,0,False,20,False
run.fixture.fixed.200,200,fixed,fixture,edge.market,535,0.1,0,False,25,False
run.fixture.fixed.200,200,fixed,fixture,edge.market,540,0.1,0,True,0,False
run.fixture.fixed.200,200,fixed,fixture,edge.market,545,0.1,0,True,5,False
run.fixture.fixed.200,200,fixed,fixture,edge.market,550,0.1,0,True,10,False
run.fixture.fixed.200,200,fixed,fixture,edge.market,555,0.1,0,True,15,False
run.fixture.fixed.200,200,fixed,fixture,edge.market,560,0.1,0,True,20,False
run.fixture.fixed.200,200,fixed,fixture,edge.market,565,0.1,0,True,25,False
run.fixture.fixed.200,200,fixed,fixture,edge.market,570,0.1,0,False,0,False
run.fixture.fixed.200,200,fixed,fixture,edge.market,575,0.1,0,False,5,False
run.fixture.fixed.200,200,fixed,fixture,edge.market,580,0.1,0,False,10,False
run.fixture.fixed.200,200,fixed,fixture,edge.market,585,0.1,0,False,15,False
run.fixture.fixed.200,200,fixed,fixture,edge.market,590,0.1,0,False,20,False
run.fixture.fixed.200,200,fixed,fixture,edge.market,595,0.1,0,False,25,False
run.fixture.fixed.200,200,fixed,fixture,edge.market,600,0.1,0,True,0,False
run.fixture.fixed.200,200,fixed,fixture,edge.market,605,0.1,0,True,5,False
run.fixture.fixed.200,200,fixed,fixture,edge.market,610,0.1,0,True,10,False
run.fixture.fixed.200,200,fixed,fixture,edge.market,615,0.1,0,True,15,False
run.fixture.fixed.200,200,fixed,fixture,edge.market,620,0.1,0,True,20,False
run.fixture.fixed.200,200,fixed,fixture,edge.market,625,0.1,0,True,25,False
run.fixture.fixed.200,200,fixed,fixture,edge.market,630,0.1,0,False,0,False
run.fixture.fixed.200,200,fixed,fixture,edge.market,635,0.1,0,False,5,False
run.fixture.fixed.200,200,fixed,fixture,edge.market,640,0.1,0,False,10,False
run.fixture.fixed.200,200,fixed,fixture,edge.market,645,0.1,0,False,15,False
run.fixture.fixed.200,200,fixed,fixture,edge.market,650,0.1,0,False,20,False
run.fixture.fixed.200,200,fixed,fixture,edge.market,655,0.1,0,False,25,False
run.fixture.fixed.200,200,fixed,fixture,edge.market,660,0.1,0,True,0,False
run.fixture.fixed.200,200,fixed,fixture,edge.market,665,0.1,0,True,5,False
run.fixture.fixed.200,200,fixed,fixture,edge.market,670,0.1,0,True,10,False
run.fixture.fixed.200,200,fixed,fixture,edge.market,675,0.1,0,True,15,False
run.fixture.fixed.200,200,fixed,fixture,edge.market,680,0.1,0,True,20,False
run.fixture.fixed.200,200,fixed,fixture,edge.market,685,0.1,0,True,25,False
run.fixture.fixed.200,200,fixed,fixture,edge.market,690,0.1,0,False,0,False
run.fixture.fixed.200,200,fixed,fixture,edge.market,695,0.1,0,False,5,False
run.fixture.fixed.200,200,fixed,fixture,edge.market,700,0.1,0,False,10,False
run.fixture.fixed.200,200,fixed,fixture,edge.market,705,0.1,0,False,15,False
run.fixture.fixed.200,200,fixed,fixture,edge.market,710,0.1,0,False,20,False
run.fixture.fixed.200,200,fixed,fixture,edge.market,715,0.1,0,False,25,False
run.fixture.fixed.200,200,fixed,fixture,edge.market,720,0.1,0,True,0,False
run.fixture.fixed.200,200,fixed,fixture,edge.market,725,0.1,0,True,5,False
run.fixture.fixed.200,200,fixed,fixture,edge.market,730,0.1,0,True,10,False
run.fixture.fixed.200,200,fixed,fixture,edge.market,735,0.1,0,True,15,False
run.fixture.fixed.200,200,fixed,fixture,edge.market,740,0.1,0,True,20,False
run.fixture.fixed.200,200,fixed,fixture,edge.market,745,0.1,0,True,25,False
run.fixture.fixed.200,200,fixed,fixture,edge.market,750,0.1,0,False,0,False
run.fixture.fixed.200,200,fixed,fixture,edge.market,755,0.1,0,False,5,False
run.fixture.fixed.200,200,fixed,fixture,edge.market,760,0.1,0,False,10,False
run.fixture.fixed.200,200,fixed,fixture,edge.market,765,0.1,0,False,15,False
run.fixture.fixed.200,200,fixed,fixture,edge.market,770,0.1,0,False,20,False
run.fixture.fixed.200,200,fixed,fixture,edge.market,775,0.1,0,False,25,False
run.fixture.fixed.200,200,fixed,fixture,edge.market,780,0.1,0,True,0,False
run.fixture.fixed.200,200,fixed,fixture,edge.market,785,0.1,0,True,5,False
run.fixture.fixed.200,200,fixed,fixture,edge.market,790,0.1,0,True,10,False
run.fixture.fixed.200,200,fixed,fixture,edge.market,795,0.1,0,True,15,False
run.fixture.fixed.200,200,fixed,fixture,edge.market,800,0.1,0,True,20,False
run.fixture.fixed.200,200,fixed,fixture,edge.market,805,0.1,0,True,25,False
run.fixture.fixed.200,200,fixed,fixture,edge.market,810,0.1,0,False,0,False
run.fixture.fixed.200,200,fixed,fixture,edge.market,815,0.1,0,False,5,False
run.fixture.fixed.200,200,fixed,fixture,edge.market,820,0.1,0,False,10,False
run.fixture.fixed.200,200,fixed,fixture,edge.market,825,0.1,0,False,15,False
run.fixture.fixed.200,200,fixed,fixture,edge.market,830,0.1,0,False,20,False
run.fixture.fixed.200,200,fixed,fixture,edge.market,835,0.1,0,False,25,False
run.fixture.fixed.200,200,fixed,fixture,edge.market,840,0.1,0,True,0,False
run.fixture.fixed.200,200,fixed,fixture,edge.market,845,0.1,0,True,5,False
run.fixture.fixed.200,200,fixed,fixture,edge.market,850,0.1,0,True,10,False
run.fixture.fixed.200,200,fixed,fixture,edge.market,855,0.1,0,True,15,False
run.fixture.fixed.200,200,fixed,fixture,edge.market,860,0.1,0,True,20,False
run.fixture.fixed.200,200,fixed,fixture,edge.market,865,0.1,0,True,25,False
run.fixture.fixed.200,200,fixed,fixture,edge.market,870,0.1,0,False,0,False
run.fixture.fixed.200,200,fixed,fixture,edge.market,875,0.1,0,False,5,False
run.fixture.fixed.200,200,fixed,fixture,edge.market,880,0.1,0,False,10,False
run.fixture.fixed.200,200,fixed,fixture,edge.market,885,0.1,0,False,15,False
run.fixture.fixed.200,200,fixed,fixture,edge.market,890,0.1,0,False,20,False
run.fixture.fixed.200,200,fixed,fixture,edge.market,895,0.1,0,False,25,False
run.fixture.fixed.200,200,fixed,fixture,edge.market,900,0.1,0,True,0,False
run.fixture.fixed.201,201,fixed,fixture,edge.market,0,0.1,0,True,0,False
run.fixture.fixed.201,201,fixed,fixture,edge.market,5,0.1,0,True,5,False
run.fixture.fixed.201,201,fixed,fixture,edge.market,10,0.1,0,True,10,False
run.fixture.fixed.201,201,fixed,fixture,edge.market,15,0.1,0,True,15,False
run.fixture.fixed.201,201,fixed,fixture,edge.market,20,0.1,0,True,20,False
run.fixture.fixed.201,201,fixed,fixture,edge.market,25,0.1,0,True,25,False
run.fixture.fixed.201,201,fixed,fixture,edge.market,30,0.1,0,False,0,False
run.fixture.fixed.201,201,fixed,fixture,edge.market,35,0.1,0,False,5,False
run.fixture.fixed.201,201,fixed,fixture,edge.market,40,0.1,0,False,10,False
run.fixture.fixed.201,201,fixed,fixture,edge.market,45,0.1,0,False,15,False
run.fixture.fixed.201,201,fixed,fixture,edge.market,50,0.1,0,False,20,False
run.fixture.fixed.201,201,fixed,fixture,edge.market,55,0.1,0,False,25,False
run.fixture.fixed.201,201,fixed,fixture,edge.market,60,0.1,0,True,0,False
run.fixture.fixed.201,201,fixed,fixture,edge.market,65,0.1,0,True,5,False
run.fixture.fixed.201,201,fixed,fixture,edge.market,70,0.1,0,True,10,False
run.fixture.fixed.201,201,fixed,fixture,edge.market,75,0.1,0,True,15,False
run.fixture.fixed.201,201,fixed,fixture,edge.market,80,0.1,0,True,20,False
run.fixture.fixed.201,201,fixed,fixture,edge.market,85,0.1,0,True,25,False
run.fixture.fixed.201,201,fixed,fixture,edge.market,90,0.1,0,False,0,False
run.fixture.fixed.201,201,fixed,fixture,edge.market,95,0.1,0,False,5,False
run.fixture.fixed.201,201,fixed,fixture,edge.market,100,0.1,0,False,10,False
run.fixture.fixed.201,201,fixed,fixture,edge.market,105,0.1,0,False,15,False
run.fixture.fixed.201,201,fixed,fixture,edge.market,110,0.1,0,False,20,False
run.fixture.fixed.201,201,fixed,fixture,edge.market,115,0.1,0,False,25,False
run.fixture.fixed.201,201,fixed,fixture,edge.market,120,0.1,0,True,0,False
run.fixture.fixed.201,201,fixed,fixture,edge.market,125,0.1,0,True,5,False
run.fixture.fixed.201,201,fixed,fixture,edge.market,130,0.1,0,True,10,False
run.fixture.fixed.201,201,fixed,fixture,edge.market,135,0.1,0,True,15,False
run.fixture.fixed.201,201,fixed,fixture,edge.market,140,0.1,0,True,20,False
run.fixture.fixed.201,201,fixed,fixture,edge.market,145,0.1,0,True,25,False
run.fixture.fixed.201,201,fixed,fixture,edge.market,150,0.1,0,False,0,False
run.fixture.fixed.201,201,fixed,fixture,edge.market,155,0.1,0,False,5,False
run.fixture.fixed.201,201,fixed,fixture,edge.market,160,0.1105,0,False,10,False
run.fixture.fixed.201,201,fixed,fixture,edge.market,165,0.128,0,False,15,False
run.fixture.fixed.201,201,fixed,fixture,edge.market,170,0.14550000000000002,0,False,20,False
run.fixture.fixed.201,201,fixed,fixture,edge.market,175,0.163,0,False,25,False
run.fixture.fixed.201,201,fixed,fixture,edge.market,180,0.1805,0,True,0,False
run.fixture.fixed.201,201,fixed,fixture,edge.market,185,0.198,0,True,5,False
run.fixture.fixed.201,201,fixed,fixture,edge.market,190,0.21550000000000002,0,True,10,False
run.fixture.fixed.201,201,fixed,fixture,edge.market,195,0.233,0,True,15,False
run.fixture.fixed.201,201,fixed,fixture,edge.market,200,0.2505,0,True,20,False
run.fixture.fixed.201,201,fixed,fixture,edge.market,205,0.268,0,True,25,False
run.fixture.fixed.201,201,fixed,fixture,edge.market,210,0.2855,0,False,0,False
run.fixture.fixed.201,201,fixed,fixture,edge.market,215,0.30300000000000005,0,False,5,False
run.fixture.fixed.201,201,fixed,fixture,edge.market,220,0.3205,0,False,10,False
run.fixture.fixed.201,201,fixed,fixture,edge.market,225,0.338,0,False,15,False
run.fixture.fixed.201,201,fixed,fixture,edge.market,230,0.35550000000000004,0,False,20,False
run.fixture.fixed.201,201,fixed,fixture,edge.market,235,0.373,0,False,25,False
run.fixture.fixed.201,201,fixed,fixture,edge.market,240,0.39049999999999996,0,True,0,False
run.fixture.fixed.201,201,fixed,fixture,edge.market,245,0.40800000000000003,0,True,5,False
run.fixture.fixed.201,201,fixed,fixture,edge.market,250,0.4255,0,True,10,False
run.fixture.fixed.201,201,fixed,fixture,edge.market,255,0.44300000000000006,0,True,15,False
run.fixture.fixed.201,201,fixed,fixture,edge.market,260,0.4605,0,True,20,False
run.fixture.fixed.201,201,fixed,fixture,edge.market,265,0.478,0,True,25,False
run.fixture.fixed.201,201,fixed,fixture,edge.market,270,0.49550000000000005,0,False,0,False
run.fixture.fixed.201,201,fixed,fixture,edge.market,275,0.513,0,False,5,False
run.fixture.fixed.201,201,fixed,fixture,edge.market,280,0.5305,0,False,10,False
run.fixture.fixed.201,201,fixed,fixture,edge.market,285,0.548,0,False,15,False
run.fixture.fixed.201,201,fixed,fixture,edge.market,290,0.5655,0,False,20,False
run.fixture.fixed.201,201,fixed,fixture,edge.market,295,0.583,0,False,25,False
run.fixture.fixed.201,201,fixed,fixture,edge.market,300,0.6005,0,True,0,False
run.fixture.fixed.201,201,fixed,fixture,edge.market,305,0.618,0,True,5,False
run.fixture.fixed.201,201,fixed,fixture,edge.market,310,0.6355,0,True,10,False
run.fixture.fixed.201,201,fixed,fixture,edge.market,315,0.653,0,True,15,False
run.fixture.fixed.201,201,fixed,fixture,edge.market,320,0.6705,0,True,20,False
run.fixture.fixed.201,201,fixed,fixture,edge.market,325,0.688,0,True,25,False
run.fixture.fixed.201,201,fixed,fixture,edge.market,330,0.7055,100,False,0,True
run.fixture.fixed.201,201,fixed,fixture,edge.market,335,0.723,100,False,5,True
run.fixture.fixed.201,201,fixed,fixture,edge.market,340,0.7404999999999999,100,False,10,True
run.fixture.fixed.201,201,fixed,fixture,edge.market,345,0.758,100,False,15,True
run.fixture.fixed.201,201,fixed,fixture,edge.market,350,0.7755,100,False,20,True
run.fixture.fixed.201,201,fixed,fixture,edge.market,355,0.793,100,False,25,True
run.fixture.fixed.201,201,fixed,fixture,edge.market,360,0.8105,100,True,0,True
run.fixture.fixed.201,201,fixed,fixture,edge.market,365,0.828,100,True,5,True
run.fixture.fixed.201,201,fixed,fixture,edge.market,370,0.8455,100,True,10,True
run.fixture.fixed.201,201,fixed,fixture,edge.market,375,0.863,100,True,15,True
run.fixture.fixed.201,201,fixed,fixture,edge.market,380,0.8805,100,True,20,True
run.fixture.fixed.201,201,fixed,fixture,edge.market,385,0.898,100,True,25,True
run.fixture.fixed.201,201,fixed,fixture,edge.market,390,0.9,100,False,0,True
run.fixture.fixed.201,201,fixed,fixture,edge.market,395,0.9,100,False,5,True
run.fixture.fixed.201,201,fixed,fixture,edge.market,400,0.9,100,False,10,True
run.fixture.fixed.201,201,fixed,fixture,edge.market,405,0.9,100,False,15,True
run.fixture.fixed.201,201,fixed,fixture,edge.market,410,0.9,100,False,20,True
run.fixture.fixed.201,201,fixed,fixture,edge.market,415,0.9,100,False,25,True
run.fixture.fixed.201,201,fixed,fixture,edge.market,420,0.9,100,True,0,True
run.fixture.fixed.201,201,fixed,fixture,edge.market,425,0.9,100,True,5,True
run.fixture.fixed.201,201,fixed,fixture,edge.market,430,0.9,100,True,10,True
run.fixture.fixed.201,201,fixed,fixture,edge.market,435,0.9,100,True,15,True
run.fixture.fixed.201,201,fixed,fixture,edge.market,440,0.9,100,True,20,True
run.fixture.fixed.201,201,fixed,fixture,edge.market,445,0.9,100,True,25,True
run.fixture.fixed.201,201,fixed,fixture,edge.market,450,0.9,100,False,0,True
run.fixture.fixed.201,201,fixed,fixture,edge.market,455,0.9,100,False,5,True
run.fixture.fixed.201,201,fixed,fixture,edge.market,460,0.868,100,False,10,True
run.fixture.fixed.201,201,fixed,fixture,edge.market,465,0.8280000000000001,100,False,15,True
run.fixture.fixed.201,201,fixed,fixture,edge.market,470,0.788,100,False,20,True
run.fixture.fixed.201,201,fixed,fixture,edge.market,475,0.748,100,False,25,True
run.fixture.fixed.201,201,fixed,fixture,edge.market,480,0.708,100,True,0,True
run.fixture.fixed.201,201,fixed,fixture,edge.market,485,0.668,0,True,5,False
run.fixture.fixed.201,201,fixed,fixture,edge.market,490,0.628,0,True,10,False
run.fixture.fixed.201,201,fixed,fixture,edge.market,495,0.5880000000000001,0,True,15,False
run.fixture.fixed.201,201,fixed,fixture,edge.market,500,0.548,0,True,20,False
run.fixture.fixed.201,201,fixed,fixture,edge.market,505,0.508,0,True,25,False
run.fixture.fixed.201,201,fixed,fixture,edge.market,510,0.468,0,False,0,False
run.fixture.fixed.201,201,fixed,fixture,edge.market,515,0.428,0,False,5,False
run.fixture.fixed.201,201,fixed,fixture,edge.market,520,0.388,0,False,10,False
run.fixture.fixed.201,201,fixed,fixture,edge.market,525,0.348,0,False,15,False
run.fixture.fixed.201,201,fixed,fixture,edge.market,530,0.30800000000000005,0,False,20,False
run.fixture.fixed.201,201,fixed,fixture,edge.market,535,0.268,0,False,25,False
run.fixture.fixed.201,201,fixed,fixture,edge.market,540,0.22799999999999998,0,True,0,False
run.fixture.fixed.201,201,fixed,fixture,edge.market,545,0.18800000000000006,0,True,5,False
run.fixture.fixed.201,201,fixed,fixture,edge.market,550,0.14800000000000002,0,True,10,False
run.fixture.fixed.201,201,fixed,fixture,edge.market,555,0.10799999999999998,0,True,15,False
run.fixture.fixed.201,201,fixed,fixture,edge.market,560,0.1,0,True,20,False
run.fixture.fixed.201,201,fixed,fixture,edge.market,565,0.1,0,True,25,False
run.fixture.fixed.201,201,fixed,fixture,edge.market,570,0.1,0,False,0,False
run.fixture.fixed.201,201,fixed,fixture,edge.market,575,0.1,0,False,5,False
run.fixture.fixed.201,201,fixed,fixture,edge.market,580,0.1,0,False,10,False
run.fixture.fixed.201,201,fixed,fixture,edge.market,585,0.1,0,False,15,False
run.fixture.fixed.201,201,fixed,fixture,edge.market,590,0.1,0,False,20,False
run.fixture.fixed.201,201,fixed,fixture,edge.market,595,0.1,0,False,25,False
run.fixture.fixed.201,201,fixed,fixture,edge.market,600,0.1,0,True,0,False
run.fixture.fixed.201,201,fixed,fixture,edge.market,605,0.1,0,True,5,False
run.fixture.fixed.201,201,fixed,fixture,edge.market,610,0.1,0,True,10,False
run.fixture.fixed.201,201,fixed,fixture,edge.market,615,0.1,0,True,15,False
run.fixture.fixed.201,201,fixed,fixture,edge.market,620,0.1,0,True,20,False
run.fixture.fixed.201,201,fixed,fixture,edge.market,625,0.1,0,True,25,False
run.fixture.fixed.201,201,fixed,fixture,edge.market,630,0.1,0,False,0,False
run.fixture.fixed.201,201,fixed,fixture,edge.market,635,0.1,0,False,5,False
run.fixture.fixed.201,201,fixed,fixture,edge.market,640,0.1,0,False,10,False
run.fixture.fixed.201,201,fixed,fixture,edge.market,645,0.1,0,False,15,False
run.fixture.fixed.201,201,fixed,fixture,edge.market,650,0.1,0,False,20,False
run.fixture.fixed.201,201,fixed,fixture,edge.market,655,0.1,0,False,25,False
run.fixture.fixed.201,201,fixed,fixture,edge.market,660,0.1,0,True,0,False
run.fixture.fixed.201,201,fixed,fixture,edge.market,665,0.1,0,True,5,False
run.fixture.fixed.201,201,fixed,fixture,edge.market,670,0.1,0,True,10,False
run.fixture.fixed.201,201,fixed,fixture,edge.market,675,0.1,0,True,15,False
run.fixture.fixed.201,201,fixed,fixture,edge.market,680,0.1,0,True,20,False
run.fixture.fixed.201,201,fixed,fixture,edge.market,685,0.1,0,True,25,False
run.fixture.fixed.201,201,fixed,fixture,edge.market,690,0.1,0,False,0,False
run.fixture.fixed.201,201,fixed,fixture,edge.market,695,0.1,0,False,5,False
run.fixture.fixed.201,201,fixed,fixture,edge.market,700,0.1,0,False,10,False
run.fixture.fixed.201,201,fixed,fixture,edge.market,705,0.1,0,False,15,False
run.fixture.fixed.201,201,fixed,fixture,edge.market,710,0.1,0,False,20,False
run.fixture.fixed.201,201,fixed,fixture,edge.market,715,0.1,0,False,25,False
run.fixture.fixed.201,201,fixed,fixture,edge.market,720,0.1,0,True,0,False
run.fixture.fixed.201,201,fixed,fixture,edge.market,725,0.1,0,True,5,False
run.fixture.fixed.201,201,fixed,fixture,edge.market,730,0.1,0,True,10,False
run.fixture.fixed.201,201,fixed,fixture,edge.market,735,0.1,0,True,15,False
run.fixture.fixed.201,201,fixed,fixture,edge.market,740,0.1,0,True,20,False
run.fixture.fixed.201,201,fixed,fixture,edge.market,745,0.1,0,True,25,False
run.fixture.fixed.201,201,fixed,fixture,edge.market,750,0.1,0,False,0,False
run.fixture.fixed.201,201,fixed,fixture,edge.market,755,0.1,0,False,5,False
run.fixture.fixed.201,201,fixed,fixture,edge.market,760,0.1,0,False,10,False
run.fixture.fixed.201,201,fixed,fixture,edge.market,765,0.1,0,False,15,False
run.fixture.fixed.201,201,fixed,fixture,edge.market,770,0.1,0,False,20,False
run.fixture.fixed.201,201,fixed,fixture,edge.market,775,0.1,0,False,25,False
run.fixture.fixed.201,201,fixed,fixture,edge.market,780,0.1,0,True,0,False
run.fixture.fixed.201,201,fixed,fixture,edge.market,785,0.1,0,True,5,False
run.fixture.fixed.201,201,fixed,fixture,edge.market,790,0.1,0,True,10,False
run.fixture.fixed.201,201,fixed,fixture,edge.market,795,0.1,0,True,15,False
run.fixture.fixed.201,201,fixed,fixture,edge.market,800,0.1,0,True,20,False
run.fixture.fixed.201,201,fixed,fixture,edge.market,805,0.1,0,True,25,False
run.fixture.fixed.201,201,fixed,fixture,edge.market,810,0.1,0,False,0,False
run.fixture.fixed.201,201,fixed,fixture,edge.market,815,0.1,0,False,5,False
run.fixture.fixed.201,201,fixed,fixture,edge.market,820,0.1,0,False,10,False
run.fixture.fixed.201,201,fixed,fixture,edge.market,825,0.1,0,False,15,False
run.fixture.fixed.201,201,fixed,fixture,edge.market,830,0.1,0,False,20,False
run.fixture.fixed.201,201,fixed,fixture,edge.market,835,0.1,0,False,25,False
run.fixture.fixed.201,201,fixed,fixture,edge.market,840,0.1,0,True,0,False
run.fixture.fixed.201,201,fixed,fixture,edge.market,845,0.1,0,True,5,False
run.fixture.fixed.201,201,fixed,fixture,edge.market,850,0.1,0,True,10,False
run.fixture.fixed.201,201,fixed,fixture,edge.market,855,0.1,0,True,15,False
run.fixture.fixed.201,201,fixed,fixture,edge.market,860,0.1,0,True,20,False
run.fixture.fixed.201,201,fixed,fixture,edge.market,865,0.1,0,True,25,False
run.fixture.fixed.201,201,fixed,fixture,edge.market,870,0.1,0,False,0,False
run.fixture.fixed.201,201,fixed,fixture,edge.market,875,0.1,0,False,5,False
run.fixture.fixed.201,201,fixed,fixture,edge.market,880,0.1,0,False,10,False
run.fixture.fixed.201,201,fixed,fixture,edge.market,885,0.1,0,False,15,False
run.fixture.fixed.201,201,fixed,fixture,edge.market,890,0.1,0,False,20,False
run.fixture.fixed.201,201,fixed,fixture,edge.market,895,0.1,0,False,25,False
run.fixture.fixed.201,201,fixed,fixture,edge.market,900,0.1,0,True,0,False
run.fixture.fixed.202,202,fixed,fixture,edge.market,0,0.1,0,True,0,False
run.fixture.fixed.202,202,fixed,fixture,edge.market,5,0.1,0,True,5,False
run.fixture.fixed.202,202,fixed,fixture,edge.market,10,0.1,0,True,10,False
run.fixture.fixed.202,202,fixed,fixture,edge.market,15,0.1,0,True,15,False
run.fixture.fixed.202,202,fixed,fixture,edge.market,20,0.1,0,True,20,False
run.fixture.fixed.202,202,fixed,fixture,edge.market,25,0.1,0,True,25,False
run.fixture.fixed.202,202,fixed,fixture,edge.market,30,0.1,0,False,0,False
run.fixture.fixed.202,202,fixed,fixture,edge.market,35,0.1,0,False,5,False
run.fixture.fixed.202,202,fixed,fixture,edge.market,40,0.1,0,False,10,False
run.fixture.fixed.202,202,fixed,fixture,edge.market,45,0.1,0,False,15,False
run.fixture.fixed.202,202,fixed,fixture,edge.market,50,0.1,0,False,20,False
run.fixture.fixed.202,202,fixed,fixture,edge.market,55,0.1,0,False,25,False
run.fixture.fixed.202,202,fixed,fixture,edge.market,60,0.1,0,True,0,False
run.fixture.fixed.202,202,fixed,fixture,edge.market,65,0.1,0,True,5,False
run.fixture.fixed.202,202,fixed,fixture,edge.market,70,0.1,0,True,10,False
run.fixture.fixed.202,202,fixed,fixture,edge.market,75,0.1,0,True,15,False
run.fixture.fixed.202,202,fixed,fixture,edge.market,80,0.1,0,True,20,False
run.fixture.fixed.202,202,fixed,fixture,edge.market,85,0.1,0,True,25,False
run.fixture.fixed.202,202,fixed,fixture,edge.market,90,0.1,0,False,0,False
run.fixture.fixed.202,202,fixed,fixture,edge.market,95,0.1,0,False,5,False
run.fixture.fixed.202,202,fixed,fixture,edge.market,100,0.1,0,False,10,False
run.fixture.fixed.202,202,fixed,fixture,edge.market,105,0.1,0,False,15,False
run.fixture.fixed.202,202,fixed,fixture,edge.market,110,0.1,0,False,20,False
run.fixture.fixed.202,202,fixed,fixture,edge.market,115,0.1,0,False,25,False
run.fixture.fixed.202,202,fixed,fixture,edge.market,120,0.1,0,True,0,False
run.fixture.fixed.202,202,fixed,fixture,edge.market,125,0.1,0,True,5,False
run.fixture.fixed.202,202,fixed,fixture,edge.market,130,0.1,0,True,10,False
run.fixture.fixed.202,202,fixed,fixture,edge.market,135,0.1,0,True,15,False
run.fixture.fixed.202,202,fixed,fixture,edge.market,140,0.1,0,True,20,False
run.fixture.fixed.202,202,fixed,fixture,edge.market,145,0.1,0,True,25,False
run.fixture.fixed.202,202,fixed,fixture,edge.market,150,0.1,0,False,0,False
run.fixture.fixed.202,202,fixed,fixture,edge.market,155,0.114,0,False,5,False
run.fixture.fixed.202,202,fixed,fixture,edge.market,160,0.1315,0,False,10,False
run.fixture.fixed.202,202,fixed,fixture,edge.market,165,0.14900000000000002,0,False,15,False
run.fixture.fixed.202,202,fixed,fixture,edge.market,170,0.1665,0,False,20,False
run.fixture.fixed.202,202,fixed,fixture,edge.market,175,0.184,0,False,25,False
run.fixture.fixed.202,202,fixed,fixture,edge.market,180,0.2015,0,True,0,False
run.fixture.fixed.202,202,fixed,fixture,edge.market,185,0.21900000000000003,0,True,5,False
run.fixture.fixed.202,202,fixed,fixture,edge.market,190,0.23650000000000002,0,True,10,False
run.fixture.fixed.202,202,fixed,fixture,edge.market,195,0.254,0,True,15,False
run.fixture.fixed.202,202,fixed,fixture,edge.market,200,0.2715,0,True,20,False
run.fixture.fixed.202,202,fixed,fixture,edge.market,205,0.28900000000000003,0,True,25,False
run.fixture.fixed.202,202,fixed,fixture,edge.market,210,0.3065,0,False,0,False
run.fixture.fixed.202,202,fixed,fixture,edge.market,215,0.324,0,False,5,False
run.fixture.fixed.202,202,fixed,fixture,edge.market,220,0.3415,0,False,10,False
run.fixture.fixed.202,202,fixed,fixture,edge.market,225,0.359,0,False,15,False
run.fixture.fixed.202,202,fixed,fixture,edge.market,230,0.37650000000000006,0,False,20,False
run.fixture.fixed.202,202,fixed,fixture,edge.market,235,0.394,0,False,25,False
run.fixture.fixed.202,202,fixed,fixture,edge.market,240,0.4115,0,True,0,False
run.fixture.fixed.202,202,fixed,fixture,edge.market,245,0.42900000000000005,0,True,5,False
run.fixture.fixed.202,202,fixed,fixture,edge.market,250,0.4465,0,True,10,False
run.fixture.fixed.202,202,fixed,fixture,edge.market,255,0.46399999999999997,0,True,15,False
run.fixture.fixed.202,202,fixed,fixture,edge.market,260,0.48150000000000004,0,True,20,False
run.fixture.fixed.202,202,fixed,fixture,edge.market,265,0.499,0,True,25,False
run.fixture.fixed.202,202,fixed,fixture,edge.market,270,0.5165,0,False,0,False
run.fixture.fixed.202,202,fixed,fixture,edge.market,275,0.534,0,False,5,False
run.fixture.fixed.202,202,fixed,fixture,edge.market,280,0.5515,0,False,10,False
run.fixture.fixed.202,202,fixed,fixture,edge.market,285,0.5690000000000001,0,False,15,False
run.fixture.fixed.202,202,fixed,fixture,edge.market,290,0.5865,0,False,20,False
run.fixture.fixed.202,202,fixed,fixture,edge.market,295,0.604,0,False,25,False
run.fixture.fixed.202,202,fixed,fixture,edge.market,300,0.6214999999999999,0,True,0,False
run.fixture.fixed.202,202,fixed,fixture,edge.market,305,0.639,0,True,5,False
run.fixture.fixed.202,202,fixed,fixture,edge.market,310,0.6565,0,True,10,False
run.fixture.fixed.202,202,fixed,fixture,edge.market,315,0.674,0,True,15,False
run.fixture.fixed.202,202,fixed,fixture,edge.market,320,0.6915,0,True,20,False
run.fixture.fixed.202,202,fixed,fixture,edge.market,325,0.709,100,True,25,True
run.fixture.fixed.202,202,fixed,fixture,edge.market,330,0.7265,100,False,0,True
run.fixture.fixed.202,202,fixed,fixture,edge.market,335,0.744,100,False,5,True
run.fixture.fixed.202,202,fixed,fixture,edge.market,340,0.7615,100,False,10,True
run.fixture.fixed.202,202,fixed,fixture,edge.market,345,0.779,100,False,15,True
run.fixture.fixed.202,202,fixed,fixture,edge.market,350,0.7965,100,False,20,True
run.fixture.fixed.202,202,fixed,fixture,edge.market,355,0.814,100,False,25,True
run.fixture.fixed.202,202,fixed,fixture,edge.market,360,0.8315,100,True,0,True
run.fixture.fixed.202,202,fixed,fixture,edge.market,365,0.849,100,True,5,True
run.fixture.fixed.202,202,fixed,fixture,edge.market,370,0.8665,100,True,10,True
run.fixture.fixed.202,202,fixed,fixture,edge.market,375,0.884,100,True,15,True
run.fixture.fixed.202,202,fixed,fixture,edge.market,380,0.9,100,True,20,True
run.fixture.fixed.202,202,fixed,fixture,edge.market,385,0.9,100,True,25,True
run.fixture.fixed.202,202,fixed,fixture,edge.market,390,0.9,100,False,0,True
run.fixture.fixed.202,202,fixed,fixture,edge.market,395,0.9,100,False,5,True
run.fixture.fixed.202,202,fixed,fixture,edge.market,400,0.884,100,False,10,True
run.fixture.fixed.202,202,fixed,fixture,edge.market,405,0.844,100,False,15,True
run.fixture.fixed.202,202,fixed,fixture,edge.market,410,0.804,100,False,20,True
run.fixture.fixed.202,202,fixed,fixture,edge.market,415,0.764,100,False,25,True
run.fixture.fixed.202,202,fixed,fixture,edge.market,420,0.724,100,True,0,True
run.fixture.fixed.202,202,fixed,fixture,edge.market,425,0.684,0,True,5,False
run.fixture.fixed.202,202,fixed,fixture,edge.market,430,0.644,0,True,10,False
run.fixture.fixed.202,202,fixed,fixture,edge.market,435,0.6040000000000001,0,True,15,False
run.fixture.fixed.202,202,fixed,fixture,edge.market,440,0.5640000000000001,0,True,20,False
run.fixture.fixed.202,202,fixed,fixture,edge.market,445,0.524,0,True,25,False
run.fixture.fixed.202,202,fixed,fixture,edge.market,450,0.484,0,False,0,False
run.fixture.fixed.202,202,fixed,fixture,edge.market,455,0.444,0,False,5,False
run.fixture.fixed.202,202,fixed,fixture,edge.market,460,0.404,0,False,10,False
run.fixture.fixed.202,202,fixed,fixture,edge.market,465,0.364,0,False,15,False
run.fixture.fixed.202,202,fixed,fixture,edge.market,470,0.32399999999999995,0,False,20,False
run.fixture.fixed.202,202,fixed,fixture,edge.market,475,0.28400000000000003,0,False,25,False
run.fixture.fixed.202,202,fixed,fixture,edge.market,480,0.244,0,True,0,False
run.fixture.fixed.202,202,fixed,fixture,edge.market,485,0.20399999999999996,0,True,5,False
run.fixture.fixed.202,202,fixed,fixture,edge.market,490,0.16400000000000003,0,True,10,False
run.fixture.fixed.202,202,fixed,fixture,edge.market,495,0.124,0,True,15,False
run.fixture.fixed.202,202,fixed,fixture,edge.market,500,0.1,0,True,20,False
run.fixture.fixed.202,202,fixed,fixture,edge.market,505,0.1,0,True,25,False
run.fixture.fixed.202,202,fixed,fixture,edge.market,510,0.1,0,False,0,False
run.fixture.fixed.202,202,fixed,fixture,edge.market,515,0.1,0,False,5,False
run.fixture.fixed.202,202,fixed,fixture,edge.market,520,0.1,0,False,10,False
run.fixture.fixed.202,202,fixed,fixture,edge.market,525,0.1,0,False,15,False
run.fixture.fixed.202,202,fixed,fixture,edge.market,530,0.1,0,False,20,False
run.fixture.fixed.202,202,fixed,fixture,edge.market,535,0.1,0,False,25,False
run.fixture.fixed.202,202,fixed,fixture,edge.market,540,0.1,0,True,0,False
run.fixture.fixed.202,202,fixed,fixture,edge.market,545,0.1,0,True,5,False
run.fixture.fixed.202,202,fixed,fixture,edge.market,550,0.1,0,True,10,False
run.fixture.fixed.202,202,fixed,fixture,edge.market,555,0.1,0,True,15,False
run.fixture.fixed.202,202,fixed,fixture,edge.market,560,0.1,0,True,20,False
run.fixture.fixed.202,202,fixed,fixture,edge.market,565,0.1,0,True,25,False
run.fixture.fixed.202,202,fixed,fixture,edge.market,570,0.1,0,False,0,False
run.fixture.fixed.202,202,fixed,fixture,edge.market,575,0.1,0,False,5,False
run.fixture.fixed.202,202,fixed,fixture,edge.market,580,0.1,0,False,10,False
run.fixture.fixed.202,202,fixed,fixture,edge.market,585,0.1,0,False,15,False
run.fixture.fixed.202,202,fixed,fixture,edge.market,590,0.1,0,False,20,False
run.fixture.fixed.202,202,fixed,fixture,edge.market,595,0.1,0,False,25,False
run.fixture.fixed.202,202,fixed,fixture,edge.market,600,0.1,0,True,0,False
run.fixture.fixed.202,202,fixed,fixture,edge.market,605,0.1,0,True,5,False
run.fixture.fixed.202,202,fixed,fixture,edge.market,610,0.1,0,True,10,False
run.fixture.fixed.202,202,fixed,fixture,edge.market,615,0.1,0,True,15,False
run.fixture.fixed.202,202,fixed,fixture,edge.market,620,0.1,0,True,20,False
run.fixture.fixed.202,202,fixed,fixture,edge.market,625,0.1,0,True,25,False
run.fixture.fixed.202,202,fixed,fixture,edge.market,630,0.1,0,False,0,False
run.fixture.fixed.202,202,fixed,fixture,edge.market,635,0.1,0,False,5,False
run.fixture.fixed.202,202,fixed,fixture,edge.market,640,0.1,0,False,10,False
run.fixture.fixed.202,202,fixed,fixture,edge.market,645,0.1,0,False,15,False
run.fixture.fixed.202,202,fixed,fixture,edge.market,650,0.1,0,False,20,False
run.fixture.fixed.202,202,fixed,fixture,edge.market,655,0.1,0,False,25,False
run.fixture.fixed.202,202,fixed,fixture,edge.market,660,0.1,0,True,0,False
run.fixture.fixed.202,202,fixed,fixture,edge.market,665,0.1,0,True,5,False
run.fixture.fixed.202,202,fixed,fixture,edge.market,670,0.1,0,True,10,False
run.fixture.fixed.202,202,fixed,fixture,edge.market,675,0.1,0,True,15,False
run.fixture.fixed.202,202,fixed,fixture,edge.market,680,0.1,0,True,20,False
run.fixture.fixed.202,202,fixed,fixture,edge.market,685,0.1,0,True,25,False
run.fixture.fixed.202,202,fixed,fixture,edge.market,690,0.1,0,False,0,False
run.fixture.fixed.202,202,fixed,fixture,edge.market,695,0.1,0,False,5,False
run.fixture.fixed.202,202,fixed,fixture,edge.market,700,0.1,0,False,10,False
run.fixture.fixed.202,202,fixed,fixture,edge.market,705,0.1,0,False,15,False
run.fixture.fixed.202,202,fixed,fixture,edge.market,710,0.1,0,False,20,False
run.fixture.fixed.202,202,fixed,fixture,edge.market,715,0.1,0,False,25,False
run.fixture.fixed.202,202,fixed,fixture,edge.market,720,0.1,0,True,0,False
run.fixture.fixed.202,202,fixed,fixture,edge.market,725,0.1,0,True,5,False
run.fixture.fixed.202,202,fixed,fixture,edge.market,730,0.1,0,True,10,False
run.fixture.fixed.202,202,fixed,fixture,edge.market,735,0.1,0,True,15,False
run.fixture.fixed.202,202,fixed,fixture,edge.market,740,0.1,0,True,20,False
run.fixture.fixed.202,202,fixed,fixture,edge.market,745,0.1,0,True,25,False
run.fixture.fixed.202,202,fixed,fixture,edge.market,750,0.1,0,False,0,False
run.fixture.fixed.202,202,fixed,fixture,edge.market,755,0.1,0,False,5,False
run.fixture.fixed.202,202,fixed,fixture,edge.market,760,0.1,0,False,10,False
run.fixture.fixed.202,202,fixed,fixture,edge.market,765,0.1,0,False,15,False
run.fixture.fixed.202,202,fixed,fixture,edge.market,770,0.1,0,False,20,False
run.fixture.fixed.202,202,fixed,fixture,edge.market,775,0.1,0,False,25,False
run.fixture.fixed.202,202,fixed,fixture,edge.market,780,0.1,0,True,0,False
run.fixture.fixed.202,202,fixed,fixture,edge.market,785,0.1,0,True,5,False
run.fixture.fixed.202,202,fixed,fixture,edge.market,790,0.1,0,True,10,False
run.fixture.fixed.202,202,fixed,fixture,edge.market,795,0.1,0,True,15,False
run.fixture.fixed.202,202,fixed,fixture,edge.market,800,0.1,0,True,20,False
run.fixture.fixed.202,202,fixed,fixture,edge.market,805,0.1,0,True,25,False
run.fixture.fixed.202,202,fixed,fixture,edge.market,810,0.1,0,False,0,False
run.fixture.fixed.202,202,fixed,fixture,edge.market,815,0.1,0,False,5,False
run.fixture.fixed.202,202,fixed,fixture,edge.market,820,0.1,0,False,10,False
run.fixture.fixed.202,202,fixed,fixture,edge.market,825,0.1,0,False,15,False
run.fixture.fixed.202,202,fixed,fixture,edge.market,830,0.1,0,False,20,False
run.fixture.fixed.202,202,fixed,fixture,edge.market,835,0.1,0,False,25,False
run.fixture.fixed.202,202,fixed,fixture,edge.market,840,0.1,0,True,0,False
run.fixture.fixed.202,202,fixed,fixture,edge.market,845,0.1,0,True,5,False
run.fixture.fixed.202,202,fixed,fixture,edge.market,850,0.1,0,True,10,False
run.fixture.fixed.202,202,fixed,fixture,edge.market,855,0.1,0,True,15,False
run.fixture.fixed.202,202,fixed,fixture,edge.market,860,0.1,0,True,20,False
run.fixture.fixed.202,202,fixed,fixture,edge.market,865,0.1,0,True,25,False
run.fixture.fixed.202,202,fixed,fixture,edge.market,870,0.1,0,False,0,False
run.fixture.fixed.202,202,fixed,fixture,edge.market,875,0.1,0,False,5,False
run.fixture.fixed.202,202,fixed,fixture,edge.market,880,0.1,0,False,10,False
run.fixture.fixed.202,202,fixed,fixture,edge.market,885,0.1,0,False,15,False
run.fixture.fixed.202,202,fixed,fixture,edge.market,890,0.1,0,False,20,False
run.fixture.fixed.202,202,fixed,fixture,edge.market,895,0.1,0,False,25,False
run.fixture.fixed.202,202,fixed,fixture,edge.market,900,0.1,0,True,0,False
run.fixture.fixed.300,300,fixed,fixture,edge.market,0,0.1,0,True,0,False
run.fixture.fixed.300,300,fixed,fixture,edge.market,5,0.1,0,True,5,False
run.fixture.fixed.300,300,fixed,fixture,edge.market,10,0.1,0,True,10,False
run.fixture.fixed.300,300,fixed,fixture,edge.market,15,0.1,0,True,15,False
run.fixture.fixed.300,300,fixed,fixture,edge.market,20,0.1,0,True,20,False
run.fixture.fixed.300,300,fixed,fixture,edge.market,25,0.1,0,True,25,False
run.fixture.fixed.300,300,fixed,fixture,edge.market,30,0.1,0,False,0,False
run.fixture.fixed.300,300,fixed,fixture,edge.market,35,0.1,0,False,5,False
run.fixture.fixed.300,300,fixed,fixture,edge.market,40,0.1,0,False,10,False
run.fixture.fixed.300,300,fixed,fixture,edge.market,45,0.1,0,False,15,False
run.fixture.fixed.300,300,fixed,fixture,edge.market,50,0.1,0,False,20,False
run.fixture.fixed.300,300,fixed,fixture,edge.market,55,0.1,0,False,25,False
run.fixture.fixed.300,300,fixed,fixture,edge.market,60,0.1,0,True,0,False
run.fixture.fixed.300,300,fixed,fixture,edge.market,65,0.1,0,True,5,False
run.fixture.fixed.300,300,fixed,fixture,edge.market,70,0.1,0,True,10,False
run.fixture.fixed.300,300,fixed,fixture,edge.market,75,0.1,0,True,15,False
run.fixture.fixed.300,300,fixed,fixture,edge.market,80,0.1,0,True,20,False
run.fixture.fixed.300,300,fixed,fixture,edge.market,85,0.1,0,True,25,False
run.fixture.fixed.300,300,fixed,fixture,edge.market,90,0.1,0,False,0,False
run.fixture.fixed.300,300,fixed,fixture,edge.market,95,0.1,0,False,5,False
run.fixture.fixed.300,300,fixed,fixture,edge.market,100,0.1,0,False,10,False
run.fixture.fixed.300,300,fixed,fixture,edge.market,105,0.1,0,False,15,False
run.fixture.fixed.300,300,fixed,fixture,edge.market,110,0.1,0,False,20,False
run.fixture.fixed.300,300,fixed,fixture,edge.market,115,0.1,0,False,25,False
run.fixture.fixed.300,300,fixed,fixture,edge.market,120,0.1,0,True,0,False
run.fixture.fixed.300,300,fixed,fixture,edge.market,125,0.1,0,True,5,False
run.fixture.fixed.300,300,fixed,fixture,edge.market,130,0.1,0,True,10,False
run.fixture.fixed.300,300,fixed,fixture,edge.market,135,0.1,0,True,15,False
run.fixture.fixed.300,300,fixed,fixture,edge.market,140,0.1,0,True,20,False
run.fixture.fixed.300,300,fixed,fixture,edge.market,145,0.1105,0,True,25,False
run.fixture.fixed.300,300,fixed,fixture,edge.market,150,0.128,0,False,0,False
run.fixture.fixed.300,300,fixed,fixture,edge.market,155,0.14550000000000002,0,False,5,False
run.fixture.fixed.300,300,fixed,fixture,edge.market,160,0.163,0,False,10,False
run.fixture.fixed.300,300,fixed,fixture,edge.market,165,0.1805,0,False,15,False
run.fixture.fixed.300,300,fixed,fixture,edge.market,170,0.198,0,False,20,False
run.fixture.fixed.300,300,fixed,fixture,edge.market,175,0.21550000000000002,0,False,25,False
run.fixture.fixed.300,300,fixed,fixture,edge.market,180,0.233,0,True,0,False
run.fixture.fixed.300,300,fixed,fixture,edge.market,185,0.2505,0,True,5,False
run.fixture.fixed.300,300,fixed,fixture,edge.market,190,0.268,0,True,10,False
run.fixture.fixed.300,300,fixed,fixture,edge.market,195,0.2855,0,True,15,False
run.fixture.fixed.300,300,fixed,fixture,edge.market,200,0.30300000000000005,0,True,20,False
run.fixture.fixed.300,300,fixed,fixture,edge.market,205,0.3205,0,True,25,False
run.fixture.fixed.300,300,fixed,fixture,edge.market,210,0.338,0,False,0,False
run.fixture.fixed.300,300,fixed,fixture,edge.market,215,0.35550000000000004,0,False,5,False
run.fixture.fixed.300,300,fixed,fixture,edge.market,220,0.373,0,False,10,False
run.fixture.fixed.300,300,fixed,fixture,edge.market,225,0.39049999999999996,0,False,15,False
run.fixture.fixed.300,300,fixed,fixture,edge.market,230,0.40800000000000003,0,False,20,False
run.fixture.fixed.300,300,fixed,fixture,edge.market,235,0.4255,0,False,25,False
run.fixture.fixed.300,300,fixed,fixture,edge.market,240,0.44300000000000006,0,True,0,False
run.fixture.fixed.300,300,fixed,fixture,edge.market,245,0.4605,0,True,5,False
run.fixture.fixed.300,300,fixed,fixture,edge.market,250,0.478,0,True,10,False
run.fixture.fixed.300,300,fixed,fixture,edge.market,255,0.49550000000000005,0,True,15,False
run.fixture.fixed.300,300,fixed,fixture,edge.market,260,0.513,0,True,20,False
run.fixture.fixed.300,300,fixed,fixture,edge.market,265,0.5305,0,True,25,False
run.fixture.fixed.300,300,fixed,fixture,edge.market,270,0.548,0,False,0,False
run.fixture.fixed.300,300,fixed,fixture,edge.market,275,0.5655,0,False,5,False
run.fixture.fixed.300,300,fixed,fixture,edge.market,280,0.583,0,False,10,False
run.fixture.fixed.300,300,fixed,fixture,edge.market,285,0.6005,0,False,15,False
run.fixture.fixed.300,300,fixed,fixture,edge.market,290,0.618,0,False,20,False
run.fixture.fixed.300,300,fixed,fixture,edge.market,295,0.6355,0,False,25,False
run.fixture.fixed.300,300,fixed,fixture,edge.market,300,0.653,0,True,0,False
run.fixture.fixed.300,300,fixed,fixture,edge.market,305,0.6705,0,True,5,False
run.fixture.fixed.300,300,fixed,fixture,edge.market,310,0.688,0,True,10,False
run.fixture.fixed.300,300,fixed,fixture,edge.market,315,0.7055,100,True,15,True
run.fixture.fixed.300,300,fixed,fixture,edge.market,320,0.723,100,True,20,True
run.fixture.fixed.300,300,fixed,fixture,edge.market,325,0.7404999999999999,100,True,25,True
run.fixture.fixed.300,300,fixed,fixture,edge.market,330,0.758,100,False,0,True
run.fixture.fixed.300,300,fixed,fixture,edge.market,335,0.7755,100,False,5,True
run.fixture.fixed.300,300,fixed,fixture,edge.market,340,0.793,100,False,10,True
run.fixture.fixed.300,300,fixed,fixture,edge.market,345,0.8105,100,False,15,True
run.fixture.fixed.300,300,fixed,fixture,edge.market,350,0.828,100,False,20,True
run.fixture.fixed.300,300,fixed,fixture,edge.market,355,0.8455,100,False,25,True
run.fixture.fixed.300,300,fixed,fixture,edge.market,360,0.863,100,True,0,True
run.fixture.fixed.300,300,fixed,fixture,edge.market,365,0.8805,100,True,5,True
run.fixture.fixed.300,300,fixed,fixture,edge.market,370,0.898,100,True,10,True
run.fixture.fixed.300,300,fixed,fixture,edge.market,375,0.9,100,True,15,True
run.fixture.fixed.300,300,fixed,fixture,edge.market,380,0.9,100,True,20,True
run.fixture.fixed.300,300,fixed,fixture,edge.market,385,0.9,100,True,25,True
run.fixture.fixed.300,300,fixed,fixture,edge.market,390,0.9,100,False,0,True
run.fixture.fixed.300,300,fixed,fixture,edge.market,395,0.9,100,False,5,True
run.fixture.fixed.300,300,fixed,fixture,edge.market,400,0.9,100,False,10,True
run.fixture.fixed.300,300,fixed,fixture,edge.market,405,0.9,100,False,15,True
run.fixture.fixed.300,300,fixed,fixture,edge.market,410,0.9,100,False,20,True
run.fixture.fixed.300,300,fixed,fixture,edge.market,415,0.9,100,False,25,True
run.fixture.fixed.300,300,fixed,fixture,edge.market,420,0.86,100,True,0,True
run.fixture.fixed.300,300,fixed,fixture,edge.market,425,0.8200000000000001,100,True,5,True
run.fixture.fixed.300,300,fixed,fixture,edge.market,430,0.78,100,True,10,True
run.fixture.fixed.300,300,fixed,fixture,edge.market,435,0.74,100,True,15,True
run.fixture.fixed.300,300,fixed,fixture,edge.market,440,0.7,100,True,20,True
run.fixture.fixed.300,300,fixed,fixture,edge.market,445,0.66,0,True,25,False
run.fixture.fixed.300,300,fixed,fixture,edge.market,450,0.62,0,False,0,False
run.fixture.fixed.300,300,fixed,fixture,edge.market,455,0.5800000000000001,0,False,5,False
run.fixture.fixed.300,300,fixed,fixture,edge.market,460,0.54,0,False,10,False
run.fixture.fixed.300,300,fixed,fixture,edge.market,465,0.5,0,False,15,False
run.fixture.fixed.300,300,fixed,fixture,edge.market,470,0.46,0,False,20,False
run.fixture.fixed.300,300,fixed,fixture,edge.market,475,0.42000000000000004,0,False,25,False
run.fixture.fixed.300,300,fixed,fixture,edge.market,480,0.38,0,True,0,False
run.fixture.fixed.300,300,fixed,fixture,edge.market,485,0.33999999999999997,0,True,5,False
run.fixture.fixed.300,300,fixed,fixture,edge.market,490,0.30000000000000004,0,True,10,False
run.fixture.fixed.300,300,fixed,fixture,edge.market,495,0.26,0,True,15,False
run.fixture.fixed.300,300,fixed,fixture,edge.market,500,0.21999999999999997,0,True,20,False
run.fixture.fixed.300,300,fixed,fixture,edge.market,505,0.18000000000000005,0,True,25,False
run.fixture.fixed.300,300,fixed,fixture,edge.market,510,0.14,0,False,0,False
run.fixture.fixed.300,300,fixed,fixture,edge.market,515,0.1,0,False,5,False
run.fixture.fixed.300,300,fixed,fixture,edge.market,520,0.1,0,False,10,False
run.fixture.fixed.300,300,fixed,fixture,edge.market,525,0.1,0,False,15,False
run.fixture.fixed.300,300,fixed,fixture,edge.market,530,0.1,0,False,20,False
run.fixture.fixed.300,300,fixed,fixture,edge.market,535,0.1,0,False,25,False
run.fixture.fixed.300,300,fixed,fixture,edge.market,540,0.1,0,True,0,False
run.fixture.fixed.300,300,fixed,fixture,edge.market,545,0.1,0,True,5,False
run.fixture.fixed.300,300,fixed,fixture,edge.market,550,0.1,0,True,10,False
run.fixture.fixed.300,300,fixed,fixture,edge.market,555,0.1,0,True,15,False
run.fixture.fixed.300,300,fixed,fixture,edge.market,560,0.1,0,True,20,False
run.fixture.fixed.300,300,fixed,fixture,edge.market,565,0.1,0,True,25,False
run.fixture.fixed.300,300,fixed,fixture,edge.market,570,0.1,0,False,0,False
run.fixture.fixed.300,300,fixed,fixture,edge.market,575,0.1,0,False,5,False
run.fixture.fixed.300,300,fixed,fixture,edge.market,580,0.1,0,False,10,False
run.fixture.fixed.300,300,fixed,fixture,edge.market,585,0.1,0,False,15,False
run.fixture.fixed.300,300,fixed,fixture,edge.market,590,0.1,0,False,20,False
run.fixture.fixed.300,300,fixed,fixture,edge.market,595,0.1,0,False,25,False
run.fixture.fixed.300,300,fixed,fixture,edge.market,600,0.1,0,True,0,False
run.fixture.fixed.300,300,fixed,fixture,edge.market,605,0.1,0,True,5,False
run.fixture.fixed.300,300,fixed,fixture,edge.market,610,0.1,0,True,10,False
run.fixture.fixed.300,300,fixed,fixture,edge.market,615,0.1,0,True,15,False
run.fixture.fixed.300,300,fixed,fixture,edge.market,620,0.1,0,True,20,False
run.fixture.fixed.300,300,fixed,fixture,edge.market,625,0.1,0,True,25,False
run.fixture.fixed.300,300,fixed,fixture,edge.market,630,0.1,0,False,0,False
run.fixture.fixed.300,300,fixed,fixture,edge.market,635,0.1,0,False,5,False
run.fixture.fixed.300,300,fixed,fixture,edge.market,640,0.1,0,False,10,False
run.fixture.fixed.300,300,fixed,fixture,edge.market,645,0.1,0,False,15,False
run.fixture.fixed.300,300,fixed,fixture,edge.market,650,0.1,0,False,20,False
run.fixture.fixed.300,300,fixed,fixture,edge.market,655,0.1,0,False,25,False
run.fixture.fixed.300,300,fixed,fixture,edge.market,660,0.1,0,True,0,False
run.fixture.fixed.300,300,fixed,fixture,edge.market,665,0.1,0,True,5,False
run.fixture.fixed.300,300,fixed,fixture,edge.market,670,0.1,0,True,10,False
run.fixture.fixed.300,300,fixed,fixture,edge.market,675,0.1,0,True,15,False
run.fixture.fixed.300,300,fixed,fixture,edge.market,680,0.1,0,True,20,False
run.fixture.fixed.300,300,fixed,fixture,edge.market,685,0.1,0,True,25,False
run.fixture.fixed.300,300,fixed,fixture,edge.market,690,0.1,0,False,0,False
run.fixture.fixed.300,300,fixed,fixture,edge.market,695,0.1,0,False,5,False
run.fixture.fixed.300,300,fixed,fixture,edge.market,700,0.1,0,False,10,False
run.fixture.fixed.300,300,fixed,fixture,edge.market,705,0.1,0,False,15,False
run.fixture.fixed.300,300,fixed,fixture,edge.market,710,0.1,0,False,20,False
run.fixture.fixed.300,300,fixed,fixture,edge.market,715,0.1,0,False,25,False
run.fixture.fixed.300,300,fixed,fixture,edge.market,720,0.1,0,True,0,False
run.fixture.fixed.300,300,fixed,fixture,edge.market,725,0.1,0,True,5,False
run.fixture.fixed.300,300,fixed,fixture,edge.market,730,0.1,0,True,10,False
run.fixture.fixed.300,300,fixed,fixture,edge.market,735,0.1,0,True,15,False
run.fixture.fixed.300,300,fixed,fixture,edge.market,740,0.1,0,True,20,False
run.fixture.fixed.300,300,fixed,fixture,edge.market,745,0.1,0,True,25,False
run.fixture.fixed.300,300,fixed,fixture,edge.market,750,0.1,0,False,0,False
run.fixture.fixed.300,300,fixed,fixture,edge.market,755,0.1,0,False,5,False
run.fixture.fixed.300,300,fixed,fixture,edge.market,760,0.1,0,False,10,False
run.fixture.fixed.300,300,fixed,fixture,edge.market,765,0.1,0,False,15,False
run.fixture.fixed.300,300,fixed,fixture,edge.market,770,0.1,0,False,20,False
run.fixture.fixed.300,300,fixed,fixture,edge.market,775,0.1,0,False,25,False
run.fixture.fixed.300,300,fixed,fixture,edge.market,780,0.1,0,True,0,False
run.fixture.fixed.300,300,fixed,fixture,edge.market,785,0.1,0,True,5,False
run.fixture.fixed.300,300,fixed,fixture,edge.market,790,0.1,0,True,10,False
run.fixture.fixed.300,300,fixed,fixture,edge.market,795,0.1,0,True,15,False
run.fixture.fixed.300,300,fixed,fixture,edge.market,800,0.1,0,True,20,False
run.fixture.fixed.300,300,fixed,fixture,edge.market,805,0.1,0,True,25,False
run.fixture.fixed.300,300,fixed,fixture,edge.market,810,0.1,0,False,0,False
run.fixture.fixed.300,300,fixed,fixture,edge.market,815,0.1,0,False,5,False
run.fixture.fixed.300,300,fixed,fixture,edge.market,820,0.1,0,False,10,False
run.fixture.fixed.300,300,fixed,fixture,edge.market,825,0.1,0,False,15,False
run.fixture.fixed.300,300,fixed,fixture,edge.market,830,0.1,0,False,20,False
run.fixture.fixed.300,300,fixed,fixture,edge.market,835,0.1,0,False,25,False
run.fixture.fixed.300,300,fixed,fixture,edge.market,840,0.1,0,True,0,False
run.fixture.fixed.300,300,fixed,fixture,edge.market,845,0.1,0,True,5,False
run.fixture.fixed.300,300,fixed,fixture,edge.market,850,0.1,0,True,10,False
run.fixture.fixed.300,300,fixed,fixture,edge.market,855,0.1,0,True,15,False
run.fixture.fixed.300,300,fixed,fixture,edge.market,860,0.1,0,True,20,False
run.fixture.fixed.300,300,fixed,fixture,edge.market,865,0.1,0,True,25,False
run.fixture.fixed.300,300,fixed,fixture,edge.market,870,0.1,0,False,0,False
run.fixture.fixed.300,300,fixed,fixture,edge.market,875,0.1,0,False,5,False
run.fixture.fixed.300,300,fixed,fixture,edge.market,880,0.1,0,False,10,False
run.fixture.fixed.300,300,fixed,fixture,edge.market,885,0.1,0,False,15,False
run.fixture.fixed.300,300,fixed,fixture,edge.market,890,0.1,0,False,20,False
run.fixture.fixed.300,300,fixed,fixture,edge.market,895,0.1,0,False,25,False
run.fixture.fixed.300,300,fixed,fixture,edge.market,900,0.1,0,True,0,False
run.fixture.fixed.301,301,fixed,fixture,edge.market,0,0.1,0,True,0,False
run.fixture.fixed.301,301,fixed,fixture,edge.market,5,0.1,0,True,5,False
run.fixture.fixed.301,301,fixed,fixture,edge.market,10,0.1,0,True,10,False
run.fixture.fixed.301,301,fixed,fixture,edge.market,15,0.1,0,True,15,False
run.fixture.fixed.301,301,fixed,fixture,edge.market,20,0.1,0,True,20,False
run.fixture.fixed.301,301,fixed,fixture,edge.market,25,0.1,0,True,25,False
run.fixture.fixed.301,301,fixed,fixture,edge.market,30,0.1,0,False,0,False
run.fixture.fixed.301,301,fixed,fixture,edge.market,35,0.1,0,False,5,False
run.fixture.fixed.301,301,fixed,fixture,edge.market,40,0.1,0,False,10,False
run.fixture.fixed.301,301,fixed,fixture,edge.market,45,0.1,0,False,15,False
run.fixture.fixed.301,301,fixed,fixture,edge.market,50,0.1,0,False,20,False
run.fixture.fixed.301,301,fixed,fixture,edge.market,55,0.1,0,False,25,False
run.fixture.fixed.301,301,fixed,fixture,edge.market,60,0.1,0,True,0,False
run.fixture.fixed.301,301,fixed,fixture,edge.market,65,0.1,0,True,5,False
run.fixture.fixed.301,301,fixed,fixture,edge.market,70,0.1,0,True,10,False
run.fixture.fixed.301,301,fixed,fixture,edge.market,75,0.1,0,True,15,False
run.fixture.fixed.301,301,fixed,fixture,edge.market,80,0.1,0,True,20,False
run.fixture.fixed.301,301,fixed,fixture,edge.market,85,0.1,0,True,25,False
run.fixture.fixed.301,301,fixed,fixture,edge.market,90,0.1,0,False,0,False
run.fixture.fixed.301,301,fixed,fixture,edge.market,95,0.1,0,False,5,False
run.fixture.fixed.301,301,fixed,fixture,edge.market,100,0.1,0,False,10,False
run.fixture.fixed.301,301,fixed,fixture,edge.market,105,0.1,0,False,15,False
run.fixture.fixed.301,301,fixed,fixture,edge.market,110,0.1,0,False,20,False
run.fixture.fixed.301,301,fixed,fixture,edge.market,115,0.1,0,False,25,False
run.fixture.fixed.301,301,fixed,fixture,edge.market,120,0.1,0,True,0,False
run.fixture.fixed.301,301,fixed,fixture,edge.market,125,0.1,0,True,5,False
run.fixture.fixed.301,301,fixed,fixture,edge.market,130,0.1,0,True,10,False
run.fixture.fixed.301,301,fixed,fixture,edge.market,135,0.1,0,True,15,False
run.fixture.fixed.301,301,fixed,fixture,edge.market,140,0.1,0,True,20,False
run.fixture.fixed.301,301,fixed,fixture,edge.market,145,0.1,0,True,25,False
run.fixture.fixed.301,301,fixed,fixture,edge.market,150,0.1,0,False,0,False
run.fixture.fixed.301,301,fixed,fixture,edge.market,155,0.10350000000000001,0,False,5,False
run.fixture.fixed.301,301,fixed,fixture,edge.market,160,0.12100000000000001,0,False,10,False
run.fixture.fixed.301,301,fixed,fixture,edge.market,165,0.1385,0,False,15,False
run.fixture.fixed.301,301,fixed,fixture,edge.market,170,0.156,0,False,20,False
run.fixture.fixed.301,301,fixed,fixture,edge.market,175,0.1735,0,False,25,False
run.fixture.fixed.301,301,fixed,fixture,edge.market,180,0.191,0,True,0,False
run.fixture.fixed.301,301,fixed,fixture,edge.market,185,0.20850000000000002,0,True,5,False
run.fixture.fixed.301,301,fixed,fixture,edge.market,190,0.226,0,True,10,False
run.fixture.fixed.301,301,fixed,fixture,edge.market,195,0.24350000000000002,0,True,15,False
run.fixture.fixed.301,301,fixed,fixture,edge.market,200,0.261,0,True,20,False
run.fixture.fixed.301,301,fixed,fixture,edge.market,205,0.27849999999999997,0,True,25,False
run.fixture.fixed.301,301,fixed,fixture,edge.market,210,0.29600000000000004,0,False,0,False
run.fixture.fixed.301,301,fixed,fixture,edge.market,215,0.3135,0,False,5,False
run.fixture.fixed.301,301,fixed,fixture,edge.market,220,0.331,0,False,10,False
run.fixture.fixed.301,301,fixed,fixture,edge.market,225,0.34850000000000003,0,False,15,False
run.fixture.fixed.301,301,fixed,fixture,edge.market,230,0.366,0,False,20,False
run.fixture.fixed.301,301,fixed,fixture,edge.market,235,0.38350000000000006,0,False,25,False
run.fixture.fixed.301,301,fixed,fixture,edge.market,240,0.401,0,True,0,False
run.fixture.fixed.301,301,fixed,fixture,edge.market,245,0.4185,0,True,5,False
run.fixture.fixed.301,301,fixed,fixture,edge.market,250,0.43600000000000005,0,True,10,False
run.fixture.fixed.301,301,fixed,fixture,edge.market,255,0.4535,0,True,15,False
run.fixture.fixed.301,301,fixed,fixture,edge.market,260,0.471,0,True,20,False
run.fixture.fixed.301,301,fixed,fixture,edge.market,265,0.48850000000000005,0,True,25,False
run.fixture.fixed.301,301,fixed,fixture,edge.market,270,0.506,0,False,0,False
run.fixture.fixed.301,301,fixed,fixture,edge.market,275,0.5235,0,False,5,False
run.fixture.fixed.301,301,fixed,fixture,edge.market,280,0.541,0,False,10,False
run.fixture.fixed.301,301,fixed,fixture,edge.market,285,0.5585,0,False,15,False
run.fixture.fixed.301,301,fixed,fixture,edge.market,290,0.5760000000000001,0,False,20,False
run.fixture.fixed.301,301,fixed,fixture,edge.market,295,0.5935,0,False,25,False
run.fixture.fixed.301,301,fixed,fixture,edge.market,300,0.611,0,True,0,False
run.fixture.fixed.301,301,fixed,fixture,edge.market,305,0.6285,0,True,5,False
run.fixture.fixed.301,301,fixed,fixture,edge.market,310,0.646,0,True,10,False
run.fixture.fixed.301,301,fixed,fixture,edge.market,315,0.6635,0,True,15,False
run.fixture.fixed.301,301,fixed,fixture,edge.market,320,0.6809999999999999,0,True,20,False
run.fixture.fixed.301,301,fixed,fixture,edge.market,325,0.6985,0,True,25,False
run.fixture.fixed.301,301,fixed,fixture,edge.market,330,0.716,100,False,0,True
run.fixture.fixed.301,301,fixed,fixture,edge.market,335,0.7335,100,False,5,True
run.fixture.fixed.301,301,fixed,fixture,edge.market,340,0.751,100,False,10,True
run.fixture.fixed.301,301,fixed,fixture,edge.market,345,0.7685,100,False,15,True
run.fixture.fixed.301,301,fixed,fixture,edge.market,350,0.786,100,False,20,True
run.fixture.fixed.301,301,fixed,fixture,edge.market,355,0.8035,100,False,25,True
run.fixture.fixed.301,301,fixed,fixture,edge.market,360,0.821,100,True,0,True
run.fixture.fixed.301,301,fixed,fixture,edge.market,365,0.8385,100,True,5,True
run.fixture.fixed.301,301,fixed,fixture,edge.market,370,0.856,100,True,10,True
run.fixture.fixed.301,301,fixed,fixture,edge.market,375,0.8734999999999999,100,True,15,True
run.fixture.fixed.301,301,fixed,fixture,edge.market,380,0.891,100,True,20,True
run.fixture.fixed.301,301,fixed,fixture,edge.market,385,0.9,100,True,25,True
run.fixture.fixed.301,301,fixed,fixture,edge.market,390,0.9,100,False,0,True
run.fixture.fixed.301,301,fixed,fixture,edge.market,395,0.9,100,False,5,True
run.fixture.fixed.301,301,fixed,fixture,edge.market,400,0.9,100,False,10,True
run.fixture.fixed.301,301,fixed,fixture,edge.market,405,0.9,100,False,15,True
run.fixture.fixed.301,301,fixed,fixture,edge.market,410,0.868,100,False,20,True
run.fixture.fixed.301,301,fixed,fixture,edge.market,415,0.8280000000000001,100,False,25,True
run.fixture.fixed.301,301,fixed,fixture,edge.market,420,0.788,100,True,0,True
run.fixture.fixed.301,301,fixed,fixture,edge.market,425,0.748,100,True,5,True
run.fixture.fixed.301,301,fixed,fixture,edge.market,430,0.708,100,True,10,True
run.fixture.fixed.301,301,fixed,fixture,edge.market,435,0.668,0,True,15,False
run.fixture.fixed.301,301,fixed,fixture,edge.market,440,0.628,0,True,20,False
run.fixture.fixed.301,301,fixed,fixture,edge.market,445,0.5880000000000001,0,True,25,False
run.fixture.fixed.301,301,fixed,fixture,edge.market,450,0.548,0,False,0,False
run.fixture.fixed.301,301,fixed,fixture,edge.market,455,0.508,0,False,5,False
run.fixture.fixed.301,301,fixed,fixture,edge.market,460,0.468,0,False,10,False
run.fixture.fixed.301,301,fixed,fixture,edge.market,465,0.428,0,False,15,False
run.fixture.fixed.301,301,fixed,fixture,edge.market,470,0.388,0,False,20,False
run.fixture.fixed.301,301,fixed,fixture,edge.market,475,0.348,0,False,25,False
run.fixture.fixed.301,301,fixed,fixture,edge.market,480,0.30800000000000005,0,True,0,False
run.fixture.fixed.301,301,fixed,fixture,edge.market,485,0.268,0,True,5,False
run.fixture.fixed.301,301,fixed,fixture,edge.market,490,0.22799999999999998,0,True,10,False
run.fixture.fixed.301,301,fixed,fixture,edge.market,495,0.18800000000000006,0,True,15,False
run.fixture.fixed.301,301,fixed,fixture,edge.market,500,0.14800000000000002,0,True,20,False
run.fixture.fixed.301,301,fixed,fixture,edge.market,505,0.10799999999999998,0,True,25,False
run.fixture.fixed.301,301,fixed,fixture,edge.market,510,0.1,0,False,0,False
run.fixture.fixed.301,301,fixed,fixture,edge.market,515,0.1,0,False,5,False
run.fixture.fixed.301,301,fixed,fixture,edge.market,520,0.1,0,False,10,False
run.fixture.fixed.301,301,fixed,fixture,edge.market,525,0.1,0,False,15,False
run.fixture.fixed.301,301,fixed,fixture,edge.market,530,0.1,0,False,20,False
run.fixture.fixed.301,301,fixed,fixture,edge.market,535,0.1,0,False,25,False
run.fixture.fixed.301,301,fixed,fixture,edge.market,540,0.1,0,True,0,False
run.fixture.fixed.301,301,fixed,fixture,edge.market,545,0.1,0,True,5,False
run.fixture.fixed.301,301,fixed,fixture,edge.market,550,0.1,0,True,10,False
run.fixture.fixed.301,301,fixed,fixture,edge.market,555,0.1,0,True,15,False
run.fixture.fixed.301,301,fixed,fixture,edge.market,560,0.1,0,True,20,False
run.fixture.fixed.301,301,fixed,fixture,edge.market,565,0.1,0,True,25,False
run.fixture.fixed.301,301,fixed,fixture,edge.market,570,0.1,0,False,0,False
run.fixture.fixed.301,301,fixed,fixture,edge.market,575,0.1,0,False,5,False
run.fixture.fixed.301,301,fixed,fixture,edge.market,580,0.1,0,False,10,False
run.fixture.fixed.301,301,fixed,fixture,edge.market,585,0.1,0,False,15,False
run.fixture.fixed.301,301,fixed,fixture,edge.market,590,0.1,0,False,20,False
run.fixture.fixed.301,301,fixed,fixture,edge.market,595,0.1,0,False,25,False
run.fixture.fixed.301,301,fixed,fixture,edge.market,600,0.1,0,True,0,False
run.fixture.fixed.301,301,fixed,fixture,edge.market,605,0.1,0,True,5,False
run.fixture.fixed.301,301,fixed,fixture,edge.market,610,0.1,0,True,10,False
run.fixture.fixed.301,301,fixed,fixture,edge.market,615,0.1,0,True,15,False
run.fixture.fixed.301,301,fixed,fixture,edge.market,620,0.1,0,True,20,False
run.fixture.fixed.301,301,fixed,fixture,edge.market,625,0.1,0,True,25,False
run.fixture.fixed.301,301,fixed,fixture,edge.market,630,0.1,0,False,0,False
run.fixture.fixed.301,301,fixed,fixture,edge.market,635,0.1,0,False,5,False
run.fixture.fixed.301,301,fixed,fixture,edge.market,640,0.1,0,False,10,False
run.fixture.fixed.301,301,fixed,fixture,edge.market,645,0.1,0,False,15,False
run.fixture.fixed.301,301,fixed,fixture,edge.market,650,0.1,0,False,20,False
run.fixture.fixed.301,301,fixed,fixture,edge.market,655,0.1,0,False,25,False
run.fixture.fixed.301,301,fixed,fixture,edge.market,660,0.1,0,True,0,False
run.fixture.fixed.301,301,fixed,fixture,edge.market,665,0.1,0,True,5,False
run.fixture.fixed.301,301,fixed,fixture,edge.market,670,0.1,0,True,10,False
run.fixture.fixed.301,301,fixed,fixture,edge.market,675,0.1,0,True,15,False
run.fixture.fixed.301,301,fixed,fixture,edge.market,680,0.1,0,True,20,False
run.fixture.fixed.301,301,fixed,fixture,edge.market,685,0.1,0,True,25,False
run.fixture.fixed.301,301,fixed,fixture,edge.market,690,0.1,0,False,0,False
run.fixture.fixed.301,301,fixed,fixture,edge.market,695,0.1,0,False,5,False
run.fixture.fixed.301,301,fixed,fixture,edge.market,700,0.1,0,False,10,False
run.fixture.fixed.301,301,fixed,fixture,edge.market,705,0.1,0,False,15,False
run.fixture.fixed.301,301,fixed,fixture,edge.market,710,0.1,0,False,20,False
run.fixture.fixed.301,301,fixed,fixture,edge.market,715,0.1,0,False,25,False
run.fixture.fixed.301,301,fixed,fixture,edge.market,720,0.1,0,True,0,False
run.fixture.fixed.301,301,fixed,fixture,edge.market,725,0.1,0,True,5,False
run.fixture.fixed.301,301,fixed,fixture,edge.market,730,0.1,0,True,10,False
run.fixture.fixed.301,301,fixed,fixture,edge.market,735,0.1,0,True,15,False
run.fixture.fixed.301,301,fixed,fixture,edge.market,740,0.1,0,True,20,False
run.fixture.fixed.301,301,fixed,fixture,edge.market,745,0.1,0,True,25,False
run.fixture.fixed.301,301,fixed,fixture,edge.market,750,0.1,0,False,0,False
run.fixture.fixed.301,301,fixed,fixture,edge.market,755,0.1,0,False,5,False
run.fixture.fixed.301,301,fixed,fixture,edge.market,760,0.1,0,False,10,False
run.fixture.fixed.301,301,fixed,fixture,edge.market,765,0.1,0,False,15,False
run.fixture.fixed.301,301,fixed,fixture,edge.market,770,0.1,0,False,20,False
run.fixture.fixed.301,301,fixed,fixture,edge.market,775,0.1,0,False,25,False
run.fixture.fixed.301,301,fixed,fixture,edge.market,780,0.1,0,True,0,False
run.fixture.fixed.301,301,fixed,fixture,edge.market,785,0.1,0,True,5,False
run.fixture.fixed.301,301,fixed,fixture,edge.market,790,0.1,0,True,10,False
run.fixture.fixed.301,301,fixed,fixture,edge.market,795,0.1,0,True,15,False
run.fixture.fixed.301,301,fixed,fixture,edge.market,800,0.1,0,True,20,False
run.fixture.fixed.301,301,fixed,fixture,edge.market,805,0.1,0,True,25,False
run.fixture.fixed.301,301,fixed,fixture,edge.market,810,0.1,0,False,0,False
run.fixture.fixed.301,301,fixed,fixture,edge.market,815,0.1,0,False,5,False
run.fixture.fixed.301,301,fixed,fixture,edge.market,820,0.1,0,False,10,False
run.fixture.fixed.301,301,fixed,fixture,edge.market,825,0.1,0,False,15,False
run.fixture.fixed.301,301,fixed,fixture,edge.market,830,0.1,0,False,20,False
run.fixture.fixed.301,301,fixed,fixture,edge.market,835,0.1,0,False,25,False
run.fixture.fixed.301,301,fixed,fixture,edge.market,840,0.1,0,True,0,False
run.fixture.fixed.301,301,fixed,fixture,edge.market,845,0.1,0,True,5,False
run.fixture.fixed.301,301,fixed,fixture,edge.market,850,0.1,0,True,10,False
run.fixture.fixed.301,301,fixed,fixture,edge.market,855,0.1,0,True,15,False
run.fixture.fixed.301,301,fixed,fixture,edge.market,860,0.1,0,True,20,False
run.fixture.fixed.301,301,fixed,fixture,edge.market,865,0.1,0,True,25,False
run.fixture.fixed.301,301,fixed,fixture,edge.market,870,0.1,0,False,0,False
run.fixture.fixed.301,301,fixed,fixture,edge.market,875,0.1,0,False,5,False
run.fixture.fixed.301,301,fixed,fixture,edge.market,880,0.1,0,False,10,False
run.fixture.fixed.301,301,fixed,fixture,edge.market,885,0.1,0,False,15,False
run.fixture.fixed.301,301,fixed,fixture,edge.market,890,0.1,0,False,20,False
run.fixture.fixed.301,301,fixed,fixture,edge.market,895,0.1,0,False,25,False
run.fixture.fixed.301,301,fixed,fixture,edge.market,900,0.1,0,True,0,False
run.fixture.fixed.302,302,fixed,fixture,edge.market,0,0.1,0,True,0,False
run.fixture.fixed.302,302,fixed,fixture,edge.market,5,0.1,0,True,5,False
run.fixture.fixed.302,302,fixed,fixture,edge.market,10,0.1,0,True,10,False
run.fixture.fixed.302,302,fixed,fixture,edge.market,15,0.1,0,True,15,False
run.fixture.fixed.302,302,fixed,fixture,edge.market,20,0.1,0,True,20,False
run.fixture.fixed.302,302,fixed,fixture,edge.market,25,0.1,0,True,25,False
run.fixture.fixed.302,302,fixed,fixture,edge.market,30,0.1,0,False,0,False
run.fixture.fixed.302,302,fixed,fixture,edge.market,35,0.1,0,False,5,False
run.fixture.fixed.302,302,fixed,fixture,edge.market,40,0.1,0,False,10,False
run.fixture.fixed.302,302,fixed,fixture,edge.market,45,0.1,0,False,15,False
run.fixture.fixed.302,302,fixed,fixture,edge.market,50,0.1,0,False,20,False
run.fixture.fixed.302,302,fixed,fixture,edge.market,55,0.1,0,False,25,False
run.fixture.fixed.302,302,fixed,fixture,edge.market,60,0.1,0,True,0,False
run.fixture.fixed.302,302,fixed,fixture,edge.market,65,0.1,0,True,5,False
run.fixture.fixed.302,302,fixed,fixture,edge.market,70,0.1,0,True,10,False
run.fixture.fixed.302,302,fixed,fixture,edge.market,75,0.1,0,True,15,False
run.fixture.fixed.302,302,fixed,fixture,edge.market,80,0.1,0,True,20,False
run.fixture.fixed.302,302,fixed,fixture,edge.market,85,0.1,0,True,25,False
run.fixture.fixed.302,302,fixed,fixture,edge.market,90,0.1,0,False,0,False
run.fixture.fixed.302,302,fixed,fixture,edge.market,95,0.1,0,False,5,False
run.fixture.fixed.302,302,fixed,fixture,edge.market,100,0.1,0,False,10,False
run.fixture.fixed.302,302,fixed,fixture,edge.market,105,0.1,0,False,15,False
run.fixture.fixed.302,302,fixed,fixture,edge.market,110,0.1,0,False,20,False
run.fixture.fixed.302,302,fixed,fixture,edge.market,115,0.1,0,False,25,False
run.fixture.fixed.302,302,fixed,fixture,edge.market,120,0.1,0,True,0,False
run.fixture.fixed.302,302,fixed,fixture,edge.market,125,0.1,0,True,5,False
run.fixture.fixed.302,302,fixed,fixture,edge.market,130,0.1,0,True,10,False
run.fixture.fixed.302,302,fixed,fixture,edge.market,135,0.1,0,True,15,False
run.fixture.fixed.302,302,fixed,fixture,edge.market,140,0.1,0,True,20,False
run.fixture.fixed.302,302,fixed,fixture,edge.market,145,0.1,0,True,25,False
run.fixture.fixed.302,302,fixed,fixture,edge.market,150,0.1,0,False,0,False
run.fixture.fixed.302,302,fixed,fixture,edge.market,155,0.1,0,False,5,False
run.fixture.fixed.302,302,fixed,fixture,edge.market,160,0.1,0,False,10,False
run.fixture.fixed.302,302,fixed,fixture,edge.market,165,0.1,0,False,15,False
run.fixture.fixed.302,302,fixed,fixture,edge.market,170,0.1,0,False,20,False
run.fixture.fixed.302,302,fixed,fixture,edge.market,175,0.1,0,False,25,False
run.fixture.fixed.302,302,fixed,fixture,edge.market,180,0.1,0,True,0,False
run.fixture.fixed.302,302,fixed,fixture,edge.market,185,0.1,0,True,5,False
run.fixture.fixed.302,302,fixed,fixture,edge.market,190,0.10700000000000001,0,True,10,False
run.fixture.fixed.302,302,fixed,fixture,edge.market,195,0.1245,0,True,15,False
run.fixture.fixed.302,302,fixed,fixture,edge.market,200,0.14200000000000002,0,True,20,False
run.fixture.fixed.302,302,fixed,fixture,edge.market,205,0.1595,0,True,25,False
run.fixture.fixed.302,302,fixed,fixture,edge.market,210,0.177,0,False,0,False
run.fixture.fixed.302,302,fixed,fixture,edge.market,215,0.1945,0,False,5,False
run.fixture.fixed.302,302,fixed,fixture,edge.market,220,0.21200000000000002,0,False,10,False
run.fixture.fixed.302,302,fixed,fixture,edge.market,225,0.2295,0,False,15,False
run.fixture.fixed.302,302,fixed,fixture,edge.market,230,0.247,0,False,20,False
run.fixture.fixed.302,302,fixed,fixture,edge.market,235,0.2645,0,False,25,False
run.fixture.fixed.302,302,fixed,fixture,edge.market,240,0.28200000000000003,0,True,0,False
run.fixture.fixed.302,302,fixed,fixture,edge.market,245,0.2995,0,True,5,False
run.fixture.fixed.302,302,fixed,fixture,edge.market,250,0.317,0,True,10,False
run.fixture.fixed.302,302,fixed,fixture,edge.market,255,0.3345,0,True,15,False
run.fixture.fixed.302,302,fixed,fixture,edge.market,260,0.352,0,True,20,False
run.fixture.fixed.302,302,fixed,fixture,edge.market,265,0.36950000000000005,0,True,25,False
run.fixture.fixed.302,302,fixed,fixture,edge.market,270,0.387,0,False,0,False
run.fixture.fixed.302,302,fixed,fixture,edge.market,275,0.40449999999999997,0,False,5,False
run.fixture.fixed.302,302,fixed,fixture,edge.market,280,0.42200000000000004,0,False,10,False
run.fixture.fixed.302,302,fixed,fixture,edge.market,285,0.4395,0,False,15,False
run.fixture.fixed.302,302,fixed,fixture,edge.market,290,0.45699999999999996,0,False,20,False
run.fixture.fixed.302,302,fixed,fixture,edge.market,295,0.47450000000000003,0,False,25,False
run.fixture.fixed.302,302,fixed,fixture,edge.market,300,0.492,0,True,0,False
run.fixture.fixed.302,302,fixed,fixture,edge.market,305,0.5095000000000001,0,True,5,False
run.fixture.fixed.302,302,fixed,fixture,edge.market,310,0.527,0,True,10,False
run.fixture.fixed.302,302,fixed,fixture,edge.market,315,0.5445,0,True,15,False
run.fixture.fixed.302,302,fixed,fixture,edge.market,320,0.562,0,True,20,False
run.fixture.fixed.302,302,fixed,fixture,edge.market,325,0.5795,0,True,25,False
run.fixture.fixed.302,302,fixed,fixture,edge.market,330,0.597,0,False,0,False
run.fixture.fixed.302,302,fixed,fixture,edge.market,335,0.6144999999999999,0,False,5,False
run.fixture.fixed.302,302,fixed,fixture,edge.market,340,0.632,0,False,10,False
run.fixture.fixed.302,302,fixed,fixture,edge.market,345,0.6495,0,False,15,False
run.fixture.fixed.302,302,fixed,fixture,edge.market,350,0.667,0,False,20,False
run.fixture.fixed.302,302,fixed,fixture,edge.market,355,0.6845,0,False,25,False
run.fixture.fixed.302,302,fixed,fixture,edge.market,360,0.702,100,True,0,True
run.fixture.fixed.302,302,fixed,fixture,edge.market,365,0.7195,100,True,5,True
run.fixture.fixed.302,302,fixed,fixture,edge.market,370,0.737,100,True,10,True
run.fixture.fixed.302,302,fixed,fixture,edge.market,375,0.7545,100,True,15,True
run.fixture.fixed.302,302,fixed,fixture,edge.market,380,0.772,100,True,20,True
run.fixture.fixed.302,302,fixed,fixture,edge.market,385,0.7895,100,True,25,True
run.fixture.fixed.302,302,fixed,fixture,edge.market,390,0.8069999999999999,100,False,0,True
run.fixture.fixed.302,302,fixed,fixture,edge.market,395,0.8245,100,False,5,True
run.fixture.fixed.302,302,fixed,fixture,edge.market,400,0.842,100,False,10,True
run.fixture.fixed.302,302,fixed,fixture,edge.market,405,0.8595,100,False,15,True
run.fixture.fixed.302,302,fixed,fixture,edge.market,410,0.877,100,False,20,True
run.fixture.fixed.302,302,fixed,fixture,edge.market,415,0.8945,100,False,25,True
run.fixture.fixed.302,302,fixed,fixture,edge.market,420,0.9,100,True,0,True
run.fixture.fixed.302,302,fixed,fixture,edge.market,425,0.9,100,True,5,True
run.fixture.fixed.302,302,fixed,fixture,edge.market,430,0.9,100,True,10,True
run.fixture.fixed.302,302,fixed,fixture,edge.market,435,0.9,100,True,15,True
run.fixture.fixed.302,302,fixed,fixture,edge.market,440,0.9,100,True,20,True
run.fixture.fixed.302,302,fixed,fixture,edge.market,445,0.9,100,True,25,True
run.fixture.fixed.302,302,fixed,fixture,edge.market,450,0.9,100,False,0,True
run.fixture.fixed.302,302,fixed,fixture,edge.market,455,0.9,100,False,5,True
run.fixture.fixed.302,302,fixed,fixture,edge.market,460,0.9,100,False,10,True
run.fixture.fixed.302,302,fixed,fixture,edge.market,465,0.9,100,False,15,True
run.fixture.fixed.302,302,fixed,fixture,edge.market,470,0.884,100,False,20,True
run.fixture.fixed.302,302,fixed,fixture,edge.market,475,0.844,100,False,25,True
run.fixture.fixed.302,302,fixed,fixture,edge.market,480,0.804,100,True,0,True
run.fixture.fixed.302,302,fixed,fixture,edge.market,485,0.764,100,True,5,True
run.fixture.fixed.302,302,fixed,fixture,edge.market,490,0.724,100,True,10,True
run.fixture.fixed.302,302,fixed,fixture,edge.market,495,0.684,0,True,15,False
run.fixture.fixed.302,302,fixed,fixture,edge.market,500,0.644,0,True,20,False
run.fixture.fixed.302,302,fixed,fixture,edge.market,505,0.6040000000000001,0,True,25,False
run.fixture.fixed.302,302,fixed,fixture,edge.market,510,0.5640000000000001,0,False,0,False
run.fixture.fixed.302,302,fixed,fixture,edge.market,515,0.524,0,False,5,False
run.fixture.fixed.302,302,fixed,fixture,edge.market,520,0.484,0,False,10,False
run.fixture.fixed.302,302,fixed,fixture,edge.market,525,0.444,0,False,15,False
run.fixture.fixed.302,302,fixed,fixture,edge.market,530,0.404,0,False,20,False
run.fixture.fixed.302,302,fixed,fixture,edge.market,535,0.364,0,False,25,False
run.fixture.fixed.302,302,fixed,fixture,edge.market,540,0.32399999999999995,0,True,0,False
run.fixture.fixed.302,302,fixed,fixture,edge.market,545,0.28400000000000003,0,True,5,False
run.fixture.fixed.302,302,fixed,fixture,edge.market,550,0.244,0,True,10,False
run.fixture.fixed.302,302,fixed,fixture,edge.market,555,0.20399999999999996,0,True,15,False
run.fixture.fixed.302,302,fixed,fixture,edge.market,560,0.16400000000000003,0,True,20,False
run.fixture.fixed.302,302,fixed,fixture,edge.market,565,0.124,0,True,25,False
run.fixture.fixed.302,302,fixed,fixture,edge.market,570,0.1,0,False,0,False
run.fixture.fixed.302,302,fixed,fixture,edge.market,575,0.1,0,False,5,False
run.fixture.fixed.302,302,fixed,fixture,edge.market,580,0.1,0,False,10,False
run.fixture.fixed.302,302,fixed,fixture,edge.market,585,0.1,0,False,15,False
run.fixture.fixed.302,302,fixed,fixture,edge.market,590,0.1,0,False,20,False
run.fixture.fixed.302,302,fixed,fixture,edge.market,595,0.1,0,False,25,False
run.fixture.fixed.302,302,fixed,fixture,edge.market,600,0.1,0,True,0,False
run.fixture.fixed.302,302,fixed,fixture,edge.market,605,0.1,0,True,5,False
run.fixture.fixed.302,302,fixed,fixture,edge.market,610,0.1,0,True,10,False
run.fixture.fixed.302,302,fixed,fixture,edge.market,615,0.1,0,True,15,False
run.fixture.fixed.302,302,fixed,fixture,edge.market,620,0.1,0,True,20,False
run.fixture.fixed.302,302,fixed,fixture,edge.market,625,0.1,0,True,25,False
run.fixture.fixed.302,302,fixed,fixture,edge.market,630,0.1,0,False,0,False
run.fixture.fixed.302,302,fixed,fixture,edge.market,635,0.1,0,False,5,False
run.fixture.fixed.302,302,fixed,fixture,edge.market,640,0.1,0,False,10,False
run.fixture.fixed.302,302,fixed,fixture,edge.market,645,0.1,0,False,15,False
run.fixture.fixed.302,302,fixed,fixture,edge.market,650,0.1,0,False,20,False
run.fixture.fixed.302,302,fixed,fixture,edge.market,655,0.1,0,False,25,False
run.fixture.fixed.302,302,fixed,fixture,edge.market,660,0.1,0,True,0,False
run.fixture.fixed.302,302,fixed,fixture,edge.market,665,0.1,0,True,5,False
run.fixture.fixed.302,302,fixed,fixture,edge.market,670,0.1,0,True,10,False
run.fixture.fixed.302,302,fixed,fixture,edge.market,675,0.1,0,True,15,False
run.fixture.fixed.302,302,fixed,fixture,edge.market,680,0.1,0,True,20,False
run.fixture.fixed.302,302,fixed,fixture,edge.market,685,0.1,0,True,25,False
run.fixture.fixed.302,302,fixed,fixture,edge.market,690,0.1,0,False,0,False
run.fixture.fixed.302,302,fixed,fixture,edge.market,695,0.1,0,False,5,False
run.fixture.fixed.302,302,fixed,fixture,edge.market,700,0.1,0,False,10,False
run.fixture.fixed.302,302,fixed,fixture,edge.market,705,0.1,0,False,15,False
run.fixture.fixed.302,302,fixed,fixture,edge.market,710,0.1,0,False,20,False
run.fixture.fixed.302,302,fixed,fixture,edge.market,715,0.1,0,False,25,False
run.fixture.fixed.302,302,fixed,fixture,edge.market,720,0.1,0,True,0,False
run.fixture.fixed.302,302,fixed,fixture,edge.market,725,0.1,0,True,5,False
run.fixture.fixed.302,302,fixed,fixture,edge.market,730,0.1,0,True,10,False
run.fixture.fixed.302,302,fixed,fixture,edge.market,735,0.1,0,True,15,False
run.fixture.fixed.302,302,fixed,fixture,edge.market,740,0.1,0,True,20,False
run.fixture.fixed.302,302,fixed,fixture,edge.market,745,0.1,0,True,25,False
run.fixture.fixed.302,302,fixed,fixture,edge.market,750,0.1,0,False,0,False
run.fixture.fixed.302,302,fixed,fixture,edge.market,755,0.1,0,False,5,False
run.fixture.fixed.302,302,fixed,fixture,edge.market,760,0.1,0,False,10,False
run.fixture.fixed.302,302,fixed,fixture,edge.market,765,0.1,0,False,15,False
run.fixture.fixed.302,302,fixed,fixture,edge.market,770,0.1,0,False,20,False
run.fixture.fixed.302,302,fixed,fixture,edge.market,775,0.1,0,False,25,False
run.fixture.fixed.302,302,fixed,fixture,edge.market,780,0.1,0,True,0,False
run.fixture.fixed.302,302,fixed,fixture,edge.market,785,0.1,0,True,5,False
run.fixture.fixed.302,302,fixed,fixture,edge.market,790,0.1,0,True,10,False
run.fixture.fixed.302,302,fixed,fixture,edge.market,795,0.1,0,True,15,False
run.fixture.fixed.302,302,fixed,fixture,edge.market,800,0.1,0,True,20,False
run.fixture.fixed.302,302,fixed,fixture,edge.market,805,0.1,0,True,25,False
run.fixture.fixed.302,302,fixed,fixture,edge.market,810,0.1,0,False,0,False
run.fixture.fixed.302,302,fixed,fixture,edge.market,815,0.1,0,False,5,False
run.fixture.fixed.302,302,fixed,fixture,edge.market,820,0.1,0,False,10,False
run.fixture.fixed.302,302,fixed,fixture,edge.market,825,0.1,0,False,15,False
run.fixture.fixed.302,302,fixed,fixture,edge.market,830,0.1,0,False,20,False
run.fixture.fixed.302,302,fixed,fixture,edge.market,835,0.1,0,False,25,False
run.fixture.fixed.302,302,fixed,fixture,edge.market,840,0.1,0,True,0,False
run.fixture.fixed.302,302,fixed,fixture,edge.market,845,0.1,0,True,5,False
run.fixture.fixed.302,302,fixed,fixture,edge.market,850,0.1,0,True,10,False
run.fixture.fixed.302,302,fixed,fixture,edge.market,855,0.1,0,True,15,False
run.fixture.fixed.302,302,fixed,fixture,edge.market,860,0.1,0,True,20,False
run.fixture.fixed.302,302,fixed,fixture,edge.market,865,0.1,0,True,25,False
run.fixture.fixed.302,302,fixed,fixture,edge.market,870,0.1,0,False,0,False
run.fixture.fixed.302,302,fixed,fixture,edge.market,875,0.1,0,False,5,False
run.fixture.fixed.302,302,fixed,fixture,edge.market,880,0.1,0,False,10,False
run.fixture.fixed.302,302,fixed,fixture,edge.market,885,0.1,0,False,15,False
run.fixture.fixed.302,302,fixed,fixture,edge.market,890,0.1,0,False,20,False
run.fixture.fixed.302,302,fixed,fixture,edge.market,895,0.1,0,False,25,False
run.fixture.fixed.302,302,fixed,fixture,edge.market,900,0.1,0,True,0,False
run.fixture.fixed.303,303,fixed,fixture,edge.market,0,0.1,0,True,0,False
run.fixture.fixed.303,303,fixed,fixture,edge.market,5,0.1,0,True,5,False
run.fixture.fixed.303,303,fixed,fixture,edge.market,10,0.1,0,True,10,False
run.fixture.fixed.303,303,fixed,fixture,edge.market,15,0.1,0,True,15,False
run.fixture.fixed.303,303,fixed,fixture,edge.market,20,0.1,0,True,20,False
run.fixture.fixed.303,303,fixed,fixture,edge.market,25,0.1,0,True,25,False
run.fixture.fixed.303,303,fixed,fixture,edge.market,30,0.1,0,False,0,False
run.fixture.fixed.303,303,fixed,fixture,edge.market,35,0.1,0,False,5,False
run.fixture.fixed.303,303,fixed,fixture,edge.market,40,0.1,0,False,10,False
run.fixture.fixed.303,303,fixed,fixture,edge.market,45,0.1,0,False,15,False
run.fixture.fixed.303,303,fixed,fixture,edge.market,50,0.1,0,False,20,False
run.fixture.fixed.303,303,fixed,fixture,edge.market,55,0.1,0,False,25,False
run.fixture.fixed.303,303,fixed,fixture,edge.market,60,0.1,0,True,0,False
run.fixture.fixed.303,303,fixed,fixture,edge.market,65,0.1,0,True,5,False
run.fixture.fixed.303,303,fixed,fixture,edge.market,70,0.1,0,True,10,False
run.fixture.fixed.303,303,fixed,fixture,edge.market,75,0.1,0,True,15,False
run.fixture.fixed.303,303,fixed,fixture,edge.market,80,0.1,0,True,20,False
run.fixture.fixed.303,303,fixed,fixture,edge.market,85,0.1,0,True,25,False
run.fixture.fixed.303,303,fixed,fixture,edge.market,90,0.1,0,False,0,False
run.fixture.fixed.303,303,fixed,fixture,edge.market,95,0.1,0,False,5,False
run.fixture.fixed.303,303,fixed,fixture,edge.market,100,0.1,0,False,10,False
run.fixture.fixed.303,303,fixed,fixture,edge.market,105,0.1,0,False,15,False
run.fixture.fixed.303,303,fixed,fixture,edge.market,110,0.1,0,False,20,False
run.fixture.fixed.303,303,fixed,fixture,edge.market,115,0.1,0,False,25,False
run.fixture.fixed.303,303,fixed,fixture,edge.market,120,0.1,0,True,0,False
run.fixture.fixed.303,303,fixed,fixture,edge.market,125,0.1,0,True,5,False
run.fixture.fixed.303,303,fixed,fixture,edge.market,130,0.1,0,True,10,False
run.fixture.fixed.303,303,fixed,fixture,edge.market,135,0.1,0,True,15,False
run.fixture.fixed.303,303,fixed,fixture,edge.market,140,0.1,0,True,20,False
run.fixture.fixed.303,303,fixed,fixture,edge.market,145,0.1,0,True,25,False
run.fixture.fixed.303,303,fixed,fixture,edge.market,150,0.1,0,False,0,False
run.fixture.fixed.303,303,fixed,fixture,edge.market,155,0.1,0,False,5,False
run.fixture.fixed.303,303,fixed,fixture,edge.market,160,0.1,0,False,10,False
run.fixture.fixed.303,303,fixed,fixture,edge.market,165,0.10350000000000001,0,False,15,False
run.fixture.fixed.303,303,fixed,fixture,edge.market,170,0.12100000000000001,0,False,20,False
run.fixture.fixed.303,303,fixed,fixture,edge.market,175,0.1385,0,False,25,False
run.fixture.fixed.303,303,fixed,fixture,edge.market,180,0.156,0,True,0,False
run.fixture.fixed.303,303,fixed,fixture,edge.market,185,0.1735,0,True,5,False
run.fixture.fixed.303,303,fixed,fixture,edge.market,190,0.191,0,True,10,False
run.fixture.fixed.303,303,fixed,fixture,edge.market,195,0.20850000000000002,0,True,15,False
run.fixture.fixed.303,303,fixed,fixture,edge.market,200,0.226,0,True,20,False
run.fixture.fixed.303,303,fixed,fixture,edge.market,205,0.24350000000000002,0,True,25,False
run.fixture.fixed.303,303,fixed,fixture,edge.market,210,0.261,0,False,0,False
run.fixture.fixed.303,303,fixed,fixture,edge.market,215,0.27849999999999997,0,False,5,False
run.fixture.fixed.303,303,fixed,fixture,edge.market,220,0.29600000000000004,0,False,10,False
run.fixture.fixed.303,303,fixed,fixture,edge.market,225,0.3135,0,False,15,False
run.fixture.fixed.303,303,fixed,fixture,edge.market,230,0.331,0,False,20,False
run.fixture.fixed.303,303,fixed,fixture,edge.market,235,0.34850000000000003,0,False,25,False
run.fixture.fixed.303,303,fixed,fixture,edge.market,240,0.366,0,True,0,False
run.fixture.fixed.303,303,fixed,fixture,edge.market,245,0.38350000000000006,0,True,5,False
run.fixture.fixed.303,303,fixed,fixture,edge.market,250,0.401,0,True,10,False
run.fixture.fixed.303,303,fixed,fixture,edge.market,255,0.4185,0,True,15,False
run.fixture.fixed.303,303,fixed,fixture,edge.market,260,0.43600000000000005,0,True,20,False
run.fixture.fixed.303,303,fixed,fixture,edge.market,265,0.4535,0,True,25,False
run.fixture.fixed.303,303,fixed,fixture,edge.market,270,0.471,0,False,0,False
run.fixture.fixed.303,303,fixed,fixture,edge.market,275,0.48850000000000005,0,False,5,False
run.fixture.fixed.303,303,fixed,fixture,edge.market,280,0.506,0,False,10,False
run.fixture.fixed.303,303,fixed,fixture,edge.market,285,0.5235,0,False,15,False
run.fixture.fixed.303,303,fixed,fixture,edge.market,290,0.541,0,False,20,False
run.fixture.fixed.303,303,fixed,fixture,edge.market,295,0.5585,0,False,25,False
run.fixture.fixed.303,303,fixed,fixture,edge.market,300,0.5760000000000001,0,True,0,False
run.fixture.fixed.303,303,fixed,fixture,edge.market,305,0.5935,0,True,5,False
run.fixture.fixed.303,303,fixed,fixture,edge.market,310,0.611,0,True,10,False
run.fixture.fixed.303,303,fixed,fixture,edge.market,315,0.6285,0,True,15,False
run.fixture.fixed.303,303,fixed,fixture,edge.market,320,0.646,0,True,20,False
run.fixture.fixed.303,303,fixed,fixture,edge.market,325,0.6635,0,True,25,False
run.fixture.fixed.303,303,fixed,fixture,edge.market,330,0.6809999999999999,0,False,0,False
run.fixture.fixed.303,303,fixed,fixture,edge.market,335,0.6985,0,False,5,False
run.fixture.fixed.303,303,fixed,fixture,edge.market,340,0.716,100,False,10,True
run.fixture.fixed.303,303,fixed,fixture,edge.market,345,0.7335,100,False,15,True
run.fixture.fixed.303,303,fixed,fixture,edge.market,350,0.751,100,False,20,True
run.fixture.fixed.303,303,fixed,fixture,edge.market,355,0.7685,100,False,25,True
run.fixture.fixed.303,303,fixed,fixture,edge.market,360,0.786,100,True,0,True
run.fixture.fixed.303,303,fixed,fixture,edge.market,365,0.8035,100,True,5,True
run.fixture.fixed.303,303,fixed,fixture,edge.market,370,0.821,100,True,10,True
run.fixture.fixed.303,303,fixed,fixture,edge.market,375,0.8385,100,True,15,True
run.fixture.fixed.303,303,fixed,fixture,edge.market,380,0.856,100,True,20,True
run.fixture.fixed.303,303,fixed,fixture,edge.market,385,0.8734999999999999,100,True,25,True
run.fixture.fixed.303,303,fixed,fixture,edge.market,390,0.891,100,False,0,True
run.fixture.fixed.303,303,fixed,fixture,edge.market,395,0.9,100,False,5,True
run.fixture.fixed.303,303,fixed,fixture,edge.market,400,0.9,100,False,10,True
run.fixture.fixed.303,303,fixed,fixture,edge.market,405,0.868,100,False,15,True
run.fixture.fixed.303,303,fixed,fixture,edge.market,410,0.8280000000000001,100,False,20,True
run.fixture.fixed.303,303,fixed,fixture,edge.market,415,0.788,100,False,25,True
run.fixture.fixed.303,303,fixed,fixture,edge.market,420,0.748,100,True,0,True
run.fixture.fixed.303,303,fixed,fixture,edge.market,425,0.708,100,True,5,True
run.fixture.fixed.303,303,fixed,fixture,edge.market,430,0.668,0,True,10,False
run.fixture.fixed.303,303,fixed,fixture,edge.market,435,0.628,0,True,15,False
run.fixture.fixed.303,303,fixed,fixture,edge.market,440,0.5880000000000001,0,True,20,False
run.fixture.fixed.303,303,fixed,fixture,edge.market,445,0.548,0,True,25,False
run.fixture.fixed.303,303,fixed,fixture,edge.market,450,0.508,0,False,0,False
run.fixture.fixed.303,303,fixed,fixture,edge.market,455,0.468,0,False,5,False
run.fixture.fixed.303,303,fixed,fixture,edge.market,460,0.428,0,False,10,False
run.fixture.fixed.303,303,fixed,fixture,edge.market,465,0.388,0,False,15,False
run.fixture.fixed.303,303,fixed,fixture,edge.market,470,0.348,0,False,20,False
run.fixture.fixed.303,303,fixed,fixture,edge.market,475,0.30800000000000005,0,False,25,False
run.fixture.fixed.303,303,fixed,fixture,edge.market,480,0.268,0,True,0,False
run.fixture.fixed.303,303,fixed,fixture,edge.market,485,0.22799999999999998,0,True,5,False
run.fixture.fixed.303,303,fixed,fixture,edge.market,490,0.18800000000000006,0,True,10,False
run.fixture.fixed.303,303,fixed,fixture,edge.market,495,0.14800000000000002,0,True,15,False
run.fixture.fixed.303,303,fixed,fixture,edge.market,500,0.10799999999999998,0,True,20,False
run.fixture.fixed.303,303,fixed,fixture,edge.market,505,0.1,0,True,25,False
run.fixture.fixed.303,303,fixed,fixture,edge.market,510,0.1,0,False,0,False
run.fixture.fixed.303,303,fixed,fixture,edge.market,515,0.1,0,False,5,False
run.fixture.fixed.303,303,fixed,fixture,edge.market,520,0.1,0,False,10,False
run.fixture.fixed.303,303,fixed,fixture,edge.market,525,0.1,0,False,15,False
run.fixture.fixed.303,303,fixed,fixture,edge.market,530,0.1,0,False,20,False
run.fixture.fixed.303,303,fixed,fixture,edge.market,535,0.1,0,False,25,False
run.fixture.fixed.303,303,fixed,fixture,edge.market,540,0.1,0,True,0,False
run.fixture.fixed.303,303,fixed,fixture,edge.market,545,0.1,0,True,5,False
run.fixture.fixed.303,303,fixed,fixture,edge.market,550,0.1,0,True,10,False
run.fixture.fixed.303,303,fixed,fixture,edge.market,555,0.1,0,True,15,False
run.fixture.fixed.303,303,fixed,fixture,edge.market,560,0.1,0,True,20,False
run.fixture.fixed.303,303,fixed,fixture,edge.market,565,0.1,0,True,25,False
run.fixture.fixed.303,303,fixed,fixture,edge.market,570,0.1,0,False,0,False
run.fixture.fixed.303,303,fixed,fixture,edge.market,575,0.1,0,False,5,False
run.fixture.fixed.303,303,fixed,fixture,edge.market,580,0.1,0,False,10,False
run.fixture.fixed.303,303,fixed,fixture,edge.market,585,0.1,0,False,15,False
run.fixture.fixed.303,303,fixed,fixture,edge.market,590,0.1,0,False,20,False
run.fixture.fixed.303,303,fixed,fixture,edge.market,595,0.1,0,False,25,False
run.fixture.fixed.303,303,fixed,fixture,edge.market,600,0.1,0,True,0,False
run.fixture.fixed.303,303,fixed,fixture,edge.market,605,0.1,0,True,5,False
run.fixture.fixed.303,303,fixed,fixture,edge.market,610,0.1,0,True,10,False
run.fixture.fixed.303,303,fixed,fixture,edge.market,615,0.1,0,True,15,False
run.fixture.fixed.303,303,fixed,fixture,edge.market,620,0.1,0,True,20,False
run.fixture.fixed.303,303,fixed,fixture,edge.market,625,0.1,0,True,25,False
run.fixture.fixed.303,303,fixed,fixture,edge.market,630,0.1,0,False,0,False
run.fixture.fixed.303,303,fixed,fixture,edge.market,635,0.1,0,False,5,False
run.fixture.fixed.303,303,fixed,fixture,edge.market,640,0.1,0,False,10,False
run.fixture.fixed.303,303,fixed,fixture,edge.market,645,0.1,0,False,15,False
run.fixture.fixed.303,303,fixed,fixture,edge.market,650,0.1,0,False,20,False
run.fixture.fixed.303,303,fixed,fixture,edge.market,655,0.1,0,False,25,False
run.fixture.fixed.303,303,fixed,fixture,edge.market,660,0.1,0,True,0,False
run.fixture.fixed.303,303,fixed,fixture,edge.market,665,0.1,0,True,5,False
run.fixture.fixed.303,303,fixed,fixture,edge.market,670,0.1,0,True,10,False
run.fixture.fixed.303,303,fixed,fixture,edge.market,675,0.1,0,True,15,False
run.fixture.fixed.303,303,fixed,fixture,edge.market,680,0.1,0,True,20,False
run.fixture.fixed.303,303,fixed,fixture,edge.market,685,0.1,0,True,25,False
run.fixture.fixed.303,303,fixed,fixture,edge.market,690,0.1,0,False,0,False
run.fixture.fixed.303,303,fixed,fixture,edge.market,695,0.1,0,False,5,False
run.fixture.fixed.303,303,fixed,fixture,edge.market,700,0.1,0,False,10,False
run.fixture.fixed.303,303,fixed,fixture,edge.market,705,0.1,0,False,15,False
run.fixture.fixed.303,303,fixed,fixture,edge.market,710,0.1,0,False,20,False
run.fixture.fixed.303,303,fixed,fixture,edge.market,715,0.1,0,False,25,False
run.fixture.fixed.303,303,fixed,fixture,edge.market,720,0.1,0,True,0,False
run.fixture.fixed.303,303,fixed,fixture,edge.market,725,0.1,0,True,5,False
run.fixture.fixed.303,303,fixed,fixture,edge.market,730,0.1,0,True,10,False
run.fixture.fixed.303,303,fixed,fixture,edge.market,735,0.1,0,True,15,False
run.fixture.fixed.303,303,fixed,fixture,edge.market,740,0.1,0,True,20,False
run.fixture.fixed.303,303,fixed,fixture,edge.market,745,0.1,0,True,25,False
run.fixture.fixed.303,303,fixed,fixture,edge.market,750,0.1,0,False,0,False
run.fixture.fixed.303,303,fixed,fixture,edge.market,755,0.1,0,False,5,False
run.fixture.fixed.303,303,fixed,fixture,edge.market,760,0.1,0,False,10,False
run.fixture.fixed.303,303,fixed,fixture,edge.market,765,0.1,0,False,15,False
run.fixture.fixed.303,303,fixed,fixture,edge.market,770,0.1,0,False,20,False
run.fixture.fixed.303,303,fixed,fixture,edge.market,775,0.1,0,False,25,False
run.fixture.fixed.303,303,fixed,fixture,edge.market,780,0.1,0,True,0,False
run.fixture.fixed.303,303,fixed,fixture,edge.market,785,0.1,0,True,5,False
run.fixture.fixed.303,303,fixed,fixture,edge.market,790,0.1,0,True,10,False
run.fixture.fixed.303,303,fixed,fixture,edge.market,795,0.1,0,True,15,False
run.fixture.fixed.303,303,fixed,fixture,edge.market,800,0.1,0,True,20,False
run.fixture.fixed.303,303,fixed,fixture,edge.market,805,0.1,0,True,25,False
run.fixture.fixed.303,303,fixed,fixture,edge.market,810,0.1,0,False,0,False
run.fixture.fixed.303,303,fixed,fixture,edge.market,815,0.1,0,False,5,False
run.fixture.fixed.303,303,fixed,fixture,edge.market,820,0.1,0,False,10,False
run.fixture.fixed.303,303,fixed,fixture,edge.market,825,0.1,0,False,15,False
run.fixture.fixed.303,303,fixed,fixture,edge.market,830,0.1,0,False,20,False
run.fixture.fixed.303,303,fixed,fixture,edge.market,835,0.1,0,False,25,False
run.fixture.fixed.303,303,fixed,fixture,edge.market,840,0.1,0,True,0,False
run.fixture.fixed.303,303,fixed,fixture,edge.market,845,0.1,0,True,5,False
run.fixture.fixed.303,303,fixed,fixture,edge.market,850,0.1,0,True,10,False
run.fixture.fixed.303,303,fixed,fixture,edge.market,855,0.1,0,True,15,False
run.fixture.fixed.303,303,fixed,fixture,edge.market,860,0.1,0,True,20,False
run.fixture.fixed.303,303,fixed,fixture,edge.market,865,0.1,0,True,25,False
run.fixture.fixed.303,303,fixed,fixture,edge.market,870,0.1,0,False,0,False
run.fixture.fixed.303,303,fixed,fixture,edge.market,875,0.1,0,False,5,False
run.fixture.fixed.303,303,fixed,fixture,edge.market,880,0.1,0,False,10,False
run.fixture.fixed.303,303,fixed,fixture,edge.market,885,0.1,0,False,15,False
run.fixture.fixed.303,303,fixed,fixture,edge.market,890,0.1,0,False,20,False
run.fixture.fixed.303,303,fixed,fixture,edge.market,895,0.1,0,False,25,False
run.fixture.fixed.303,303,fixed,fixture,edge.market,900,0.1,0,True,0,False
run.fixture.fixed.304,304,fixed,fixture,edge.market,0,0.1,0,True,0,False
run.fixture.fixed.304,304,fixed,fixture,edge.market,5,0.1,0,True,5,False
run.fixture.fixed.304,304,fixed,fixture,edge.market,10,0.1,0,True,10,False
run.fixture.fixed.304,304,fixed,fixture,edge.market,15,0.1,0,True,15,False
run.fixture.fixed.304,304,fixed,fixture,edge.market,20,0.1,0,True,20,False
run.fixture.fixed.304,304,fixed,fixture,edge.market,25,0.1,0,True,25,False
run.fixture.fixed.304,304,fixed,fixture,edge.market,30,0.1,0,False,0,False
run.fixture.fixed.304,304,fixed,fixture,edge.market,35,0.1,0,False,5,False
run.fixture.fixed.304,304,fixed,fixture,edge.market,40,0.1,0,False,10,False
run.fixture.fixed.304,304,fixed,fixture,edge.market,45,0.1,0,False,15,False
run.fixture.fixed.304,304,fixed,fixture,edge.market,50,0.1,0,False,20,False
run.fixture.fixed.304,304,fixed,fixture,edge.market,55,0.1,0,False,25,False
run.fixture.fixed.304,304,fixed,fixture,edge.market,60,0.1,0,True,0,False
run.fixture.fixed.304,304,fixed,fixture,edge.market,65,0.1,0,True,5,False
run.fixture.fixed.304,304,fixed,fixture,edge.market,70,0.1,0,True,10,False
run.fixture.fixed.304,304,fixed,fixture,edge.market,75,0.1,0,True,15,False
run.fixture.fixed.304,304,fixed,fixture,edge.market,80,0.1,0,True,20,False
run.fixture.fixed.304,304,fixed,fixture,edge.market,85,0.1,0,True,25,False
run.fixture.fixed.304,304,fixed,fixture,edge.market,90,0.1,0,False,0,False
run.fixture.fixed.304,304,fixed,fixture,edge.market,95,0.1,0,False,5,False
run.fixture.fixed.304,304,fixed,fixture,edge.market,100,0.1,0,False,10,False
run.fixture.fixed.304,304,fixed,fixture,edge.market,105,0.1,0,False,15,False
run.fixture.fixed.304,304,fixed,fixture,edge.market,110,0.1,0,False,20,False
run.fixture.fixed.304,304,fixed,fixture,edge.market,115,0.1,0,False,25,False
run.fixture.fixed.304,304,fixed,fixture,edge.market,120,0.1,0,True,0,False
run.fixture.fixed.304,304,fixed,fixture,edge.market,125,0.1,0,True,5,False
run.fixture.fixed.304,304,fixed,fixture,edge.market,130,0.1,0,True,10,False
run.fixture.fixed.304,304,fixed,fixture,edge.market,135,0.1,0,True,15,False
run.fixture.fixed.304,304,fixed,fixture,edge.market,140,0.1,0,True,20,False
run.fixture.fixed.304,304,fixed,fixture,edge.market,145,0.1,0,True,25,False
run.fixture.fixed.304,304,fixed,fixture,edge.market,150,0.1,0,False,0,False
run.fixture.fixed.304,304,fixed,fixture,edge.market,155,0.1,0,False,5,False
run.fixture.fixed.304,304,fixed,fixture,edge.market,160,0.1,0,False,10,False
run.fixture.fixed.304,304,fixed,fixture,edge.market,165,0.1,0,False,15,False
run.fixture.fixed.304,304,fixed,fixture,edge.market,170,0.1,0,False,20,False
run.fixture.fixed.304,304,fixed,fixture,edge.market,175,0.1,0,False,25,False
run.fixture.fixed.304,304,fixed,fixture,edge.market,180,0.1,0,True,0,False
run.fixture.fixed.304,304,fixed,fixture,edge.market,185,0.1,0,True,5,False
run.fixture.fixed.304,304,fixed,fixture,edge.market,190,0.11750000000000001,0,True,10,False
run.fixture.fixed.304,304,fixed,fixture,edge.market,195,0.135,0,True,15,False
run.fixture.fixed.304,304,fixed,fixture,edge.market,200,0.1525,0,True,20,False
run.fixture.fixed.304,304,fixed,fixture,edge.market,205,0.17,0,True,25,False
run.fixture.fixed.304,304,fixed,fixture,edge.market,210,0.1875,0,False,0,False
run.fixture.fixed.304,304,fixed,fixture,edge.market,215,0.20500000000000002,0,False,5,False
run.fixture.fixed.304,304,fixed,fixture,edge.market,220,0.2225,0,False,10,False
run.fixture.fixed.304,304,fixed,fixture,edge.market,225,0.24000000000000002,0,False,15,False
run.fixture.fixed.304,304,fixed,fixture,edge.market,230,0.2575,0,False,20,False
run.fixture.fixed.304,304,fixed,fixture,edge.market,235,0.275,0,False,25,False
run.fixture.fixed.304,304,fixed,fixture,edge.market,240,0.2925,0,True,0,False
run.fixture.fixed.304,304,fixed,fixture,edge.market,245,0.31,0,True,5,False
run.fixture.fixed.304,304,fixed,fixture,edge.market,250,0.3275,0,True,10,False
run.fixture.fixed.304,304,fixed,fixture,edge.market,255,0.345,0,True,15,False
run.fixture.fixed.304,304,fixed,fixture,edge.market,260,0.36250000000000004,0,True,20,False
run.fixture.fixed.304,304,fixed,fixture,edge.market,265,0.38,0,True,25,False
run.fixture.fixed.304,304,fixed,fixture,edge.market,270,0.39749999999999996,0,False,0,False
run.fixture.fixed.304,304,fixed,fixture,edge.market,275,0.41500000000000004,0,False,5,False
run.fixture.fixed.304,304,fixed,fixture,edge.market,280,0.4325,0,False,10,False
run.fixture.fixed.304,304,fixed,fixture,edge.market,285,0.45000000000000007,0,False,15,False
run.fixture.fixed.304,304,fixed,fixture,edge.market,290,0.4675,0,False,20,False
run.fixture.fixed.304,304,fixed,fixture,edge.market,295,0.485,0,False,25,False
run.fixture.fixed.304,304,fixed,fixture,edge.market,300,0.5025000000000001,0,True,0,False
run.fixture.fixed.304,304,fixed,fixture,edge.market,305,0.52,0,True,5,False
run.fixture.fixed.304,304,fixed,fixture,edge.market,310,0.5375,0,True,10,False
run.fixture.fixed.304,304,fixed,fixture,edge.market,315,0.555,0,True,15,False
run.fixture.fixed.304,304,fixed,fixture,edge.market,320,0.5725,0,True,20,False
run.fixture.fixed.304,304,fixed,fixture,edge.market,325,0.59,0,True,25,False
run.fixture.fixed.304,304,fixed,fixture,edge.market,330,0.6075,0,False,0,False
run.fixture.fixed.304,304,fixed,fixture,edge.market,335,0.625,0,False,5,False
run.fixture.fixed.304,304,fixed,fixture,edge.market,340,0.6425,0,False,10,False
run.fixture.fixed.304,304,fixed,fixture,edge.market,345,0.66,0,False,15,False
run.fixture.fixed.304,304,fixed,fixture,edge.market,350,0.6775,0,False,20,False
run.fixture.fixed.304,304,fixed,fixture,edge.market,355,0.695,0,False,25,False
run.fixture.fixed.304,304,fixed,fixture,edge.market,360,0.7125,100,True,0,True
run.fixture.fixed.304,304,fixed,fixture,edge.market,365,0.73,100,True,5,True
run.fixture.fixed.304,304,fixed,fixture,edge.market,370,0.7474999999999999,100,True,10,True
run.fixture.fixed.304,304,fixed,fixture,edge.market,375,0.765,100,True,15,True
run.fixture.fixed.304,304,fixed,fixture,edge.market,380,0.7825,100,True,20,True
run.fixture.fixed.304,304,fixed,fixture,edge.market,385,0.8,100,True,25,True
run.fixture.fixed.304,304,fixed,fixture,edge.market,390,0.8175,100,False,0,True
run.fixture.fixed.304,304,fixed,fixture,edge.market,395,0.835,100,False,5,True
run.fixture.fixed.304,304,fixed,fixture,edge.market,400,0.8525,100,False,10,True
run.fixture.fixed.304,304,fixed,fixture,edge.market,405,0.87,100,False,15,True
run.fixture.fixed.304,304,fixed,fixture,edge.market,410,0.8875,100,False,20,True
run.fixture.fixed.304,304,fixed,fixture,edge.market,415,0.9,100,False,25,True
run.fixture.fixed.304,304,fixed,fixture,edge.market,420,0.9,100,True,0,True
run.fixture.fixed.304,304,fixed,fixture,edge.market,425,0.9,100,True,5,True
run.fixture.fixed.304,304,fixed,fixture,edge.market,430,0.9,100,True,10,True
run.fixture.fixed.304,304,fixed,fixture,edge.market,435,0.9,100,True,15,True
run.fixture.fixed.304,304,fixed,fixture,edge.market,440,0.9,100,True,20,True
run.fixture.fixed.304,304,fixed,fixture,edge.market,445,0.9,100,True,25,True
run.fixture.fixed.304,304,fixed,fixture,edge.market,450,0.892,100,False,0,True
run.fixture.fixed.304,304,fixed,fixture,edge.market,455,0.852,100,False,5,True
run.fixture.fixed.304,304,fixed,fixture,edge.market,460,0.812,100,False,10,True
run.fixture.fixed.304,304,fixed,fixture,edge.market,465,0.772,100,False,15,True
run.fixture.fixed.304,304,fixed,fixture,edge.market,470,0.732,100,False,20,True
run.fixture.fixed.304,304,fixed,fixture,edge.market,475,0.692,0,False,25,False
run.fixture.fixed.304,304,fixed,fixture,edge.market,480,0.652,0,True,0,False
run.fixture.fixed.304,304,fixed,fixture,edge.market,485,0.612,0,True,5,False
run.fixture.fixed.304,304,fixed,fixture,edge.market,490,0.5720000000000001,0,True,10,False
run.fixture.fixed.304,304,fixed,fixture,edge.market,495,0.532,0,True,15,False
run.fixture.fixed.304,304,fixed,fixture,edge.market,500,0.492,0,True,20,False
run.fixture.fixed.304,304,fixed,fixture,edge.market,505,0.452,0,True,25,False
run.fixture.fixed.304,304,fixed,fixture,edge.market,510,0.41200000000000003,0,False,0,False
run.fixture.fixed.304,304,fixed,fixture,edge.market,515,0.372,0,False,5,False
run.fixture.fixed.304,304,fixed,fixture,edge.market,520,0.33199999999999996,0,False,10,False
run.fixture.fixed.304,304,fixed,fixture,edge.market,525,0.29200000000000004,0,False,15,False
run.fixture.fixed.304,304,fixed,fixture,edge.market,530,0.252,0,False,20,False
run.fixture.fixed.304,304,fixed,fixture,edge.market,535,0.21199999999999997,0,False,25,False
run.fixture.fixed.304,304,fixed,fixture,edge.market,540,0.17200000000000004,0,True,0,False
run.fixture.fixed.304,304,fixed,fixture,edge.market,545,0.132,0,True,5,False
run.fixture.fixed.304,304,fixed,fixture,edge.market,550,0.1,0,True,10,False
run.fixture.fixed.304,304,fixed,fixture,edge.market,555,0.1,0,True,15,False
run.fixture.fixed.304,304,fixed,fixture,edge.market,560,0.1,0,True,20,False
run.fixture.fixed.304,304,fixed,fixture,edge.market,565,0.1,0,True,25,False
run.fixture.fixed.304,304,fixed,fixture,edge.market,570,0.1,0,False,0,False
run.fixture.fixed.304,304,fixed,fixture,edge.market,575,0.1,0,False,5,False
run.fixture.fixed.304,304,fixed,fixture,edge.market,580,0.1,0,False,10,False
run.fixture.fixed.304,304,fixed,fixture,edge.market,585,0.1,0,False,15,False
run.fixture.fixed.304,304,fixed,fixture,edge.market,590,0.1,0,False,20,False
run.fixture.fixed.304,304,fixed,fixture,edge.market,595,0.1,0,False,25,False
run.fixture.fixed.304,304,fixed,fixture,edge.market,600,0.1,0,True,0,False
run.fixture.fixed.304,304,fixed,fixture,edge.market,605,0.1,0,True,5,False
run.fixture.fixed.304,304,fixed,fixture,edge.market,610,0.1,0,True,10,False
run.fixture.fixed.304,304,fixed,fixture,edge.market,615,0.1,0,True,15,False
run.fixture.fixed.304,304,fixed,fixture,edge.market,620,0.1,0,True,20,False
run.fixture.fixed.304,304,fixed,fixture,edge.market,625,0.1,0,True,25,False
run.fixture.fixed.304,304,fixed,fixture,edge.market,630,0.1,0,False,0,False
run.fixture.fixed.304,304,fixed,fixture,edge.market,635,0.1,0,False,5,False
run.fixture.fixed.304,304,fixed,fixture,edge.market,640,0.1,0,False,10,False
run.fixture.fixed.304,304,fixed,fixture,edge.market,645,0.1,0,False,15,False
run.fixture.fixed.304,304,fixed,fixture,edge.market,650,0.1,0,False,20,False
run.fixture.fixed.304,304,fixed,fixture,edge.market,655,0.1,0,False,25,False
run.fixture.fixed.304,304,fixed,fixture,edge.market,660,0.1,0,True,0,False
run.fixture.fixed.304,304,fixed,fixture,edge.market,665,0.1,0,True,5,False
run.fixture.fixed.304,304,fixed,fixture,edge.market,670,0.1,0,True,10,False
run.fixture.fixed.304,304,fixed,fixture,edge.market,675,0.1,0,True,15,False
run.fixture.fixed.304,304,fixed,fixture,edge.market,680,0.1,0,True,20,False
run.fixture.fixed.304,304,fixed,fixture,edge.market,685,0.1,0,True,25,False
run.fixture.fixed.304,304,fixed,fixture,edge.market,690,0.1,0,False,0,False
run.fixture.fixed.304,304,fixed,fixture,edge.market,695,0.1,0,False,5,False
run.fixture.fixed.304,304,fixed,fixture,edge.market,700,0.1,0,False,10,False
run.fixture.fixed.304,304,fixed,fixture,edge.market,705,0.1,0,False,15,False
run.fixture.fixed.304,304,fixed,fixture,edge.market,710,0.1,0,False,20,False
run.fixture.fixed.304,304,fixed,fixture,edge.market,715,0.1,0,False,25,False
run.fixture.fixed.304,304,fixed,fixture,edge.market,720,0.1,0,True,0,False
run.fixture.fixed.304,304,fixed,fixture,edge.market,725,0.1,0,True,5,False
run.fixture.fixed.304,304,fixed,fixture,edge.market,730,0.1,0,True,10,False
run.fixture.fixed.304,304,fixed,fixture,edge.market,735,0.1,0,True,15,False
run.fixture.fixed.304,304,fixed,fixture,edge.market,740,0.1,0,True,20,False
run.fixture.fixed.304,304,fixed,fixture,edge.market,745,0.1,0,True,25,False
run.fixture.fixed.304,304,fixed,fixture,edge.market,750,0.1,0,False,0,False
run.fixture.fixed.304,304,fixed,fixture,edge.market,755,0.1,0,False,5,False
run.fixture.fixed.304,304,fixed,fixture,edge.market,760,0.1,0,False,10,False
run.fixture.fixed.304,304,fixed,fixture,edge.market,765,0.1,0,False,15,False
run.fixture.fixed.304,304,fixed,fixture,edge.market,770,0.1,0,False,20,False
run.fixture.fixed.304,304,fixed,fixture,edge.market,775,0.1,0,False,25,False
run.fixture.fixed.304,304,fixed,fixture,edge.market,780,0.1,0,True,0,False
run.fixture.fixed.304,304,fixed,fixture,edge.market,785,0.1,0,True,5,False
run.fixture.fixed.304,304,fixed,fixture,edge.market,790,0.1,0,True,10,False
run.fixture.fixed.304,304,fixed,fixture,edge.market,795,0.1,0,True,15,False
run.fixture.fixed.304,304,fixed,fixture,edge.market,800,0.1,0,True,20,False
run.fixture.fixed.304,304,fixed,fixture,edge.market,805,0.1,0,True,25,False
run.fixture.fixed.304,304,fixed,fixture,edge.market,810,0.1,0,False,0,False
run.fixture.fixed.304,304,fixed,fixture,edge.market,815,0.1,0,False,5,False
run.fixture.fixed.304,304,fixed,fixture,edge.market,820,0.1,0,False,10,False
run.fixture.fixed.304,304,fixed,fixture,edge.market,825,0.1,0,False,15,False
run.fixture.fixed.304,304,fixed,fixture,edge.market,830,0.1,0,False,20,False
run.fixture.fixed.304,304,fixed,fixture,edge.market,835,0.1,0,False,25,False
run.fixture.fixed.304,304,fixed,fixture,edge.market,840,0.1,0,True,0,False
run.fixture.fixed.304,304,fixed,fixture,edge.market,845,0.1,0,True,5,False
run.fixture.fixed.304,304,fixed,fixture,edge.market,850,0.1,0,True,10,False
run.fixture.fixed.304,304,fixed,fixture,edge.market,855,0.1,0,True,15,False
run.fixture.fixed.304,304,fixed,fixture,edge.market,860,0.1,0,True,20,False
run.fixture.fixed.304,304,fixed,fixture,edge.market,865,0.1,0,True,25,False
run.fixture.fixed.304,304,fixed,fixture,edge.market,870,0.1,0,False,0,False
run.fixture.fixed.304,304,fixed,fixture,edge.market,875,0.1,0,False,5,False
run.fixture.fixed.304,304,fixed,fixture,edge.market,880,0.1,0,False,10,False
run.fixture.fixed.304,304,fixed,fixture,edge.market,885,0.1,0,False,15,False
run.fixture.fixed.304,304,fixed,fixture,edge.market,890,0.1,0,False,20,False
run.fixture.fixed.304,304,fixed,fixture,edge.market,895,0.1,0,False,25,False
run.fixture.fixed.304,304,fixed,fixture,edge.market,900,0.1,0,True,0,False
